parameter,value,profit_action_1,profit_action_0,difference_1_minus_0
inspect_H1,0.0,64.66666666666669,58.866666666666674,5.800000000000011
inspect_H1,0.1,64.55555555555554,58.83655555555558,5.718999999999966
inspect_H1,0.2,64.44444444444446,58.80644444444445,5.638000000000005
inspect_H1,0.30000000000000004,64.33333333333331,58.776333333333355,5.5569999999999595
inspect_H1,0.4,64.22222222222223,58.74622222222223,5.475999999999999
inspect_H1,0.5,64.11111111111109,58.71611111111113,5.394999999999953
inspect_H1,0.6000000000000001,64.0,58.68600000000001,5.313999999999993
inspect_H1,0.7000000000000001,63.88888888888886,58.65588888888891,5.232999999999947
inspect_H1,0.8,63.77777777777777,58.625777777777785,5.151999999999987
inspect_H1,0.9,63.666666666666686,58.59566666666666,5.071000000000026
inspect_H1,1.0,63.55555555555554,58.56555555555556,4.989999999999981
inspect_H1,1.1,63.44444444444446,58.535444444444465,4.908999999999992
inspect_H1,1.2000000000000002,63.333333333333314,58.50533333333334,4.8279999999999745
inspect_H1,1.3,63.22222222222223,58.475222222222214,4.747000000000014
inspect_H1,1.4000000000000001,63.111111111111086,58.44511111111112,4.665999999999968
inspect_H1,1.5,63.0,58.41500000000002,4.5849999999999795
inspect_H1,1.6,62.88888888888886,58.384888888888895,4.503999999999962
inspect_H1,1.7000000000000002,62.77777777777777,58.3547777777778,4.422999999999973
inspect_H1,1.8,62.666666666666686,58.32466666666667,4.342000000000013
inspect_H1,1.9000000000000001,62.55555555555554,58.294555555555576,4.260999999999967
inspect_H1,2.0,62.44444444444446,58.26444444444445,4.180000000000007
inspect_H1,2.1,62.333333333333314,58.23433333333335,4.098999999999961
inspect_H1,2.2,62.22222222222223,58.20422222222223,4.018000000000001
inspect_H1,2.3000000000000003,62.111111111111086,58.17411111111113,3.936999999999955
inspect_H1,2.4000000000000004,62.0,58.144000000000005,3.8559999999999945
inspect_H1,2.5,61.88888888888886,58.11388888888891,3.774999999999949
inspect_H1,2.6,61.77777777777777,58.08377777777778,3.6939999999999884
inspect_H1,2.7,61.666666666666686,58.053666666666686,3.6129999999999995
inspect_H1,2.8000000000000003,61.55555555555554,58.02355555555556,3.5319999999999823
inspect_H1,2.9000000000000004,61.44444444444446,57.993444444444464,3.4509999999999934
inspect_H1,3.0,61.333333333333314,57.96333333333334,3.369999999999976
inspect_H1,3.1,61.22222222222223,57.93322222222224,3.2889999999999873
inspect_H1,3.2,61.111111111111086,57.903111111111116,3.20799999999997
inspect_H1,3.3000000000000003,61.0,57.87300000000002,3.126999999999981
inspect_H1,3.4000000000000004,60.888888888888914,57.84288888888889,3.0460000000000207
inspect_H1,3.5,60.77777777777777,57.8127777777778,2.964999999999975
inspect_H1,3.6,60.666666666666686,57.78266666666667,2.8840000000000146
inspect_H1,3.7,60.55555555555554,57.752555555555574,2.802999999999969
inspect_H1,3.8000000000000003,60.44444444444446,57.72244444444445,2.7220000000000084
inspect_H1,3.9000000000000004,60.333333333333314,57.69233333333335,2.6409999999999627
inspect_H1,4.0,60.22222222222223,57.662222222222226,2.5600000000000023
inspect_H1,4.1000000000000005,60.111111111111086,57.63211111111113,2.4789999999999566
inspect_H1,4.2,60.0,57.602000000000004,2.397999999999996
inspect_H1,4.3,59.888888888888914,57.57188888888891,2.3170000000000073
inspect_H1,4.4,59.77777777777777,57.54177777777778,2.23599999999999
inspect_H1,4.5,59.666666666666686,57.511666666666684,2.155000000000001
inspect_H1,4.6000000000000005,59.55555555555554,57.48155555555556,2.073999999999984
inspect_H1,4.7,59.44444444444446,57.45144444444446,1.992999999999995
inspect_H1,4.800000000000001,59.333333333333314,57.42133333333334,1.9119999999999777
inspect_H1,4.9,59.22222222222223,57.39122222222224,1.8309999999999889
inspect_H1,5.0,59.111111111111086,57.361111111111114,1.7499999999999716
inspect_H1,5.1000000000000005,59.0,57.33100000000002,1.6689999999999827
inspect_H1,5.2,58.88888888888886,57.30088888888889,1.5879999999999654
inspect_H1,5.300000000000001,58.77777777777777,57.270777777777795,1.5069999999999766
inspect_H1,5.4,58.666666666666686,57.24066666666667,1.4260000000000161
inspect_H1,5.5,58.55555555555554,57.21055555555557,1.3449999999999704
inspect_H1,5.6000000000000005,58.44444444444446,57.18044444444445,1.26400000000001
inspect_H1,5.7,58.333333333333314,57.15033333333335,1.1829999999999643
inspect_H1,5.800000000000001,58.22222222222223,57.120222222222225,1.1020000000000039
inspect_H1,5.9,58.111111111111086,57.09011111111113,1.0209999999999582
inspect_H1,6.0,58.0,57.06,0.9399999999999977
inspect_H1,6.1000000000000005,57.88888888888886,57.029888888888905,0.858999999999952
inspect_H1,6.2,57.77777777777777,56.99977777777778,0.7779999999999916
inspect_H1,6.300000000000001,57.666666666666686,56.96966666666668,0.6970000000000027
inspect_H1,6.4,57.55555555555554,56.93955555555556,0.6159999999999854
inspect_H1,6.5,57.44444444444446,56.90944444444446,0.5349999999999966
inspect_H1,6.6000000000000005,57.333333333333314,56.879333333333335,0.4539999999999793
inspect_H1,6.7,57.22222222222223,56.84922222222224,0.37299999999999045
inspect_H1,6.800000000000001,57.111111111111086,56.81911111111111,0.29199999999997317
inspect_H1,6.9,57.0,56.789000000000016,0.2109999999999843
inspect_H1,7.0,56.88888888888886,56.75888888888889,0.12999999999996703
inspect_H1,7.1000000000000005,56.77777777777777,56.72877777777779,0.04899999999997817
inspect_H1,7.160493827160494,56.71056241426612,56.71056241426612,0.0
inspect_H1,7.2,56.666666666666686,56.69866666666667,-0.031999999999982265
inspect_H1,7.300000000000001,56.55555555555554,56.66855555555557,-0.11300000000002797
inspect_H1,7.4,56.44444444444446,56.638444444444445,-0.1939999999999884
inspect_H1,7.5,56.333333333333314,56.60833333333335,-0.2750000000000341
inspect_H1,7.6000000000000005,56.22222222222223,56.57822222222222,-0.35599999999999454
inspect_H1,7.7,56.111111111111086,56.548111111111126,-0.43700000000004025
inspect_H1,7.800000000000001,56.0,56.518,-0.5180000000000007
inspect_H1,7.9,55.888888888888914,56.487888888888904,-0.5989999999999895
inspect_H1,8.0,55.77777777777777,56.45777777777778,-0.6800000000000068
inspect_H1,8.1,55.666666666666686,56.42766666666668,-0.7609999999999957
inspect_H1,8.200000000000001,55.55555555555554,56.397555555555556,-0.842000000000013
inspect_H1,8.3,55.44444444444446,56.36744444444446,-0.9230000000000018
inspect_H1,8.4,55.333333333333314,56.33733333333333,-1.004000000000019
inspect_H1,8.5,55.22222222222223,56.30722222222224,-1.085000000000008
inspect_H1,8.6,55.111111111111086,56.27711111111111,-1.1660000000000252
inspect_H1,8.700000000000001,55.0,56.247000000000014,-1.247000000000014
inspect_H1,8.8,54.888888888888914,56.21688888888889,-1.3279999999999745
inspect_H1,8.9,54.77777777777777,56.18677777777779,-1.4090000000000202
inspect_H1,9.0,54.666666666666686,56.156666666666666,-1.4899999999999807
inspect_H1,9.1,54.55555555555554,56.12655555555557,-1.5710000000000264
inspect_H1,9.200000000000001,54.44444444444446,56.096444444444444,-1.6519999999999868
inspect_H1,9.3,54.333333333333314,56.06633333333335,-1.7330000000000325
inspect_H1,9.4,54.22222222222223,56.03622222222222,-1.813999999999993
inspect_H1,9.5,54.111111111111086,56.006111111111125,-1.8950000000000387
inspect_H1,9.600000000000001,54.0,55.976,-1.975999999999999
inspect_H1,9.700000000000001,53.88888888888886,55.9458888888889,-2.057000000000045
inspect_H1,9.8,53.77777777777777,55.91577777777778,-2.1380000000000052
inspect_H1,9.9,53.666666666666686,55.88566666666668,-2.218999999999994
inspect_H1,10.0,53.55555555555554,55.855555555555554,-2.3000000000000114
disasm_H1,0.0,60.88888888888886,57.679012345678984,3.209876543209873
disasm_H1,0.25,60.861111111111086,57.679012345678984,3.1820987654321016
disasm_H1,0.5,60.833333333333314,57.679012345678984,3.15432098765433
disasm_H1,0.75,60.80555555555554,57.679012345678984,3.1265432098765586
disasm_H1,1.0,60.77777777777777,57.679012345678984,3.098765432098787
disasm_H1,1.25,60.75,57.679012345678984,3.0709876543210157
disasm_H1,1.5,60.72222222222223,57.679012345678984,3.0432098765432443
disasm_H1,1.75,60.69444444444446,57.679012345678984,3.015432098765473
disasm_H1,2.0,60.666666666666686,57.679012345678984,2.9876543209877013
disasm_H1,2.25,60.63888888888886,57.679012345678984,2.959876543209873
disasm_H1,2.5,60.611111111111086,57.679012345678984,2.9320987654321016
disasm_H1,2.75,60.583333333333314,57.679012345678984,2.90432098765433
disasm_H1,3.0,60.55555555555554,57.679012345678984,2.8765432098765586
disasm_H1,3.25,60.52777777777777,57.679012345678984,2.848765432098787
disasm_H1,3.5,60.5,57.679012345678984,2.8209876543210157
disasm_H1,3.75,60.47222222222223,57.679012345678984,2.7932098765432443
disasm_H1,4.0,60.44444444444446,57.679012345678984,2.765432098765473
disasm_H1,4.25,60.416666666666686,57.679012345678984,2.7376543209877013
disasm_H1,4.5,60.38888888888886,57.679012345678984,2.709876543209873
disasm_H1,4.75,60.361111111111086,57.679012345678984,2.6820987654321016
disasm_H1,5.0,60.333333333333314,57.679012345678984,2.65432098765433
disasm_H1,5.25,60.30555555555554,57.679012345678984,2.6265432098765586
disasm_H1,5.5,60.27777777777777,57.679012345678984,2.598765432098787
disasm_H1,5.75,60.25,57.679012345678984,2.5709876543210157
disasm_H1,6.0,60.22222222222223,57.679012345678984,2.5432098765432443
disasm_H1,6.25,60.19444444444446,57.679012345678984,2.515432098765473
disasm_H1,6.5,60.166666666666686,57.679012345678984,2.4876543209877013
disasm_H1,6.75,60.13888888888886,57.679012345678984,2.459876543209873
disasm_H1,7.0,60.111111111111086,57.679012345678984,2.4320987654321016
disasm_H1,7.25,60.083333333333314,57.679012345678984,2.40432098765433
disasm_H1,7.5,60.05555555555554,57.679012345678984,2.3765432098765586
disasm_H1,7.75,60.02777777777777,57.679012345678984,2.348765432098787
disasm_H1,8.0,60.0,57.679012345678984,2.3209876543210157
disasm_H1,8.25,59.97222222222223,57.679012345678984,2.2932098765432443
disasm_H1,8.5,59.94444444444446,57.679012345678984,2.265432098765473
disasm_H1,8.75,59.916666666666686,57.679012345678984,2.2376543209877013
disasm_H1,9.0,59.88888888888886,57.679012345678984,2.209876543209873
disasm_H1,9.25,59.861111111111086,57.679012345678984,2.1820987654321016
disasm_H1,9.5,59.833333333333314,57.679012345678984,2.15432098765433
disasm_H1,9.75,59.80555555555554,57.679012345678984,2.1265432098765586
disasm_H1,10.0,59.77777777777777,57.679012345678984,2.098765432098787
disasm_H1,10.25,59.75,57.679012345678984,2.0709876543210157
disasm_H1,10.5,59.72222222222223,57.679012345678984,2.0432098765432443
disasm_H1,10.75,59.69444444444446,57.679012345678984,2.015432098765473
disasm_H1,11.0,59.666666666666686,57.679012345678984,1.9876543209877013
disasm_H1,11.25,59.63888888888886,57.679012345678984,1.959876543209873
disasm_H1,11.5,59.611111111111086,57.679012345678984,1.9320987654321016
disasm_H1,11.75,59.583333333333314,57.679012345678984,1.90432098765433
disasm_H1,12.0,59.55555555555554,57.679012345678984,1.8765432098765586
disasm_H1,12.25,59.52777777777777,57.679012345678984,1.8487654320987872
disasm_H1,12.5,59.5,57.679012345678984,1.8209876543210157
disasm_H1,12.75,59.47222222222223,57.679012345678984,1.7932098765432443
disasm_H1,13.0,59.44444444444446,57.679012345678984,1.7654320987654728
disasm_H1,13.25,59.416666666666686,57.679012345678984,1.7376543209877013
disasm_H1,13.5,59.38888888888886,57.679012345678984,1.709876543209873
disasm_H1,13.75,59.361111111111086,57.679012345678984,1.6820987654321016
disasm_H1,14.0,59.333333333333314,57.679012345678984,1.65432098765433
disasm_H1,14.25,59.30555555555554,57.679012345678984,1.6265432098765586
disasm_H1,14.5,59.27777777777777,57.679012345678984,1.5987654320987872
disasm_H1,14.75,59.25,57.679012345678984,1.5709876543210157
disasm_H1,15.0,59.22222222222223,57.679012345678984,1.5432098765432443
disasm_H1,15.25,59.19444444444446,57.679012345678984,1.5154320987654728
disasm_H1,15.5,59.166666666666686,57.679012345678984,1.4876543209877013
disasm_H1,15.75,59.13888888888886,57.679012345678984,1.459876543209873
disasm_H1,16.0,59.111111111111086,57.679012345678984,1.4320987654321016
disasm_H1,16.25,59.083333333333314,57.679012345678984,1.40432098765433
disasm_H1,16.5,59.05555555555554,57.679012345678984,1.3765432098765586
disasm_H1,16.75,59.02777777777777,57.679012345678984,1.3487654320987872
disasm_H1,17.0,59.0,57.679012345678984,1.3209876543210157
disasm_H1,17.25,58.97222222222223,57.679012345678984,1.2932098765432443
disasm_H1,17.5,58.94444444444446,57.679012345678984,1.2654320987654728
disasm_H1,17.75,58.916666666666686,57.679012345678984,1.2376543209877013
disasm_H1,18.0,58.88888888888886,57.679012345678984,1.209876543209873
disasm_H1,18.25,58.861111111111086,57.679012345678984,1.1820987654321016
disasm_H1,18.5,58.833333333333314,57.679012345678984,1.15432098765433
disasm_H1,18.75,58.80555555555554,57.679012345678984,1.1265432098765586
disasm_H1,19.0,58.77777777777777,57.679012345678984,1.0987654320987872
disasm_H1,19.25,58.75,57.679012345678984,1.0709876543210157
disasm_H1,19.5,58.72222222222223,57.679012345678984,1.0432098765432443
disasm_H1,19.75,58.69444444444446,57.679012345678984,1.0154320987654728
disasm_H1,20.0,58.666666666666686,57.679012345678984,0.9876543209877013
disasm_H1,20.25,58.63888888888886,57.679012345678984,0.959876543209873
disasm_H1,20.5,58.611111111111086,57.679012345678984,0.9320987654321016
disasm_H1,20.75,58.583333333333314,57.679012345678984,0.9043209876543301
disasm_H1,21.0,58.55555555555554,57.679012345678984,0.8765432098765586
disasm_H1,21.25,58.52777777777777,57.679012345678984,0.8487654320987872
disasm_H1,21.5,58.5,57.679012345678984,0.8209876543210157
disasm_H1,21.75,58.47222222222223,57.679012345678984,0.7932098765432443
disasm_H1,22.0,58.44444444444446,57.679012345678984,0.7654320987654728
disasm_H1,22.25,58.416666666666686,57.679012345678984,0.7376543209877013
disasm_H1,22.5,58.388888888888914,57.679012345678984,0.7098765432099299
disasm_H1,22.75,58.361111111111086,57.679012345678984,0.6820987654321016
disasm_H1,23.0,58.333333333333314,57.679012345678984,0.6543209876543301
disasm_H1,23.25,58.30555555555554,57.679012345678984,0.6265432098765586
disasm_H1,23.5,58.27777777777777,57.679012345678984,0.5987654320987872
disasm_H1,23.75,58.25,57.679012345678984,0.5709876543210157
disasm_H1,24.0,58.22222222222223,57.679012345678984,0.5432098765432443
disasm_H1,24.25,58.19444444444446,57.679012345678984,0.5154320987654728
disasm_H1,24.5,58.166666666666686,57.679012345678984,0.48765432098770134
disasm_H1,24.75,58.138888888888914,57.679012345678984,0.4598765432099299
disasm_H1,25.0,58.111111111111086,57.679012345678984,0.4320987654321016
disasm_H1,25.25,58.083333333333314,57.679012345678984,0.4043209876543301
disasm_H1,25.5,58.05555555555554,57.679012345678984,0.37654320987655865
disasm_H1,25.75,58.02777777777777,57.679012345678984,0.3487654320987872
disasm_H1,26.0,58.0,57.679012345678984,0.3209876543210157
disasm_H1,26.25,57.97222222222223,57.679012345678984,0.29320987654324426
disasm_H1,26.5,57.94444444444446,57.679012345678984,0.2654320987654728
disasm_H1,26.75,57.916666666666686,57.679012345678984,0.23765432098770134
disasm_H1,27.0,57.888888888888914,57.679012345678984,0.20987654320992988
disasm_H1,27.25,57.861111111111086,57.679012345678984,0.18209876543210157
disasm_H1,27.5,57.833333333333314,57.679012345678984,0.1543209876543301
disasm_H1,27.75,57.80555555555554,57.679012345678984,0.12654320987655865
disasm_H1,28.0,57.77777777777777,57.679012345678984,0.09876543209878719
disasm_H1,28.25,57.75,57.679012345678984,0.07098765432101573
disasm_H1,28.5,57.72222222222223,57.679012345678984,0.04320987654324426
disasm_H1,28.75,57.69444444444446,57.679012345678984,0.015432098765472801
disasm_H1,28.88888888888889,57.679012345678984,57.679012345678984,0.0
disasm_H1,29.0,57.666666666666686,57.679012345678984,-0.01234567901229866
disasm_H1,29.25,57.638888888888914,57.679012345678984,-0.04012345679007012
disasm_H1,29.5,57.611111111111086,57.679012345678984,-0.06790123456789843
disasm_H1,29.75,57.583333333333314,57.679012345678984,-0.09567901234566989
disasm_H1,30.0,57.55555555555554,57.679012345678984,-0.12345679012344135
disasm_H1,30.25,57.52777777777777,57.679012345678984,-0.1512345679012128
disasm_H1,30.5,57.5,57.679012345678984,-0.17901234567898427
disasm_H1,30.75,57.47222222222223,57.679012345678984,-0.20679012345675574
disasm_H1,31.0,57.44444444444446,57.679012345678984,-0.2345679012345272
disasm_H1,31.25,57.416666666666686,57.679012345678984,-0.26234567901229866
disasm_H1,31.5,57.388888888888914,57.679012345678984,-0.2901234567900701
disasm_H1,31.75,57.361111111111086,57.679012345678984,-0.3179012345678984
disasm_H1,32.0,57.333333333333314,57.679012345678984,-0.3456790123456699
disasm_H1,32.25,57.30555555555554,57.679012345678984,-0.37345679012344135
disasm_H1,32.5,57.27777777777777,57.679012345678984,-0.4012345679012128
disasm_H1,32.75,57.25,57.679012345678984,-0.4290123456789843
disasm_H1,33.0,57.22222222222223,57.679012345678984,-0.45679012345675574
disasm_H1,33.25,57.19444444444446,57.679012345678984,-0.4845679012345272
disasm_H1,33.5,57.166666666666686,57.679012345678984,-0.5123456790122987
disasm_H1,33.75,57.138888888888914,57.679012345678984,-0.5401234567900701
disasm_H1,34.0,57.111111111111086,57.679012345678984,-0.5679012345678984
disasm_H1,34.25,57.083333333333314,57.679012345678984,-0.5956790123456699
disasm_H1,34.5,57.05555555555554,57.679012345678984,-0.6234567901234414
disasm_H1,34.75,57.02777777777777,57.679012345678984,-0.6512345679012128
disasm_H1,35.0,57.0,57.679012345678984,-0.6790123456789843
disasm_H1,35.25,56.97222222222223,57.679012345678984,-0.7067901234567557
disasm_H1,35.5,56.94444444444446,57.679012345678984,-0.7345679012345272
disasm_H1,35.75,56.916666666666686,57.679012345678984,-0.7623456790122987
disasm_H1,36.0,56.888888888888914,57.679012345678984,-0.7901234567900701
disasm_H1,36.25,56.861111111111086,57.679012345678984,-0.8179012345678984
disasm_H1,36.5,56.833333333333314,57.679012345678984,-0.8456790123456699
disasm_H1,36.75,56.80555555555554,57.679012345678984,-0.8734567901234414
disasm_H1,37.0,56.77777777777777,57.679012345678984,-0.9012345679012128
disasm_H1,37.25,56.75,57.679012345678984,-0.9290123456789843
disasm_H1,37.5,56.72222222222223,57.679012345678984,-0.9567901234567557
disasm_H1,37.75,56.69444444444446,57.679012345678984,-0.9845679012345272
disasm_H1,38.0,56.666666666666686,57.679012345678984,-1.0123456790122987
disasm_H1,38.25,56.638888888888914,57.679012345678984,-1.0401234567900701
disasm_H1,38.5,56.611111111111086,57.679012345678984,-1.0679012345678984
disasm_H1,38.75,56.583333333333314,57.679012345678984,-1.09567901234567
disasm_H1,39.0,56.55555555555554,57.679012345678984,-1.1234567901234414
disasm_H1,39.25,56.52777777777777,57.679012345678984,-1.1512345679012128
disasm_H1,39.5,56.5,57.679012345678984,-1.1790123456789843
disasm_H1,39.75,56.47222222222223,57.679012345678984,-1.2067901234567557
disasm_H1,40.0,56.44444444444446,57.679012345678984,-1.2345679012345272
disasm_F,0.0,61.33333333333334,47.40740740740742,13.925925925925924
disasm_F,1.0,61.22222222222223,47.40740740740742,13.81481481481481
disasm_F,2.0,61.11111111111114,47.40740740740742,13.703703703703724
disasm_F,3.0,61.00000000000003,47.40740740740742,13.59259259259261
disasm_F,4.0,60.888888888888914,47.40740740740742,13.481481481481495
disasm_F,5.0,60.7777777777778,47.40740740740742,13.370370370370381
disasm_F,6.0,60.666666666666686,47.40740740740742,13.259259259259267
disasm_F,7.0,60.55555555555557,47.40740740740742,13.148148148148152
disasm_F,8.0,60.44444444444446,47.40740740740742,13.037037037037038
disasm_F,9.0,60.33333333333334,47.40740740740742,12.925925925925924
disasm_F,10.0,60.22222222222223,47.40740740740742,12.81481481481481
disasm_F,11.0,60.11111111111114,47.40740740740742,12.703703703703724
disasm_F,12.0,60.00000000000003,47.40740740740742,12.59259259259261
disasm_F,13.0,59.888888888888914,47.40740740740742,12.481481481481495
disasm_F,14.0,59.7777777777778,47.40740740740742,12.370370370370381
disasm_F,15.0,59.666666666666686,47.40740740740742,12.259259259259267
disasm_F,16.0,59.55555555555557,47.40740740740742,12.148148148148152
disasm_F,17.0,59.44444444444446,47.40740740740742,12.037037037037038
disasm_F,18.0,59.33333333333334,47.40740740740742,11.925925925925924
disasm_F,19.0,59.22222222222223,47.40740740740742,11.81481481481481
disasm_F,20.0,59.11111111111114,47.40740740740742,11.703703703703724
disasm_F,21.0,59.00000000000003,47.40740740740742,11.59259259259261
disasm_F,22.0,58.888888888888914,47.40740740740742,11.481481481481495
disasm_F,23.0,58.7777777777778,47.40740740740742,11.370370370370381
disasm_F,24.0,58.666666666666686,47.40740740740742,11.259259259259267
disasm_F,25.0,58.55555555555557,47.40740740740742,11.148148148148152
disasm_F,26.0,58.44444444444446,47.40740740740742,11.037037037037038
disasm_F,27.0,58.33333333333334,47.40740740740742,10.925925925925924
disasm_F,28.0,58.22222222222223,47.40740740740742,10.81481481481481
disasm_F,29.0,58.11111111111114,47.40740740740742,10.703703703703724
disasm_F,30.0,58.00000000000003,47.40740740740742,10.59259259259261
disasm_F,31.0,57.888888888888914,47.40740740740742,10.481481481481495
disasm_F,32.0,57.7777777777778,47.40740740740742,10.370370370370381
disasm_F,33.0,57.666666666666686,47.40740740740742,10.259259259259267
disasm_F,34.0,57.55555555555557,47.40740740740742,10.148148148148152
disasm_F,35.0,57.44444444444446,47.40740740740742,10.037037037037038
disasm_F,36.0,57.33333333333334,47.40740740740742,9.925925925925924
disasm_F,37.0,57.22222222222223,47.40740740740742,9.81481481481481
disasm_F,38.0,57.11111111111114,47.40740740740742,9.703703703703724
disasm_F,39.0,57.00000000000003,47.40740740740742,9.59259259259261
disasm_F,40.0,56.888888888888914,47.40740740740742,9.481481481481495
disasm_F,41.0,56.7777777777778,47.40740740740742,9.370370370370381
disasm_F,42.0,56.666666666666686,47.40740740740742,9.259259259259267
disasm_F,43.0,56.55555555555557,47.40740740740742,9.148148148148152
disasm_F,44.0,56.44444444444446,47.40740740740742,9.037037037037038
disasm_F,45.0,56.33333333333334,47.40740740740742,8.925925925925924
disasm_F,46.0,56.22222222222226,47.40740740740742,8.814814814814838
disasm_F,47.0,56.11111111111114,47.40740740740742,8.703703703703724
disasm_F,48.0,56.00000000000003,47.40740740740742,8.59259259259261
disasm_F,49.0,55.888888888888914,47.40740740740742,8.481481481481495
disasm_F,50.0,55.7777777777778,47.40740740740742,8.370370370370381
disasm_F,51.0,55.666666666666686,47.40740740740742,8.259259259259267
disasm_F,52.0,55.55555555555557,47.40740740740742,8.148148148148152
disasm_F,53.0,55.44444444444446,47.40740740740742,8.037037037037038
disasm_F,54.0,55.33333333333334,47.40740740740742,7.925925925925924
disasm_F,55.0,55.22222222222226,47.40740740740742,7.814814814814838
disasm_F,56.0,55.11111111111114,47.40740740740742,7.703703703703724
disasm_F,57.0,55.00000000000003,47.40740740740742,7.592592592592609
disasm_F,58.0,54.888888888888914,47.40740740740742,7.481481481481495
disasm_F,59.0,54.7777777777778,47.40740740740742,7.370370370370381
disasm_F,60.0,54.666666666666686,47.40740740740742,7.259259259259267
disasm_F,61.0,54.55555555555557,47.40740740740742,7.148148148148152
disasm_F,62.0,54.44444444444446,47.40740740740742,7.037037037037038
disasm_F,63.0,54.33333333333334,47.40740740740742,6.925925925925924
disasm_F,64.0,54.22222222222226,47.40740740740742,6.814814814814838
disasm_F,65.0,54.11111111111114,47.40740740740742,6.703703703703724
disasm_F,66.0,54.00000000000003,47.40740740740742,6.592592592592609
disasm_F,67.0,53.888888888888914,47.40740740740742,6.481481481481495
disasm_F,68.0,53.7777777777778,47.40740740740742,6.370370370370381
disasm_F,69.0,53.666666666666686,47.40740740740742,6.259259259259267
disasm_F,70.0,53.55555555555557,47.40740740740742,6.148148148148152
disasm_F,71.0,53.44444444444446,47.40740740740742,6.037037037037038
disasm_F,72.0,53.33333333333334,47.40740740740742,5.925925925925924
disasm_F,73.0,53.22222222222223,47.40740740740742,5.8148148148148096
disasm_F,74.0,53.11111111111114,47.40740740740742,5.703703703703724
disasm_F,75.0,53.00000000000003,47.40740740740742,5.592592592592609
disasm_F,76.0,52.888888888888914,47.40740740740742,5.481481481481495
disasm_F,77.0,52.7777777777778,47.40740740740742,5.370370370370381
disasm_F,78.0,52.666666666666686,47.40740740740742,5.259259259259267
disasm_F,79.0,52.55555555555557,47.40740740740742,5.148148148148152
disasm_F,80.0,52.44444444444446,47.40740740740742,5.037037037037038
disasm_F,81.0,52.33333333333334,47.40740740740742,4.925925925925924
disasm_F,82.0,52.22222222222223,47.40740740740742,4.8148148148148096
disasm_F,83.0,52.11111111111114,47.40740740740742,4.703703703703724
disasm_F,84.0,52.00000000000003,47.40740740740742,4.592592592592609
disasm_F,85.0,51.888888888888914,47.40740740740742,4.481481481481495
disasm_F,86.0,51.7777777777778,47.40740740740742,4.370370370370381
disasm_F,87.0,51.666666666666686,47.40740740740742,4.259259259259267
disasm_F,88.0,51.55555555555557,47.40740740740742,4.148148148148152
disasm_F,89.0,51.44444444444446,47.40740740740742,4.037037037037038
disasm_F,90.0,51.33333333333334,47.40740740740742,3.925925925925924
disasm_F,91.0,51.22222222222223,47.40740740740742,3.8148148148148096
disasm_F,92.0,51.11111111111114,47.40740740740742,3.7037037037037237
disasm_F,93.0,51.00000000000003,47.40740740740742,3.5925925925926094
disasm_F,94.0,50.888888888888914,47.40740740740742,3.481481481481495
disasm_F,95.0,50.7777777777778,47.40740740740742,3.370370370370381
disasm_F,96.0,50.666666666666686,47.40740740740742,3.2592592592592666
disasm_F,97.0,50.55555555555557,47.40740740740742,3.1481481481481524
disasm_F,98.0,50.44444444444446,47.40740740740742,3.037037037037038
disasm_F,99.0,50.33333333333334,47.40740740740742,2.925925925925924
disasm_F,100.0,50.22222222222223,47.40740740740742,2.8148148148148096
disasm_F,101.0,50.11111111111114,47.40740740740742,2.7037037037037237
disasm_F,102.0,50.00000000000003,47.40740740740742,2.5925925925926094
disasm_F,103.0,49.888888888888914,47.40740740740742,2.481481481481495
disasm_F,104.0,49.7777777777778,47.40740740740742,2.370370370370381
disasm_F,105.0,49.666666666666686,47.40740740740742,2.2592592592592666
disasm_F,106.0,49.55555555555557,47.40740740740742,2.1481481481481524
disasm_F,107.0,49.44444444444446,47.40740740740742,2.037037037037038
disasm_F,108.0,49.33333333333334,47.40740740740742,1.9259259259259238
disasm_F,109.0,49.22222222222223,47.40740740740742,1.8148148148148096
disasm_F,110.0,49.11111111111114,47.40740740740742,1.7037037037037237
disasm_F,111.0,49.00000000000003,47.40740740740742,1.5925925925926094
disasm_F,112.0,48.888888888888914,47.40740740740742,1.4814814814814952
disasm_F,113.0,48.7777777777778,47.40740740740742,1.370370370370381
disasm_F,114.0,48.666666666666686,47.40740740740742,1.2592592592592666
disasm_F,115.0,48.55555555555557,47.40740740740742,1.1481481481481524
disasm_F,116.0,48.44444444444446,47.40740740740742,1.037037037037038
disasm_F,117.0,48.33333333333337,47.40740740740742,0.9259259259259522
disasm_F,118.0,48.22222222222223,47.40740740740742,0.8148148148148096
disasm_F,119.0,48.11111111111114,47.40740740740742,0.7037037037037237
disasm_F,120.0,48.00000000000003,47.40740740740742,0.5925925925926094
disasm_F,121.0,47.888888888888914,47.40740740740742,0.48148148148149517
disasm_F,122.0,47.7777777777778,47.40740740740742,0.3703703703703809
disasm_F,123.0,47.666666666666686,47.40740740740742,0.25925925925926663
disasm_F,124.0,47.55555555555557,47.40740740740742,0.14814814814815236
disasm_F,125.0,47.44444444444446,47.40740740740742,0.03703703703703809
disasm_F,125.33333333333333,47.40740740740745,47.40740740740742,2.842170943040401e-14
disasm_F,126.0,47.33333333333337,47.40740740740742,-0.07407407407404776
disasm_F,127.0,47.22222222222223,47.40740740740742,-0.18518518518519045
disasm_F,128.0,47.11111111111114,47.40740740740742,-0.2962962962962763
disasm_F,129.0,47.00000000000003,47.40740740740742,-0.40740740740739056
disasm_F,130.0,46.888888888888914,47.40740740740742,-0.5185185185185048
disasm_F,131.0,46.7777777777778,47.40740740740742,-0.6296296296296191
disasm_F,132.0,46.666666666666686,47.40740740740742,-0.7407407407407334
disasm_F,133.0,46.55555555555557,47.40740740740742,-0.8518518518518476
disasm_F,134.0,46.44444444444446,47.40740740740742,-0.9629629629629619
disasm_F,135.0,46.33333333333337,47.40740740740742,-1.0740740740740478
disasm_F,136.0,46.22222222222223,47.40740740740742,-1.1851851851851904
disasm_F,137.0,46.11111111111114,47.40740740740742,-1.2962962962962763
disasm_F,138.0,46.00000000000003,47.40740740740742,-1.4074074074073906
disasm_F,139.0,45.888888888888914,47.40740740740742,-1.5185185185185048
disasm_F,140.0,45.7777777777778,47.40740740740742,-1.629629629629619
disasm_F,141.0,45.666666666666686,47.40740740740742,-1.7407407407407334
disasm_F,142.0,45.55555555555557,47.40740740740742,-1.8518518518518476
disasm_F,143.0,45.44444444444446,47.40740740740742,-1.962962962962962
disasm_F,144.0,45.33333333333337,47.40740740740742,-2.0740740740740478
disasm_F,145.0,45.22222222222226,47.40740740740742,-2.185185185185162
disasm_F,146.0,45.11111111111114,47.40740740740742,-2.2962962962962763
disasm_F,147.0,45.00000000000003,47.40740740740742,-2.4074074074073906
disasm_F,148.0,44.888888888888914,47.40740740740742,-2.518518518518505
disasm_F,149.0,44.7777777777778,47.40740740740742,-2.629629629629619
disasm_F,150.0,44.666666666666686,47.40740740740742,-2.7407407407407334
disasm_F,151.0,44.55555555555557,47.40740740740742,-2.8518518518518476
disasm_F,152.0,44.44444444444446,47.40740740740742,-2.962962962962962
disasm_F,153.0,44.33333333333337,47.40740740740742,-3.0740740740740478
disasm_F,154.0,44.22222222222226,47.40740740740742,-3.185185185185162
disasm_F,155.0,44.11111111111114,47.40740740740742,-3.2962962962962763
disasm_F,156.0,44.00000000000003,47.40740740740742,-3.4074074074073906
disasm_F,157.0,43.888888888888914,47.40740740740742,-3.518518518518505
disasm_F,158.0,43.7777777777778,47.40740740740742,-3.629629629629619
disasm_F,159.0,43.666666666666686,47.40740740740742,-3.7407407407407334
disasm_F,160.0,43.55555555555557,47.40740740740742,-3.8518518518518476
replacement_L,0.0,58.00000000000003,64.66666666666669,-6.666666666666657
replacement_L,1.0,58.00000000000003,64.55555555555557,-6.555555555555543
replacement_L,2.0,58.00000000000003,64.44444444444446,-6.444444444444429
replacement_L,3.0,58.00000000000003,64.33333333333334,-6.333333333333314
replacement_L,4.0,58.00000000000003,64.22222222222223,-6.2222222222222
replacement_L,5.0,58.00000000000003,64.11111111111114,-6.111111111111114
replacement_L,6.0,58.00000000000003,64.00000000000003,-6.0
replacement_L,7.0,58.00000000000003,63.888888888888914,-5.888888888888886
replacement_L,8.0,58.00000000000003,63.7777777777778,-5.7777777777777715
replacement_L,9.0,58.00000000000003,63.666666666666686,-5.666666666666657
replacement_L,10.0,58.00000000000003,63.55555555555557,-5.555555555555543
replacement_L,11.0,58.00000000000003,63.44444444444446,-5.444444444444429
replacement_L,12.0,58.00000000000003,63.33333333333334,-5.333333333333314
replacement_L,13.0,58.00000000000003,63.22222222222223,-5.2222222222222
replacement_L,14.0,58.00000000000003,63.11111111111114,-5.111111111111114
replacement_L,15.0,58.00000000000003,63.00000000000003,-5.0
replacement_L,16.0,58.00000000000003,62.888888888888914,-4.888888888888886
replacement_L,17.0,58.00000000000003,62.7777777777778,-4.7777777777777715
replacement_L,18.0,58.00000000000003,62.666666666666686,-4.666666666666657
replacement_L,19.0,58.00000000000003,62.55555555555557,-4.555555555555543
replacement_L,20.0,58.00000000000003,62.44444444444446,-4.444444444444429
replacement_L,21.0,58.00000000000003,62.33333333333334,-4.333333333333314
replacement_L,22.0,58.00000000000003,62.22222222222223,-4.2222222222222
replacement_L,23.0,58.00000000000003,62.11111111111114,-4.111111111111114
replacement_L,24.0,58.00000000000003,62.00000000000003,-4.0
replacement_L,25.0,58.00000000000003,61.888888888888914,-3.8888888888888857
replacement_L,26.0,58.00000000000003,61.7777777777778,-3.7777777777777715
replacement_L,27.0,58.00000000000003,61.666666666666686,-3.666666666666657
replacement_L,28.0,58.00000000000003,61.55555555555557,-3.555555555555543
replacement_L,29.0,58.00000000000003,61.44444444444446,-3.4444444444444287
replacement_L,30.0,58.00000000000003,61.33333333333334,-3.3333333333333144
replacement_L,31.0,58.00000000000003,61.22222222222223,-3.2222222222222
replacement_L,32.0,58.00000000000003,61.11111111111114,-3.1111111111111143
replacement_L,33.0,58.00000000000003,61.00000000000003,-3.0
replacement_L,34.0,58.00000000000003,60.888888888888914,-2.8888888888888857
replacement_L,35.0,58.00000000000003,60.7777777777778,-2.7777777777777715
replacement_L,36.0,58.00000000000003,60.666666666666686,-2.666666666666657
replacement_L,37.0,58.00000000000003,60.55555555555557,-2.555555555555543
replacement_L,38.0,58.00000000000003,60.44444444444446,-2.4444444444444287
replacement_L,39.0,58.00000000000003,60.33333333333334,-2.3333333333333144
replacement_L,40.0,58.00000000000003,60.22222222222223,-2.2222222222222
replacement_L,41.0,58.00000000000003,60.11111111111114,-2.1111111111111143
replacement_L,42.0,58.00000000000003,60.00000000000003,-2.0
replacement_L,43.0,58.00000000000003,59.888888888888914,-1.8888888888888857
replacement_L,44.0,58.00000000000003,59.7777777777778,-1.7777777777777715
replacement_L,45.0,58.00000000000003,59.666666666666686,-1.6666666666666572
replacement_L,46.0,58.00000000000003,59.55555555555557,-1.555555555555543
replacement_L,47.0,58.00000000000003,59.44444444444446,-1.4444444444444287
replacement_L,48.0,58.00000000000003,59.33333333333334,-1.3333333333333144
replacement_L,49.0,58.00000000000003,59.22222222222223,-1.2222222222222001
replacement_L,50.0,58.00000000000003,59.11111111111114,-1.1111111111111143
replacement_L,51.0,58.00000000000003,59.00000000000003,-1.0
replacement_L,52.0,58.00000000000003,58.888888888888914,-0.8888888888888857
replacement_L,53.0,58.00000000000003,58.7777777777778,-0.7777777777777715
replacement_L,54.0,58.00000000000003,58.666666666666686,-0.6666666666666572
replacement_L,55.0,58.00000000000003,58.55555555555557,-0.5555555555555429
replacement_L,56.0,58.00000000000003,58.44444444444446,-0.44444444444442865
replacement_L,57.0,58.00000000000003,58.33333333333334,-0.3333333333333144
replacement_L,58.0,58.00000000000003,58.22222222222223,-0.22222222222220012
replacement_L,59.0,58.00000000000003,58.11111111111114,-0.11111111111111427
replacement_L,60.0,58.00000000000003,58.00000000000003,0.0
replacement_L,61.0,58.00000000000003,57.888888888888914,0.11111111111111427
replacement_L,62.0,58.00000000000003,57.7777777777778,0.22222222222222854
replacement_L,63.0,58.00000000000003,57.666666666666686,0.3333333333333428
replacement_L,64.0,58.00000000000003,57.55555555555557,0.4444444444444571
replacement_L,65.0,58.00000000000003,57.44444444444446,0.5555555555555713
replacement_L,66.0,58.00000000000003,57.33333333333334,0.6666666666666856
replacement_L,67.0,58.00000000000003,57.22222222222223,0.7777777777777999
replacement_L,68.0,58.00000000000003,57.11111111111114,0.8888888888888857
replacement_L,69.0,58.00000000000003,57.00000000000003,1.0
replacement_L,70.0,58.00000000000003,56.888888888888914,1.1111111111111143
replacement_L,71.0,58.00000000000003,56.7777777777778,1.2222222222222285
replacement_L,72.0,58.00000000000003,56.666666666666686,1.3333333333333428
replacement_L,73.0,58.00000000000003,56.55555555555557,1.444444444444457
replacement_L,74.0,58.00000000000003,56.44444444444446,1.5555555555555713
replacement_L,75.0,58.00000000000003,56.33333333333334,1.6666666666666856
replacement_L,76.0,58.00000000000003,56.22222222222226,1.7777777777777715
replacement_L,77.0,58.00000000000003,56.11111111111114,1.8888888888888857
replacement_L,78.0,58.00000000000003,56.00000000000003,2.0
replacement_L,79.0,58.00000000000003,55.888888888888914,2.1111111111111143
replacement_L,80.0,58.00000000000003,55.7777777777778,2.2222222222222285
replacement_L,81.0,58.00000000000003,55.666666666666686,2.333333333333343
replacement_L,82.0,58.00000000000003,55.55555555555557,2.444444444444457
replacement_L,83.0,58.00000000000003,55.44444444444446,2.5555555555555713
replacement_L,84.0,58.00000000000003,55.33333333333334,2.6666666666666856
replacement_L,85.0,58.00000000000003,55.22222222222226,2.7777777777777715
replacement_L,86.0,58.00000000000003,55.11111111111114,2.8888888888888857
replacement_L,87.0,58.00000000000003,55.00000000000003,3.0
replacement_L,88.0,58.00000000000003,54.888888888888914,3.1111111111111143
replacement_L,89.0,58.00000000000003,54.7777777777778,3.2222222222222285
replacement_L,90.0,58.00000000000003,54.666666666666686,3.333333333333343
replacement_L,91.0,58.00000000000003,54.55555555555557,3.444444444444457
replacement_L,92.0,58.00000000000003,54.44444444444446,3.5555555555555713
replacement_L,93.0,58.00000000000003,54.33333333333334,3.6666666666666856
replacement_L,94.0,58.00000000000003,54.22222222222226,3.7777777777777715
replacement_L,95.0,58.00000000000003,54.11111111111114,3.8888888888888857
replacement_L,96.0,58.00000000000003,54.00000000000003,4.0
replacement_L,97.0,58.00000000000003,53.888888888888914,4.111111111111114
replacement_L,98.0,58.00000000000003,53.7777777777778,4.2222222222222285
replacement_L,99.0,58.00000000000003,53.666666666666686,4.333333333333343
replacement_L,100.0,58.00000000000003,53.55555555555557,4.444444444444457
p_final,0.03,59.924398625429575,64.87285223367698,-4.948453608247405
p_final,0.032,59.873278236914615,64.74931129476585,-4.876033057851231
p_final,0.034,59.821946169772275,64.62525879917186,-4.803312629399585
p_final,0.036,59.770401106500714,64.50069156293225,-4.730290456431533
p_final,0.038,59.71864171864175,64.3756063756064,-4.656964656964647
p_final,0.04,59.666666666666686,64.25000000000003,-4.583333333333343
p_final,0.041999999999999996,59.61447459986084,64.1238691718859,-4.509394572025059
p_final,0.044,59.562064156206446,63.997210599721086,-4.43514644351464
p_final,0.046,59.50943396226418,63.870020964360606,-4.360587002096423
p_final,0.048,59.456582633053245,63.74229691876752,-4.285714285714278
p_final,0.05,59.403508771929836,63.614035087719316,-4.21052631578948
p_final,0.052,59.35021097046416,63.485232067510566,-4.135021097046405
p_final,0.054,59.29668780831574,63.35588442565188,-4.059196617336141
p_final,0.056,59.24293785310735,63.22598870056498,-3.9830508474576334
p_final,0.057999999999999996,59.18895966029726,63.09554140127389,-3.906581740976634
p_final,0.06,59.13475177304966,62.96453900709221,-3.8297872340425556
p_final,0.062,59.0803127221038,62.832977967306334,-3.752665245202536
p_final,0.064,59.02564102564105,62.700854700854705,-3.675213675213655
p_final,0.066,58.970735189150616,62.56816559600287,-3.5974304068522542
p_final,0.068,58.915593705293304,62.434907010014314,-3.5193133047210097
p_final,0.07,58.860215053763454,62.301075268817215,-3.4408602150537604
p_final,0.07200000000000001,58.80459770114945,62.166666666666686,-3.3620689655172384
p_final,0.074,58.74874010079196,62.031677465802744,-3.282937365010781
p_final,0.076,58.69264069264071,61.89610389610391,-3.203463203463201
p_final,0.078,58.63629790310921,61.75994215473611,-3.1236442516268994
p_final,0.08,58.57971014492756,61.62318840579712,-3.0434782608695627
p_final,0.082,58.52287581699349,61.48583877995645,-2.962962962962962
p_final,0.08399999999999999,58.46579330422128,61.34788937409027,-2.882096069868993
p_final,0.086,58.408460977388785,61.209336250911775,-2.8008752735229905
p_final,0.088,58.350877192982466,61.07017543859652,-2.7192982456140555
p_final,0.09,58.29304029304032,60.93040293040295,-2.637362637362628
p_final,0.092,58.23494860499267,60.790014684287826,-2.555066079295159
p_final,0.094,58.17660044150114,60.649006622516566,-2.4724061810154296
p_final,0.096,58.11799410029499,60.50737463126845,-2.3893805309734546
p_final,0.098,58.059127864005944,60.36511456023652,-2.305986696230576
p_final,0.1,58.00000000000003,60.22222222222223,-2.2222222222222
p_final,0.10200000000000001,57.94060876020788,60.0786933927246,-2.1380846325167226
p_final,0.104,57.88095238095241,59.934523809523824,-2.0535714285714164
p_final,0.106,57.82102908277406,59.789709172259535,-1.9686800894854741
p_final,0.108,57.76083707025413,59.644245142003,-1.8834080717488746
p_final,0.11,57.70037453183522,59.498127340824,-1.7977528089887755
p_final,0.112,57.639639639639654,59.35135135135138,-1.7117117117117289
p_final,0.114,57.57863054928521,59.20391271632809,-1.625282167042883
p_final,0.116,57.51734539969837,59.05580693815989,-1.5384615384615188
p_final,0.118,57.45578231292518,58.90702947845807,-1.451247165532891
p_final,0.12,57.393939393939405,58.75757575757578,-1.363636363636374
p_final,0.122,57.331814730448,58.6074411541382,-1.2756264236901984
p_final,0.124,57.269406392694094,58.456621004566216,-1.1872146118721218
p_final,0.126,57.20671243325708,58.30511060259346,-1.0983981693363774
p_final,0.128,57.143730886850165,58.15290519877678,-1.009174311926614
p_final,0.13,57.08045977011497,58.00000000000003,-0.9195402298850581
p_final,0.132,57.01689708141322,57.84639016897083,-0.8294930875576085
p_final,0.134,56.95304080061587,57.692070823710566,-0.7390300230946991
p_final,0.136,56.888888888888914,57.53703703703707,-0.6481481481481524
p_final,0.138,56.82443928847644,57.38128383604024,-0.5568445475637986
p_final,0.14,56.759689922480646,57.22480620155039,-0.46511627906974695
p_final,0.14200000000000002,56.69463869463871,57.067599067599076,-0.3729603729603639
p_final,0.14400000000000002,56.62928348909659,56.9096573208723,-0.2803738317757052
p_final,0.14600000000000002,56.56362217017957,56.75097580015614,-0.18735362997657035
p_final,0.14800000000000002,56.497652582159645,56.591549295774655,-0.09389671361500973
p_final,0.15,56.43137254901961,56.43137254901961,0.0
p_final,0.152,56.364779874213866,56.27044025157235,0.09433962264151319
p_final,0.154,56.297872340425556,56.108747044917266,0.1891252955082905
p_final,0.156,56.23064770932072,55.946287519747244,0.2843601895734764
p_final,0.158,56.16310372129851,55.78305621536026,0.38004750593825065
p_final,0.16,56.0952380952381,55.61904761904765,0.4761904761904532
p_final,0.162,56.02704852824186,55.45425616547337,0.5727923627684959
p_final,0.164,55.95853269537483,55.288676236044665,0.6698564593301626
p_final,0.166,55.88968824940051,55.122302158273385,0.767386091127122
p_final,0.168,55.820512820512846,54.95512820512823,0.8653846153846132
p_final,0.17,55.751004016064286,54.78714859437753,0.963855421686759
p_final,0.17200000000000001,55.68115942028987,54.61835748792271,1.0628019323671651
p_final,0.17400000000000002,55.61097659402745,54.448748991121874,1.162227602905574
p_final,0.176,55.540453074433685,54.2783171521036,1.2621359223300885
p_final,0.178,55.46958637469589,54.107055961070586,1.3625304136253078
p_final,0.18,55.398373983739845,53.93495934959353,1.463414634146318
p_final,0.182,55.32681336593319,53.762021189894085,1.5647921760391057
p_final,0.184,55.25490196078434,53.58823529411768,1.6666666666666572
p_final,0.186,55.182637182637194,53.41359541359543,1.7690417690417632
p_final,0.188,55.11001642036126,53.23809523809527,1.871921182265993
p_final,0.19,55.03703703703707,53.06172839506175,1.9753086419753174
p_final,0.192,54.96369636963698,52.884488448844905,2.079207920792072
p_final,0.194,54.88999172870143,52.70636889991732,2.1836228287841095
p_final,0.196,54.81592039800998,52.52736318407963,2.2885572139303463
p_final,0.198,54.741479634247725,52.34746467165422,2.394014962593502
p_final,0.2,54.666666666666686,52.166666666666686,2.5
p_final,0.202,54.59147869674189,51.98496240601506,2.60651629072683
p_final,0.20400000000000001,54.51591289782246,51.802345058626486,2.7135678391959743
p_final,0.206,54.43996641477753,51.6188077246012,2.8211586901763326
p_final,0.208,54.363636363636374,51.43434343434345,2.9292929292929273
p_final,0.21,54.286919831223656,51.248945147679336,3.03797468354432
p_final,0.212,54.20981387478852,51.062605752961105,3.1472081218274184
p_final,0.214,54.13231552162853,50.875318066157774,3.256997455470753
p_final,0.216,54.0544217687075,50.68707482993199,3.367346938775512
p_final,0.218,53.9761295822677,50.497868712702484,3.4782608695652186
p_final,0.22,53.89743589743591,50.30769230769232,3.589743589743591
p_final,0.222,53.81833761782349,50.11653813196233,3.7017994858611587
p_final,0.224,53.73883161512029,49.924398625429575,3.814432989690715
p_final,0.226,53.65891472868219,49.731266149870834,3.9276485788113575
p_final,0.228,53.578583765112285,49.53713298791021,4.041450777202073
p_final,0.23,53.497835497835524,49.34199134199136,4.155844155844164
p_final,0.232,53.416666666666686,49.14583333333334,4.270833333333343
p_final,0.234,53.33507397737165,48.94865100087034,4.386422976501308
p_final,0.23600000000000002,53.253054101221664,48.750436300174556,4.5026178010471085
p_final,0.23800000000000002,53.1706036745407,48.55118110236222,4.619422572178479
p_final,0.24,53.087719298245645,48.350877192982466,4.736842105263179
p_final,0.242,53.00439753737908,48.14951627088831,4.854881266490764
p_final,0.244,52.92063492063494,47.94708994708998,4.973544973544961
p_final,0.246,52.836427939876245,47.74358974358975,5.092838196286493
p_final,0.248,52.75177304964541,47.5390070921986,5.2127659574468055
p_final,0.25,52.666666666666686,47.33333333333334,5.333333333333343
