scope,sample_multiplier,projection_assumption,risk_level,policy4,policy6,profit,gap,mean_upper_minus_phat,family_size,status
Q2-S1,1.0,future sample fraction equals current p_hat,nominal,1001,100111,18.84111111111111,0.3149999999999977,0.0,3,
Q2-S1,1.0,future sample fraction equals current p_hat,robust90,1101,110111,14.496971714724118,0.788554998673547,0.06307468476333734,3,
Q2-S1,1.0,future sample fraction equals current p_hat,robust95,1101,110111,13.83788481439668,1.0407112015248998,0.07361906228827257,3,
Q2-S1,2.0,future sample fraction equals current p_hat,nominal,1001,100111,18.84111111111111,0.3149999999999977,0.0,3,
Q2-S1,2.0,future sample fraction equals current p_hat,robust90,1101,110111,15.777788660556183,0.27433301873099936,0.041750460513136606,3,
Q2-S1,2.0,future sample fraction equals current p_hat,robust95,1101,110111,15.367705605326513,0.44054370957964295,0.04868663180625902,3,
Q2-S1,4.0,future sample fraction equals current p_hat,nominal,1001,100111,18.84111111111111,0.3149999999999977,0.0,3,
Q2-S1,4.0,future sample fraction equals current p_hat,robust90,1001,100111,16.618339942659368,0.05436909124787803,0.02811341292516635,3,
Q2-S1,4.0,future sample fraction equals current p_hat,robust95,1101,110111,16.2991495746395,0.05678869175827117,0.03274934200671115,3,
Q2-S1,8.0,future sample fraction equals current p_hat,nominal,1001,100111,18.84111111111111,0.3149999999999977,0.0,3,
Q2-S1,8.0,future sample fraction equals current p_hat,robust90,1001,100111,17.335064761591838,0.26935368407840343,0.019184426861475447,3,
Q2-S1,8.0,future sample fraction equals current p_hat,robust95,1001,100111,17.084125067937087,0.19400870231924472,0.022326690631154583,3,
Q2-S1,16.0,future sample fraction equals current p_hat,nominal,1001,100111,18.84111111111111,0.3149999999999977,0.0,3,
Q2-S1,16.0,future sample fraction equals current p_hat,robust90,1001,100111,17.80798535206634,0.4127356066205863,0.013222315869736467,3,
Q2-S1,16.0,future sample fraction equals current p_hat,robust95,1001,100111,17.637712316798826,0.3610997897257491,0.015376187483510814,3,
Q2-S2,1.0,future sample fraction equals current p_hat,nominal,1101,110111,12.0,1.4799999999999898,0.0,3,
Q2-S2,1.0,future sample fraction equals current p_hat,robust90,1101,110111,6.269714225227666,1.9556954587843762,0.07670639764314152,3,
Q2-S2,1.0,future sample fraction equals current p_hat,robust95,1101,110111,5.229691675848848,1.9038040713029858,0.08904829392847348,3,
Q2-S2,2.0,future sample fraction equals current p_hat,nominal,1101,110111,12.0,1.4799999999999898,0.0,3,
Q2-S2,2.0,future sample fraction equals current p_hat,robust90,1101,110111,8.236943705280538,2.0533561016860915,0.05209755910811284,3,
Q2-S2,2.0,future sample fraction equals current p_hat,robust95,1101,110111,7.578907669480763,2.0196478284271535,0.060508054521891834,3,
Q2-S2,4.0,future sample fraction equals current p_hat,nominal,1101,110111,12.0,1.4799999999999898,0.0,3,
Q2-S2,4.0,future sample fraction equals current p_hat,robust90,1101,110111,9.472929404435362,2.116363145163618,0.035749715605579775,3,
Q2-S2,4.0,future sample fraction equals current p_hat,robust95,1101,110111,9.042276974407216,2.0939023268051997,0.04152191495779822,3,
Q2-S2,8.0,future sample fraction equals current p_hat,nominal,1101,110111,12.0,1.4799999999999898,0.0,3,
Q2-S2,8.0,future sample fraction equals current p_hat,robust90,1101,110111,10.276521667799834,2.058392081752096,0.02473067388099338,3,
Q2-S2,8.0,future sample fraction equals current p_hat,robust95,1101,110111,9.988052047345363,2.142870195193865,0.02871989686259438,3,
Q2-S2,16.0,future sample fraction equals current p_hat,nominal,1101,110111,12.0,1.4799999999999898,0.0,3,
Q2-S2,16.0,future sample fraction equals current p_hat,robust90,1101,110111,10.811866877548496,1.882542472389673,0.017212407090474623,3,
Q2-S2,16.0,future sample fraction equals current p_hat,robust95,1101,110111,10.615493402612273,1.947267803640358,0.019985578753625315,3,
Q2-S3,1.0,future sample fraction equals current p_hat,nominal,1011,101111,16.474444444444444,0.0449999999999946,0.0,3,
Q2-S3,1.0,future sample fraction equals current p_hat,robust90,1111,111111,12.013532530140324,0.2750595465623533,0.06307468476333734,3,
Q2-S3,1.0,future sample fraction equals current p_hat,robust95,1111,111111,11.386917154882703,0.4914741690889741,0.07361906228827257,3,
Q2-S3,2.0,future sample fraction equals current p_hat,nominal,1011,101111,16.474444444444444,0.0449999999999946,0.0,3,
Q2-S3,2.0,future sample fraction equals current p_hat,robust90,1011,101111,13.398224665301889,0.16634823991664405,0.041750460513136606,3,
Q2-S3,2.0,future sample fraction equals current p_hat,robust95,1011,101111,12.866142332110506,0.023553786142947786,0.04868663180625902,3,
Q2-S3,4.0,future sample fraction equals current p_hat,nominal,1011,101111,16.474444444444444,0.0449999999999946,0.0,3,
Q2-S3,4.0,future sample fraction equals current p_hat,robust90,1011,101111,14.427303205004712,0.4487607185708171,0.02811341292516635,3,
Q2-S3,4.0,future sample fraction equals current p_hat,robust95,1011,101111,14.080622747031974,0.35319600305286514,0.03274934200671115,3,
Q2-S3,8.0,future sample fraction equals current p_hat,nominal,1011,101111,16.474444444444444,0.0449999999999946,0.0,3,
Q2-S3,8.0,future sample fraction equals current p_hat,robust90,1011,101111,15.088092377499208,0.4099898972150342,0.019184426861475447,3,
Q2-S3,8.0,future sample fraction equals current p_hat,robust95,1011,101111,14.856909599373871,0.4678774085294961,0.022326690631154583,3,
Q2-S3,16.0,future sample fraction equals current p_hat,nominal,1011,101111,16.474444444444444,0.0449999999999946,0.0,3,
Q2-S3,16.0,future sample fraction equals current p_hat,robust90,1011,101111,15.523753599843118,0.2983695475761863,0.013222315869736467,3,
Q2-S3,16.0,future sample fraction equals current p_hat,robust95,1011,101111,15.366979429592199,0.33875328573687824,0.015376187483510814,3,
Q2-S4,1.0,future sample fraction equals current p_hat,nominal,1111,111111,14.75,1.9600000000000009,0.0,3,
Q2-S4,1.0,future sample fraction equals current p_hat,robust90,1111,111111,9.863515840317064,3.187700464436382,0.07670639764314152,3,
Q2-S4,1.0,future sample fraction equals current p_hat,robust95,1111,111111,8.975567513541321,3.3841139348864644,0.08904829392847348,3,
Q2-S4,2.0,future sample fraction equals current p_hat,nominal,1111,111111,14.75,1.9600000000000009,0.0,3,
Q2-S4,2.0,future sample fraction equals current p_hat,robust90,1111,111111,11.543440110914716,2.7929500262729903,0.05209755910811284,3,
Q2-S4,2.0,future sample fraction equals current p_hat,robust95,1111,111111,10.982239826941566,2.92696951606505,0.060508054521891834,3,
Q2-S4,4.0,future sample fraction equals current p_hat,nominal,1111,111111,14.75,1.9600000000000009,0.0,3,
Q2-S4,4.0,future sample fraction equals current p_hat,robust90,1111,111111,12.59775577586445,2.5309998819798523,0.035749715605579775,3,
Q2-S4,4.0,future sample fraction equals current p_hat,robust95,1111,111111,12.230759376906462,2.623006189126251,0.04152191495779822,3,
Q2-S4,8.0,future sample fraction equals current p_hat,nominal,1111,111111,14.75,1.9600000000000009,0.0,3,
Q2-S4,8.0,future sample fraction equals current p_hat,robust90,1111,111111,13.28268714350039,2.354670736239747,0.02473067388099338,3,
Q2-S4,8.0,future sample fraction equals current p_hat,robust95,1111,111111,13.036989460281674,2.418252003050533,0.02871989686259438,3,
Q2-S4,16.0,future sample fraction equals current p_hat,nominal,1111,111111,14.75,1.9600000000000009,0.0,3,
Q2-S4,16.0,future sample fraction equals current p_hat,robust90,1111,111111,13.738719797695055,2.2345088982003105,0.017212407090474623,3,
Q2-S4,16.0,future sample fraction equals current p_hat,robust95,1111,111111,13.571526349567236,2.2786995964581607,0.019985578753625315,3,
Q2-S5,1.0,future sample fraction equals current p_hat,nominal,0101,010111,14.963333333333331,0.31111111111111,0.0,3,
Q2-S5,1.0,future sample fraction equals current p_hat,robust90,0111,011111,8.106102092519741,0.7468167134064032,0.06800348354110791,3,
Q2-S5,1.0,future sample fraction equals current p_hat,robust95,0111,011111,6.942100241315302,0.9287183277918842,0.07918134596428718,3,
Q2-S5,2.0,future sample fraction equals current p_hat,nominal,0101,010111,14.963333333333331,0.31111111111111,0.0,3,
Q2-S5,2.0,future sample fraction equals current p_hat,robust90,0111,011111,10.37012428963007,0.3860507292712114,0.045524575837399654,3,
Q2-S5,2.0,future sample fraction equals current p_hat,robust95,0111,011111,9.630626797439234,0.5039478303030478,0.05299129609443071,3,
Q2-S5,4.0,future sample fraction equals current p_hat,nominal,0101,010111,14.963333333333331,0.31111111111111,0.0,3,
Q2-S5,4.0,future sample fraction equals current p_hat,robust90,0111,011111,11.78741005962899,0.1572353662542625,0.03091228087161649,3,
Q2-S5,4.0,future sample fraction equals current p_hat,robust95,0111,011111,11.302990838611905,0.2353649710686483,0.03596143614600059,3,
Q2-S5,8.0,future sample fraction equals current p_hat,nominal,0101,010111,14.963333333333331,0.31111111111111,0.0,3,
Q2-S5,8.0,future sample fraction equals current p_hat,robust90,0111,011111,12.704536288842156,0.008073642419645921,0.02122299364898859,3,
Q2-S5,8.0,future sample fraction equals current p_hat,robust95,0111,011111,12.38015825432047,0.06075875049809554,0.024675075303662777,3,
Q2-S5,16.0,future sample fraction equals current p_hat,nominal,0101,010111,14.963333333333331,0.31111111111111,0.0,3,
Q2-S5,16.0,future sample fraction equals current p_hat,robust90,0101,010111,13.404095528462932,0.09128467259526474,0.014691429314228113,3,
Q2-S5,16.0,future sample fraction equals current p_hat,robust95,0101,010111,13.147440855877242,0.05528769921768628,0.017072624369934227,3,
Q2-S6,1.0,future sample fraction equals current p_hat,nominal,0000,000000,21.678670360110807,0.34990523399913087,0.0,3,
Q2-S6,1.0,future sample fraction equals current p_hat,robust90,1000,100000,15.93970562799197,0.6550718973436673,0.05146046735591272,3,
Q2-S6,1.0,future sample fraction equals current p_hat,robust95,1000,100000,14.906349761037937,0.3660791679789739,0.06038109107372858,3,
Q2-S6,2.0,future sample fraction equals current p_hat,nominal,0000,000000,21.678670360110807,0.34990523399913087,0.0,3,
Q2-S6,2.0,future sample fraction equals current p_hat,robust90,1000,100000,17.970304299975226,1.2180324491229442,0.03301431002134501,3,
Q2-S6,2.0,future sample fraction equals current p_hat,robust95,1000,100000,17.358528436531863,1.0538114441575388,0.038660127625092765,3,
Q2-S6,4.0,future sample fraction equals current p_hat,nominal,0000,000000,21.678670360110807,0.34990523399913087,0.0,3,
Q2-S6,4.0,future sample fraction equals current p_hat,robust90,1000,100000,19.15695262708509,0.6626508274472229,0.021711502030795818,3,
Q2-S6,4.0,future sample fraction equals current p_hat,robust95,1000,100000,18.775560084142477,0.8481703774203098,0.025371959712583173,3,
Q2-S6,8.0,future sample fraction equals current p_hat,nominal,0000,000000,21.678670360110807,0.34990523399913087,0.0,3,
Q2-S6,8.0,future sample fraction equals current p_hat,robust90,1000,100000,19.887034726011876,0.31086749202042085,0.014560479012279288,3,
Q2-S6,8.0,future sample fraction equals current p_hat,robust95,1000,100000,19.640399001278432,0.4272773132811736,0.016985070747683805,3,
Q2-S6,16.0,future sample fraction equals current p_hat,nominal,0000,000000,21.678670360110807,0.34990523399913087,0.0,3,
Q2-S6,16.0,future sample fraction equals current p_hat,robust90,1000,100000,20.353780999555923,0.09177779906219996,0.009909908135792131,3,
Q2-S6,16.0,future sample fraction equals current p_hat,robust95,1000,100000,20.19008247770806,0.16747079163081935,0.011543820696696247,3,
Q3,,,,,,,,,12,skipped: sequential records require actual continued sampling
