pF,replacement_loss,policy16,profit,gap,scope
0.1,6.0,1111111111111101,47.64184259871391,1.6277217759611347,Q3_robust90
0.1,7.0,1111111111111101,47.53073148760279,1.8171319852350791,Q3_robust90
0.1,8.0,1111111111111101,47.41962037649168,2.0065421945090236,Q3_robust90
0.1,9.0,1111111111111101,47.308509265380565,2.188935222162087,Q3_robust90
0.1,10.0,1111111111111101,47.19739815426945,2.188935222162087,Q3_robust90
0.1,11.0,1111111111111101,47.086287043158336,2.188935222162087,Q3_robust90
0.1,12.0,1111111111111101,46.97517593204722,2.188935222162087,Q3_robust90
0.1,13.0,1111111111111101,46.86406482093611,2.188935222162087,Q3_robust90
0.1,14.0,1111111111111101,46.75295370982502,2.188935222162087,Q3_robust90
0.1,15.0,1111111111111101,46.64184259871391,2.188935222162087,Q3_robust90
0.1,16.0,1111111111111101,46.53073148760279,2.188935222162087,Q3_robust90
0.1,17.0,1111111111111101,46.41962037649168,2.188935222162087,Q3_robust90
0.1,18.0,1111111111111101,46.308509265380565,2.188935222162087,Q3_robust90
0.1,19.0,1111111111111101,46.19739815426945,2.188935222162087,Q3_robust90
0.1,20.0,1111111111111101,46.086287043158336,2.188935222162087,Q3_robust90
0.1,21.0,1111111111111101,45.97517593204722,2.188935222162087,Q3_robust90
0.1,22.0,1111111111111101,45.86406482093611,2.1889352221620584,Q3_robust90
0.1,23.0,1111111111111101,45.75295370982502,2.188935222162087,Q3_robust90
0.1,24.0,1111111111111101,45.64184259871391,2.188935222162087,Q3_robust90
0.1,25.0,1111111111111101,45.53073148760279,2.188935222162087,Q3_robust90
0.1,26.0,1111111111111101,45.41962037649168,2.188935222162087,Q3_robust90
0.1,27.0,1111111111111101,45.308509265380565,2.188935222162087,Q3_robust90
0.1,28.0,1111111111111101,45.19739815426945,2.188935222162087,Q3_robust90
0.1,29.0,1111111111111101,45.086287043158336,2.188935222162087,Q3_robust90
0.1,30.0,1111111111111101,44.97517593204722,2.188935222162087,Q3_robust90
0.1,31.0,1111111111111101,44.86406482093611,2.1889352221620584,Q3_robust90
0.1,32.0,1111111111111101,44.75295370982502,2.188935222162087,Q3_robust90
0.1,33.0,1111111111111101,44.64184259871391,2.188935222162087,Q3_robust90
0.1,34.0,1111111111111101,44.53073148760279,2.188935222162087,Q3_robust90
0.1,35.0,1111111111111101,44.41962037649168,2.188935222162087,Q3_robust90
0.1,36.0,1111111111111101,44.308509265380565,2.188935222162087,Q3_robust90
0.1,37.0,1111111111111101,44.19739815426945,2.188935222162087,Q3_robust90
0.1,38.0,1111111111111101,44.086287043158336,2.188935222162087,Q3_robust90
0.1,39.0,1111111111111101,43.97517593204722,2.188935222162087,Q3_robust90
0.1,40.0,1111111111111101,43.86406482093611,2.1889352221620584,Q3_robust90
0.1029803403091318,6.0,1111111111111101,47.55324282197742,1.6373851096710155,Q3_robust90
0.1029803403091318,7.0,1111111111111101,47.43844005350229,1.82679531894496,Q3_robust90
0.1029803403091318,8.0,1111111111111101,47.32363728502716,2.0162055282189044,Q3_robust90
0.1029803403091318,9.0,1111111111111101,47.20883451655203,2.188935222162087,Q3_robust90
0.1029803403091318,10.0,1111111111111101,47.0940317480769,2.188935222162087,Q3_robust90
0.1029803403091318,11.0,1111111111111101,46.97922897960174,2.188935222162087,Q3_robust90
0.1029803403091318,12.0,1111111111111101,46.86442621112661,2.188935222162087,Q3_robust90
0.1029803403091318,13.0,1111111111111101,46.74962344265148,2.188935222162087,Q3_robust90
0.1029803403091318,14.0,1111111111111101,46.63482067417635,2.188935222162087,Q3_robust90
0.1029803403091318,15.0,1111111111111101,46.52001790570122,2.188935222162087,Q3_robust90
0.1029803403091318,16.0,1111111111111101,46.405215137226094,2.188935222162087,Q3_robust90
0.1029803403091318,17.0,1111111111111101,46.290412368750964,2.188935222162087,Q3_robust90
0.1029803403091318,18.0,1111111111111101,46.175609600275834,2.188935222162087,Q3_robust90
0.1029803403091318,19.0,1111111111111101,46.060806831800704,2.188935222162087,Q3_robust90
0.1029803403091318,20.0,1111111111111101,45.946004063325574,2.188935222162087,Q3_robust90
0.1029803403091318,21.0,1111111111111101,45.831201294850445,2.188935222162087,Q3_robust90
0.1029803403091318,22.0,1111111111111101,45.716398526375315,2.188935222162087,Q3_robust90
0.1029803403091318,23.0,1111111111111101,45.601595757900185,2.188935222162087,Q3_robust90
0.1029803403091318,24.0,1111111111111101,45.486792989425055,2.188935222162087,Q3_robust90
0.1029803403091318,25.0,1111111111111101,45.371990220949925,2.188935222162087,Q3_robust90
0.1029803403091318,26.0,1111111111111101,45.257187452474795,2.188935222162087,Q3_robust90
0.1029803403091318,27.0,1111111111111101,45.142384683999666,2.188935222162087,Q3_robust90
0.1029803403091318,28.0,1111111111111101,45.027581915524536,2.188935222162087,Q3_robust90
0.1029803403091318,29.0,1111111111111101,44.91277914704938,2.1889352221620584,Q3_robust90
0.1029803403091318,30.0,1111111111111101,44.79797637857425,2.188935222162087,Q3_robust90
0.1029803403091318,31.0,1111111111111101,44.68317361009912,2.188935222162087,Q3_robust90
0.1029803403091318,32.0,1111111111111101,44.56837084162399,2.188935222162087,Q3_robust90
0.1029803403091318,33.0,1111111111111101,44.45356807314886,2.188935222162087,Q3_robust90
0.1029803403091318,34.0,1111111111111101,44.33876530467373,2.188935222162087,Q3_robust90
0.1029803403091318,35.0,1111111111111101,44.2239625361986,2.188935222162087,Q3_robust90
0.1029803403091318,36.0,1111111111111101,44.10915976772347,2.188935222162087,Q3_robust90
0.1029803403091318,37.0,1111111111111101,43.99435699924834,2.188935222162087,Q3_robust90
0.1029803403091318,38.0,1111111111111101,43.87955423077321,2.188935222162087,Q3_robust90
0.1029803403091318,39.0,1111111111111101,43.76475146229808,2.188935222162087,Q3_robust90
0.1029803403091318,40.0,1111111111111101,43.64994869382295,2.096705871845529,Q3_robust90
0.10596068061826358,6.0,1111111111111101,47.46405233859019,1.6470484433808679,Q3_robust90
0.10596068061826358,7.0,1111111111111101,47.34553329997394,1.8364586526548408,Q3_robust90
0.10596068061826358,8.0,1111111111111101,47.22701426135765,2.0258688619287852,Q3_robust90
0.10596068061826358,9.0,1111111111111101,47.108495222741396,2.188935222162087,Q3_robust90
0.10596068061826358,10.0,1111111111111101,46.98997618412514,2.188935222162087,Q3_robust90
0.10596068061826358,11.0,1111111111111101,46.871457145508884,2.1889352221621152,Q3_robust90
0.10596068061826358,12.0,1111111111111101,46.7529381068926,2.188935222162087,Q3_robust90
0.10596068061826358,13.0,1111111111111101,46.634419068276344,2.188935222162087,Q3_robust90
0.10596068061826358,14.0,1111111111111101,46.51590002966009,2.188935222162087,Q3_robust90
0.10596068061826358,15.0,1111111111111101,46.3973809910438,2.188935222162087,Q3_robust90
0.10596068061826358,16.0,1111111111111101,46.27886195242755,2.188935222162087,Q3_robust90
0.10596068061826358,17.0,1111111111111101,46.16034291381129,2.188935222162087,Q3_robust90
0.10596068061826358,18.0,1111111111111101,46.04182387519501,2.188935222162087,Q3_robust90
0.10596068061826358,19.0,1111111111111101,45.92330483657875,2.188935222162087,Q3_robust90
0.10596068061826358,20.0,1111111111111101,45.804785797962495,2.188935222162087,Q3_robust90
0.10596068061826358,21.0,1111111111111101,45.68626675934621,2.188935222162087,Q3_robust90
0.10596068061826358,22.0,1111111111111101,45.567747720729955,2.188935222162087,Q3_robust90
0.10596068061826358,23.0,1111111111111101,45.4492286821137,2.188935222162087,Q3_robust90
0.10596068061826358,24.0,1111111111111101,45.330709643497414,2.188935222162087,Q3_robust90
0.10596068061826358,25.0,1111111111111101,45.21219060488116,2.188935222162087,Q3_robust90
0.10596068061826358,26.0,1111111111111101,45.0936715662649,2.188935222162087,Q3_robust90
0.10596068061826358,27.0,1111111111111101,44.97515252764862,2.188935222162087,Q3_robust90
0.10596068061826358,28.0,1111111111111101,44.85663348903236,2.188935222162087,Q3_robust90
0.10596068061826358,29.0,1111111111111101,44.738114450416106,2.188935222162087,Q3_robust90
0.10596068061826358,30.0,1111111111111101,44.61959541179982,2.188935222162087,Q3_robust90
0.10596068061826358,31.0,1111111111111101,44.501076373183565,2.188935222162087,Q3_robust90
0.10596068061826358,32.0,1111111111111101,44.38255733456731,2.188935222162087,Q3_robust90
0.10596068061826358,33.0,1111111111111101,44.264038295951025,2.188935222162087,Q3_robust90
0.10596068061826358,34.0,1111111111111101,44.14551925733477,2.188935222162087,Q3_robust90
0.10596068061826358,35.0,1111111111111101,44.02700021871851,2.188935222162087,Q3_robust90
0.10596068061826358,36.0,1111111111111101,43.90848118010223,2.188935222162087,Q3_robust90
0.10596068061826358,37.0,1111111111111101,43.78996214148597,2.188935222162087,Q3_robust90
0.10596068061826358,38.0,1111111111111101,43.671443102869716,2.188935222162087,Q3_robust90
0.10596068061826358,39.0,1111111111111101,43.55292406425343,2.088871725663239,Q3_robust90
0.10596068061826358,40.0,1111111111111101,43.434405025637176,1.970352687046983,Q3_robust90
0.10894102092739538,6.0,1111111111111101,47.37426522131213,1.656711777090777,Q3_robust90
0.10894102092739538,7.0,1111111111111101,47.252005052809295,1.84612198636475,Q3_robust90
0.10894102092739538,8.0,1111111111111101,47.12974488430643,2.0355321956386945,Q3_robust90
0.10894102092739538,9.0,1111111111111101,47.00748471580357,2.188935222162087,Q3_robust90
0.10894102092739538,10.0,1111111111111101,46.88522454730074,2.188935222162087,Q3_robust90
0.10894102092739538,11.0,1111111111111101,46.762964378797875,2.188935222162087,Q3_robust90
0.10894102092739538,12.0,1111111111111101,46.64070421029501,2.188935222162087,Q3_robust90
0.10894102092739538,13.0,1111111111111101,46.51844404179218,2.188935222162087,Q3_robust90
0.10894102092739538,14.0,1111111111111101,46.39618387328932,2.188935222162087,Q3_robust90
0.10894102092739538,15.0,1111111111111101,46.27392370478648,2.188935222162087,Q3_robust90
0.10894102092739538,16.0,1111111111111101,46.15166353628362,2.188935222162087,Q3_robust90
0.10894102092739538,17.0,1111111111111101,46.02940336778076,2.188935222162087,Q3_robust90
0.10894102092739538,18.0,1111111111111101,45.907143199277925,2.188935222162087,Q3_robust90
0.10894102092739538,19.0,1111111111111101,45.78488303077506,2.188935222162087,Q3_robust90
0.10894102092739538,20.0,1111111111111101,45.6626228622722,2.188935222162087,Q3_robust90
0.10894102092739538,21.0,1111111111111101,45.54036269376937,2.188935222162087,Q3_robust90
0.10894102092739538,22.0,1111111111111101,45.418102525266505,2.188935222162087,Q3_robust90
0.10894102092739538,23.0,1111111111111101,45.29584235676367,2.188935222162087,Q3_robust90
0.10894102092739538,24.0,1111111111111101,45.17358218826081,2.188935222162087,Q3_robust90
0.10894102092739538,25.0,1111111111111101,45.05132201975795,2.188935222162087,Q3_robust90
0.10894102092739538,26.0,1111111111111101,44.92906185125511,2.188935222162087,Q3_robust90
0.10894102092739538,27.0,1111111111111101,44.80680168275225,2.188935222162087,Q3_robust90
0.10894102092739538,28.0,1111111111111101,44.68454151424942,2.1889352221621152,Q3_robust90
0.10894102092739538,29.0,1111111111111101,44.562281345746555,2.188935222162087,Q3_robust90
0.10894102092739538,30.0,1111111111111101,44.44002117724369,2.188935222162087,Q3_robust90
0.10894102092739538,31.0,1111111111111101,44.31776100874086,2.188935222162087,Q3_robust90
0.10894102092739538,32.0,1111111111111101,44.195500840238,2.188935222162087,Q3_robust90
0.10894102092739538,33.0,1111111111111101,44.073240671735135,2.188935222162087,Q3_robust90
0.10894102092739538,34.0,1111111111111101,43.9509805032323,2.188935222162087,Q3_robust90
0.10894102092739538,35.0,1111111111111101,43.82872033472944,2.188935222162087,Q3_robust90
0.10894102092739538,36.0,1111111111111101,43.706460166226606,2.188935222162087,Q3_robust90
0.10894102092739538,37.0,1111111111111101,43.58419999772374,2.188935222162087,Q3_robust90
0.10894102092739538,38.0,1111111111111101,43.46193982922088,2.0876746079087525,Q3_robust90
0.10894102092739538,39.0,1111111111111101,43.33967966071805,1.9654144394059188,Q3_robust90
0.10894102092739538,40.0,1111111111111101,43.217419492215186,1.8431542709030566,Q3_robust90
0.11192136123652717,6.0,1111111111111101,47.28387546333721,1.666375110800658,Q3_robust90
0.11192136123652717,7.0,1111111111111101,47.15784905491873,1.8557853200746024,Q3_robust90
0.11192136123652717,8.0,1111111111111101,47.031822646500274,2.0451955293485753,Q3_robust90
0.11192136123652717,9.0,1111111111111101,46.90579623808179,2.188935222162087,Q3_robust90
0.11192136123652717,10.0,1111111111111101,46.77976982966331,2.188935222162087,Q3_robust90
0.11192136123652717,11.0,1111111111111101,46.653743421244855,2.188935222162087,Q3_robust90
0.11192136123652717,12.0,1111111111111101,46.52771701282637,2.188935222162087,Q3_robust90
0.11192136123652717,13.0,1111111111111101,46.40169060440789,2.188935222162087,Q3_robust90
0.11192136123652717,14.0,1111111111111101,46.27566419598941,2.1889352221620584,Q3_robust90
0.11192136123652717,15.0,1111111111111101,46.14963778757095,2.188935222162087,Q3_robust90
0.11192136123652717,16.0,1111111111111101,46.02361137915247,2.188935222162087,Q3_robust90
0.11192136123652717,17.0,1111111111111101,45.89758497073399,2.188935222162087,Q3_robust90
0.11192136123652717,18.0,1111111111111101,45.77155856231553,2.188935222162087,Q3_robust90
0.11192136123652717,19.0,1111111111111101,45.64553215389705,2.188935222162087,Q3_robust90
0.11192136123652717,20.0,1111111111111101,45.51950574547857,2.188935222162087,Q3_robust90
0.11192136123652717,21.0,1111111111111101,45.393479337060114,2.188935222162087,Q3_robust90
0.11192136123652717,22.0,1111111111111101,45.26745292864163,2.188935222162087,Q3_robust90
0.11192136123652717,23.0,1111111111111101,45.14142652022315,2.188935222162087,Q3_robust90
0.11192136123652717,24.0,1111111111111101,45.015400111804695,2.188935222162087,Q3_robust90
0.11192136123652717,25.0,1111111111111101,44.88937370338621,2.188935222162087,Q3_robust90
0.11192136123652717,26.0,1111111111111101,44.76334729496773,2.188935222162087,Q3_robust90
0.11192136123652717,27.0,1111111111111101,44.637320886549276,2.188935222162087,Q3_robust90
0.11192136123652717,28.0,1111111111111101,44.51129447813079,2.188935222162087,Q3_robust90
0.11192136123652717,29.0,1111111111111101,44.38526806971231,2.188935222162087,Q3_robust90
0.11192136123652717,30.0,1111111111111101,44.259241661293856,2.188935222162087,Q3_robust90
0.11192136123652717,31.0,1111111111111101,44.133215252875374,2.188935222162087,Q3_robust90
0.11192136123652717,32.0,1111111111111101,44.00718884445689,2.188935222162087,Q3_robust90
0.11192136123652717,33.0,1111111111111101,43.88116243603844,2.188935222162087,Q3_robust90
0.11192136123652717,34.0,1111111111111101,43.755136027619955,2.188935222162087,Q3_robust90
0.11192136123652717,35.0,1111111111111101,43.62910961920147,2.188935222162087,Q3_robust90
0.11192136123652717,36.0,1111111111111101,43.50308321078302,2.188935222162087,Q3_robust90
0.11192136123652717,37.0,1111111111111101,43.377056802364535,2.093181339027325,Q3_robust90
0.11192136123652717,38.0,1111111111111101,43.25103039394605,1.9671549306088423,Q3_robust90
0.11192136123652717,39.0,1111111111111101,43.1250039855276,1.8411285221903881,Q3_robust90
0.11192136123652717,40.0,1111111111111101,42.998977577109116,1.7151021137719056,Q3_robust90
0.11490170154565896,6.0,1111111111111101,47.192876976953926,1.6760384445105387,Q3_robust90
0.11490170154565896,7.0,1111111111111101,47.06305896493615,1.8654486537844832,Q3_robust90
0.11490170154565896,8.0,1111111111111101,46.933240952918396,2.054858863058456,Q3_robust90
0.11490170154565896,9.0,1111111111111101,46.80342294090062,2.188935222162087,Q3_robust90
0.11490170154565896,10.0,1111111111111101,46.67360492888284,2.188935222162087,Q3_robust90
0.11490170154565896,11.0,1111111111111101,46.54378691686506,2.188935222162087,Q3_robust90
0.11490170154565896,12.0,1111111111111101,46.41396890484728,2.188935222162087,Q3_robust90
0.11490170154565896,13.0,1111111111111101,46.2841508928295,2.188935222162087,Q3_robust90
0.11490170154565896,14.0,1111111111111101,46.15433288081172,2.188935222162087,Q3_robust90
0.11490170154565896,15.0,1111111111111101,46.02451486879394,2.188935222162087,Q3_robust90
0.11490170154565896,16.0,1111111111111101,45.894696856776164,2.188935222162087,Q3_robust90
0.11490170154565896,17.0,1111111111111101,45.764878844758385,2.188935222162087,Q3_robust90
0.11490170154565896,18.0,1111111111111101,45.635060832740635,2.1889352221621152,Q3_robust90
0.11490170154565896,19.0,1111111111111101,45.505242820722856,2.188935222162087,Q3_robust90
0.11490170154565896,20.0,1111111111111101,45.37542480870508,2.188935222162087,Q3_robust90
0.11490170154565896,21.0,1111111111111101,45.2456067966873,2.188935222162087,Q3_robust90
0.11490170154565896,22.0,1111111111111101,45.11578878466952,2.188935222162087,Q3_robust90
0.11490170154565896,23.0,1111111111111101,44.98597077265174,2.188935222162087,Q3_robust90
0.11490170154565896,24.0,1111111111111101,44.85615276063396,2.188935222162087,Q3_robust90
0.11490170154565896,25.0,1111111111111101,44.72633474861618,2.188935222162087,Q3_robust90
0.11490170154565896,26.0,1111111111111101,44.5965167365984,2.188935222162087,Q3_robust90
0.11490170154565896,27.0,1111111111111101,44.466698724580624,2.188935222162087,Q3_robust90
0.11490170154565896,28.0,1111111111111101,44.336880712562845,2.188935222162087,Q3_robust90
0.11490170154565896,29.0,1111111111111101,44.207062700545094,2.188935222162087,Q3_robust90
0.11490170154565896,30.0,1111111111111101,44.077244688527315,2.188935222162087,Q3_robust90
0.11490170154565896,31.0,1111111111111101,43.94742667650954,2.188935222162087,Q3_robust90
0.11490170154565896,32.0,1111111111111101,43.81760866449176,2.188935222162087,Q3_robust90
0.11490170154565896,33.0,1111111111111101,43.68779065247398,2.188935222162087,Q3_robust90
0.11490170154565896,34.0,1111111111111101,43.5579726404562,2.188935222162087,Q3_robust90
0.11490170154565896,35.0,1111111111111101,43.42815462843842,2.188935222162087,Q3_robust90
0.11490170154565896,36.0,1111111111111101,43.29833661642064,2.1054596394667158,Q3_robust90
0.11490170154565896,37.0,1111111111111101,43.16851860440286,1.9756416274489368,Q3_robust90
0.11490170154565896,38.0,1111111111111101,43.038700592385084,1.8458236154311578,Q3_robust90
0.11490170154565896,39.0,1111111111111101,42.90888258036733,1.7160056034134072,Q3_robust90
0.11490170154565896,40.0,1111111111111101,42.779064568349554,1.5861875913956283,Q3_robust90
0.11788204185479075,6.0,1111111111111101,47.10126359217858,1.6857017782204196,Q3_robust90
0.11788204185479075,7.0,1111111111111101,46.96762835579517,1.875111987494364,Q3_robust90
0.11788204185479075,8.0,1111111111111101,46.83399311941176,2.064522196768337,Q3_robust90
0.11788204185479075,9.0,1111111111111101,46.700357883028346,2.188935222162087,Q3_robust90
0.11788204185479075,10.0,1111111111111101,46.56672264664493,2.188935222162087,Q3_robust90
0.11788204185479075,11.0,1111111111111101,46.43308741026152,2.188935222162087,Q3_robust90
0.11788204185479075,12.0,1111111111111101,46.29945217387811,2.188935222162087,Q3_robust90
0.11788204185479075,13.0,1111111111111101,46.1658169374947,2.188935222162087,Q3_robust90
0.11788204185479075,14.0,1111111111111101,46.032181701111284,2.188935222162087,Q3_robust90
0.11788204185479075,15.0,1111111111111101,45.89854646472784,2.188935222162087,Q3_robust90
0.11788204185479075,16.0,1111111111111101,45.76491122834443,2.188935222162087,Q3_robust90
0.11788204185479075,17.0,1111111111111101,45.63127599196102,2.188935222162087,Q3_robust90
0.11788204185479075,18.0,1111111111111101,45.497640755577606,2.188935222162087,Q3_robust90
0.11788204185479075,19.0,1111111111111101,45.364005519194194,2.188935222162087,Q3_robust90
0.11788204185479075,20.0,1111111111111101,45.23037028281078,2.188935222162087,Q3_robust90
0.11788204185479075,21.0,1111111111111101,45.09673504642737,2.188935222162087,Q3_robust90
0.11788204185479075,22.0,1111111111111101,44.96309981004396,2.188935222162087,Q3_robust90
0.11788204185479075,23.0,1111111111111101,44.829464573660545,2.188935222162087,Q3_robust90
0.11788204185479075,24.0,1111111111111101,44.695829337277104,2.188935222162087,Q3_robust90
0.11788204185479075,25.0,1111111111111101,44.56219410089369,2.188935222162087,Q3_robust90
0.11788204185479075,26.0,1111111111111101,44.42855886451028,2.188935222162087,Q3_robust90
0.11788204185479075,27.0,1111111111111101,44.29492362812687,2.188935222162087,Q3_robust90
0.11788204185479075,28.0,1111111111111101,44.161288391743454,2.188935222162087,Q3_robust90
0.11788204185479075,29.0,1111111111111101,44.02765315536004,2.188935222162087,Q3_robust90
0.11788204185479075,30.0,1111111111111101,43.89401791897663,2.188935222162087,Q3_robust90
0.11788204185479075,31.0,1111111111111101,43.76038268259322,2.188935222162087,Q3_robust90
0.11788204185479075,32.0,1111111111111101,43.626747446209805,2.188935222162087,Q3_robust90
0.11788204185479075,33.0,1111111111111101,43.493112209826364,2.188935222162087,Q3_robust90
0.11788204185479075,34.0,1111111111111101,43.35947697344295,2.188935222162087,Q3_robust90
0.11788204185479075,35.0,1111111111111101,43.22584173705954,2.1245781448809566,Q3_robust90
0.11788204185479075,36.0,1111111111111101,43.09220650067613,1.9909429084975443,Q3_robust90
0.11788204185479075,37.0,1111111111111101,42.958571264292715,1.857307672114132,Q3_robust90
0.11788204185479075,38.0,1111111111111101,42.8249360279093,1.7236724357307196,Q3_robust90
0.11788204185479075,39.0,1111111111111101,42.69130079152589,1.5900371993473073,Q3_robust90
0.11788204185479075,40.0,1111111111111101,42.55766555514248,1.456401962963895,Q3_robust90
0.12086238216392253,6.0,1111111111111101,47.00902905536071,1.6953651119303288,Q3_robust90
0.12086238216392253,7.0,1111111111111101,46.87155071327655,1.8847753212042733,Q3_robust90
0.12086238216392253,8.0,1111111111111101,46.73407237119238,2.0741855304782177,Q3_robust90
0.12086238216392253,9.0,1111111111111101,46.59659402910822,2.188935222162087,Q3_robust90
0.12086238216392253,10.0,1111111111111101,46.45911568702405,2.188935222162087,Q3_robust90
0.12086238216392253,11.0,1111111111111101,46.32163734493989,2.188935222162087,Q3_robust90
0.12086238216392253,12.0,1111111111111101,46.18415900285575,2.188935222162087,Q3_robust90
0.12086238216392253,13.0,1111111111111101,46.046680660771585,2.188935222162087,Q3_robust90
0.12086238216392253,14.0,1111111111111101,45.90920231868742,2.188935222162087,Q3_robust90
0.12086238216392253,15.0,1111111111111101,45.771723976603255,2.188935222162087,Q3_robust90
0.12086238216392253,16.0,1111111111111101,45.63424563451909,2.188935222162087,Q3_robust90
0.12086238216392253,17.0,1111111111111101,45.496767292434924,2.188935222162087,Q3_robust90
0.12086238216392253,18.0,1111111111111101,45.35928895035079,2.1889352221621152,Q3_robust90
0.12086238216392253,19.0,1111111111111101,45.22181060826662,2.188935222162087,Q3_robust90
0.12086238216392253,20.0,1111111111111101,45.08433226618246,2.188935222162087,Q3_robust90
0.12086238216392253,21.0,1111111111111101,44.94685392409829,2.188935222162087,Q3_robust90
0.12086238216392253,22.0,1111111111111101,44.80937558201413,2.188935222162087,Q3_robust90
0.12086238216392253,23.0,1111111111111101,44.67189723992996,2.188935222162087,Q3_robust90
0.12086238216392253,24.0,1111111111111101,44.534418897845796,2.188935222162087,Q3_robust90
0.12086238216392253,25.0,1111111111111101,44.39694055576166,2.188935222162087,Q3_robust90
0.12086238216392253,26.0,1111111111111101,44.259462213677494,2.188935222162087,Q3_robust90
0.12086238216392253,27.0,1111111111111101,44.12198387159333,2.188935222162087,Q3_robust90
0.12086238216392253,28.0,1111111111111101,43.984505529509164,2.188935222162087,Q3_robust90
0.12086238216392253,29.0,1111111111111101,43.847027187425,2.188935222162087,Q3_robust90
0.12086238216392253,30.0,1111111111111101,43.709548845340834,2.188935222162087,Q3_robust90
0.12086238216392253,31.0,1111111111111101,43.57207050325667,2.1889352221620584,Q3_robust90
0.12086238216392253,32.0,1111111111111101,43.43459216117253,2.188935222162087,Q3_robust90
0.12086238216392253,33.0,1111111111111101,43.297113819088366,2.188935222162087,Q3_robust90
0.12086238216392253,34.0,1111111111111101,43.1596354770042,2.150606421643488,Q3_robust90
0.12086238216392253,35.0,1111111111111101,43.022157134920036,2.0131280795593227,Q3_robust90
0.12086238216392253,36.0,1111111111111101,42.88467879283587,1.8756497374751575,Q3_robust90
0.12086238216392253,37.0,1111111111111101,42.747200450751706,1.7381713953909923,Q3_robust90
0.12086238216392253,38.0,1111111111111101,42.60972210866757,1.6006930533068555,Q3_robust90
0.12086238216392253,39.0,1111111111111101,42.472243766583404,1.4632147112226903,Q3_robust90
0.12086238216392253,40.0,1111111111111101,42.33476542449924,1.325736369138525,Q3_robust90
0.12384272247305433,6.0,1111111111111101,46.91616702776,1.7050284456402096,Q3_robust90
0.12384272247305433,7.0,1111111111111101,46.774819434525796,1.894438654914154,Q3_robust90
0.12384272247305433,8.0,1111111111111101,46.63347184129162,2.083848864188127,Q3_robust90
0.12384272247305433,9.0,1111111111111101,46.49212424805742,2.188935222162087,Q3_robust90
0.12384272247305433,10.0,1111111111111101,46.35077665482325,2.188935222162087,Q3_robust90
0.12384272247305433,11.0,1111111111111101,46.20942906158905,2.188935222162087,Q3_robust90
0.12384272247305433,12.0,1111111111111101,46.06808146835485,2.188935222162087,Q3_robust90
0.12384272247305433,13.0,1111111111111101,45.926733875120675,2.188935222162087,Q3_robust90
0.12384272247305433,14.0,1111111111111101,45.785386281886474,2.188935222162087,Q3_robust90
0.12384272247305433,15.0,1111111111111101,45.64403868865227,2.188935222162087,Q3_robust90
0.12384272247305433,16.0,1111111111111101,45.5026910954181,2.188935222162087,Q3_robust90
0.12384272247305433,17.0,1111111111111101,45.3613435021839,2.188935222162087,Q3_robust90
0.12384272247305433,18.0,1111111111111101,45.21999590894973,2.188935222162087,Q3_robust90
0.12384272247305433,19.0,1111111111111101,45.078648315715526,2.188935222162087,Q3_robust90
0.12384272247305433,20.0,1111111111111101,44.937300722481325,2.188935222162087,Q3_robust90
0.12384272247305433,21.0,1111111111111101,44.79595312924715,2.188935222162087,Q3_robust90
0.12384272247305433,22.0,1111111111111101,44.65460553601295,2.188935222162087,Q3_robust90
0.12384272247305433,23.0,1111111111111101,44.51325794277875,2.188935222162087,Q3_robust90
0.12384272247305433,24.0,1111111111111101,44.37191034954458,2.188935222162087,Q3_robust90
0.12384272247305433,25.0,1111111111111101,44.23056275631038,2.188935222162087,Q3_robust90
0.12384272247305433,26.0,1111111111111101,44.089215163076204,2.188935222162087,Q3_robust90
0.12384272247305433,27.0,1111111111111101,43.947867569842,2.188935222162087,Q3_robust90
0.12384272247305433,28.0,1111111111111101,43.8065199766078,2.188935222162087,Q3_robust90
0.12384272247305433,29.0,1111111111111101,43.66517238337363,2.188935222162087,Q3_robust90
0.12384272247305433,30.0,1111111111111101,43.52382479013943,2.188935222162087,Q3_robust90
0.12384272247305433,31.0,1111111111111101,43.38247719690523,2.188935222162087,Q3_robust90
0.12384272247305433,32.0,1111111111111101,43.241129603671055,2.188935222162087,Q3_robust90
0.12384272247305433,33.0,1111111111111101,43.099782010436854,2.1836149826768576,Q3_robust90
0.12384272247305433,34.0,1111111111111101,42.95843441720268,2.042267389442685,Q3_robust90
0.12384272247305433,35.0,1111111111111101,42.81708682396848,1.900919796208484,Q3_robust90
0.12384272247305433,36.0,1111111111111101,42.67573923073428,1.759572202974283,Q3_robust90
0.12384272247305433,37.0,1111111111111101,42.53439163750011,1.6182246097401105,Q3_robust90
0.12384272247305433,38.0,1111111111111101,42.393044044265906,1.4768770165059095,Q3_robust90
0.12384272247305433,39.0,1111111111111101,42.251696451031705,1.3355294232717085,Q3_robust90
0.12384272247305433,40.0,1111111111111101,42.11034885779753,1.194181830037536,Q3_robust90
0.1268230627821861,6.0,1111111111111101,46.82267108409428,1.7146917793500904,Q3_robust90
0.1268230627821861,7.0,1111111111111101,46.67742782654068,1.904101988624035,Q3_robust90
0.1268230627821861,8.0,1111111111111101,46.532184568987105,2.093512197898008,Q3_robust90
0.1268230627821861,9.0,1111111111111101,46.3869413114335,2.188935222162087,Q3_robust90
0.1268230627821861,10.0,1111111111111101,46.2416980538799,2.188935222162087,Q3_robust90
0.1268230627821861,11.0,1111111111111101,46.0964547963263,2.188935222162087,Q3_robust90
0.1268230627821861,12.0,1111111111111101,45.951211538772725,2.188935222162087,Q3_robust90
0.1268230627821861,13.0,1111111111111101,45.80596828121912,2.188935222162087,Q3_robust90
0.1268230627821861,14.0,1111111111111101,45.66072502366552,2.188935222162087,Q3_robust90
0.1268230627821861,15.0,1111111111111101,45.51548176611192,2.188935222162087,Q3_robust90
0.1268230627821861,16.0,1111111111111101,45.370238508558344,2.188935222162087,Q3_robust90
0.1268230627821861,17.0,1111111111111101,45.22499525100474,2.188935222162087,Q3_robust90
0.1268230627821861,18.0,1111111111111101,45.07975199345114,2.188935222162087,Q3_robust90
0.1268230627821861,19.0,1111111111111101,44.934508735897566,2.1889352221621152,Q3_robust90
0.1268230627821861,20.0,1111111111111101,44.789265478343964,2.188935222162087,Q3_robust90
0.1268230627821861,21.0,1111111111111101,44.64402222079036,2.188935222162087,Q3_robust90
0.1268230627821861,22.0,1111111111111101,44.49877896323676,2.188935222162087,Q3_robust90
0.1268230627821861,23.0,1111111111111101,44.353535705683186,2.188935222162087,Q3_robust90
0.1268230627821861,24.0,1111111111111101,44.20829244812958,2.188935222162087,Q3_robust90
0.1268230627821861,25.0,1111111111111101,44.06304919057598,2.188935222162087,Q3_robust90
0.1268230627821861,26.0,1111111111111101,43.91780593302238,2.188935222162087,Q3_robust90
0.1268230627821861,27.0,1111111111111101,43.772562675468805,2.188935222162087,Q3_robust90
0.1268230627821861,28.0,1111111111111101,43.6273194179152,2.188935222162087,Q3_robust90
0.1268230627821861,29.0,1111111111111101,43.4820761603616,2.188935222162087,Q3_robust90
0.1268230627821861,30.0,1111111111111101,43.336832902808,2.188935222162087,Q3_robust90
0.1268230627821861,31.0,1111111111111101,43.191589645254425,2.188935222162087,Q3_robust90
0.1268230627821861,32.0,1111111111111101,43.04634638770082,2.188935222162087,Q3_robust90
0.1268230627821861,33.0,1111111111111101,42.90110313014722,2.0784320460529386,Q3_robust90
0.1268230627821861,34.0,1111111111111101,42.75585987259362,1.9331887884993364,Q3_robust90
0.1268230627821861,35.0,1111111111111101,42.610616615040044,1.7879455309457626,Q3_robust90
0.1268230627821861,36.0,1111111111111101,42.46537335748644,1.6427022733921604,Q3_robust90
0.1268230627821861,37.0,1111111111111101,42.32013009993284,1.4974590158385581,Q3_robust90
0.1268230627821861,38.0,1111111111111101,42.17488684237924,1.3522157582849559,Q3_robust90
0.1268230627821861,39.0,1111111111111101,42.02964358482566,1.206972500731382,Q3_robust90
0.1268230627821861,40.0,1111111111111101,41.88440032727206,1.0617292431777798,Q3_robust90
0.1298034030913179,6.0,1111111111111101,46.72853471105748,1.7243551130599712,Q3_robust90
0.1298034030913179,7.0,1111111111111101,46.57936910462735,1.9137653223339157,Q3_robust90
0.1298034030913179,8.0,1111111111111101,46.430203498197216,2.1031755316078886,Q3_robust90
0.1298034030913179,9.0,1111111111111101,46.281037891767085,2.188935222162087,Q3_robust90
0.1298034030913179,10.0,1111111111111101,46.131872285336954,2.188935222162087,Q3_robust90
0.1298034030913179,11.0,1111111111111101,45.98270667890682,2.188935222162087,Q3_robust90
0.1298034030913179,12.0,1111111111111101,45.83354107247669,2.188935222162087,Q3_robust90
0.1298034030913179,13.0,1111111111111101,45.68437546604656,2.188935222162087,Q3_robust90
0.1298034030913179,14.0,1111111111111101,45.53520985961643,2.1889352221620584,Q3_robust90
0.1298034030913179,15.0,1111111111111101,45.38604425318633,2.188935222162087,Q3_robust90
0.1298034030913179,16.0,1111111111111101,45.236878646756196,2.188935222162087,Q3_robust90
0.1298034030913179,17.0,1111111111111101,45.087713040326065,2.188935222162087,Q3_robust90
0.1298034030913179,18.0,1111111111111101,44.938547433895934,2.188935222162087,Q3_robust90
0.1298034030913179,19.0,1111111111111101,44.7893818274658,2.188935222162087,Q3_robust90
0.1298034030913179,20.0,1111111111111101,44.64021622103567,2.188935222162087,Q3_robust90
0.1298034030913179,21.0,1111111111111101,44.49105061460554,2.188935222162087,Q3_robust90
0.1298034030913179,22.0,1111111111111101,44.34188500817541,2.188935222162087,Q3_robust90
0.1298034030913179,23.0,1111111111111101,44.19271940174528,2.188935222162087,Q3_robust90
0.1298034030913179,24.0,1111111111111101,44.04355379531515,2.188935222162087,Q3_robust90
0.1298034030913179,25.0,1111111111111101,43.89438818888502,2.188935222162087,Q3_robust90
0.1298034030913179,26.0,1111111111111101,43.745222582454886,2.188935222162087,Q3_robust90
0.1298034030913179,27.0,1111111111111101,43.596056976024784,2.188935222162087,Q3_robust90
0.1298034030913179,28.0,1111111111111101,43.44689136959465,2.188935222162087,Q3_robust90
0.1298034030913179,29.0,1111111111111101,43.29772576316452,2.188935222162087,Q3_robust90
0.1298034030913179,30.0,1111111111111101,43.14856015673439,2.188935222162087,Q3_robust90
0.1298034030913179,31.0,1111111111111101,42.99939455030426,2.188935222162087,Q3_robust90
0.1298034030913179,32.0,1111111111111101,42.85022894387413,2.121694232816651,Q3_robust90
0.1298034030913179,33.0,1111111111111101,42.701063337444,1.97252862638652,Q3_robust90
0.1298034030913179,34.0,1111111111111101,42.55189773101387,1.823363019956389,Q3_robust90
0.1298034030913179,35.0,1111111111111101,42.402732124583736,1.674197413526258,Q3_robust90
0.1298034030913179,36.0,1111111111111101,42.253566518153605,1.525031807096127,Q3_robust90
0.1298034030913179,37.0,1111111111111101,42.104400911723474,1.375866200665996,Q3_robust90
0.1298034030913179,38.0,1111111111111101,41.95523530529334,1.226700594235865,Q3_robust90
0.1298034030913179,39.0,1111111111111101,41.80606969886321,1.077534987805734,Q3_robust90
0.1298034030913179,40.0,1111111111111101,41.65690409243311,0.9283693813756315,Q3_robust90
0.13278374340044968,6.0,1111111111111101,46.63375130580698,1.734018446769852,Q3_robust90
0.13278374340044968,7.0,1111111111111101,46.48063639082477,1.923428656043825,Q3_robust90
0.13278374340044968,8.0,1111111111111101,46.32752147584253,2.1128388653177694,Q3_robust90
0.13278374340044968,9.0,1111111111111101,46.17440656086029,2.188935222162087,Q3_robust90
0.13278374340044968,10.0,1111111111111101,46.02129164587808,2.1889352221621152,Q3_robust90
0.13278374340044968,11.0,1111111111111101,45.86817673089584,2.188935222162087,Q3_robust90
0.13278374340044968,12.0,1111111111111101,45.7150618159136,2.188935222162087,Q3_robust90
0.13278374340044968,13.0,1111111111111101,45.56194690093136,2.188935222162087,Q3_robust90
0.13278374340044968,14.0,1111111111111101,45.40883198594915,2.188935222162087,Q3_robust90
0.13278374340044968,15.0,1111111111111101,45.25571707096691,2.188935222162087,Q3_robust90
0.13278374340044968,16.0,1111111111111101,45.10260215598467,2.188935222162087,Q3_robust90
0.13278374340044968,17.0,1111111111111101,44.94948724100243,2.188935222162087,Q3_robust90
0.13278374340044968,18.0,1111111111111101,44.79637232602022,2.188935222162087,Q3_robust90
0.13278374340044968,19.0,1111111111111101,44.64325741103798,2.188935222162087,Q3_robust90
0.13278374340044968,20.0,1111111111111101,44.49014249605574,2.188935222162087,Q3_robust90
0.13278374340044968,21.0,1111111111111101,44.3370275810735,2.188935222162087,Q3_robust90
0.13278374340044968,22.0,1111111111111101,44.18391266609129,2.188935222162087,Q3_robust90
0.13278374340044968,23.0,1111111111111101,44.03079775110905,2.188935222162087,Q3_robust90
0.13278374340044968,24.0,1111111111111101,43.87768283612681,2.188935222162087,Q3_robust90
0.13278374340044968,25.0,1111111111111101,43.72456792114457,2.1889352221620584,Q3_robust90
0.13278374340044968,26.0,1111111111111101,43.57145300616236,2.188935222162087,Q3_robust90
0.13278374340044968,27.0,1111111111111101,43.41833809118012,2.188935222162087,Q3_robust90
0.13278374340044968,28.0,1111111111111101,43.26522317619788,2.188935222162087,Q3_robust90
0.13278374340044968,29.0,1111111111111101,43.11210826121567,2.188935222162087,Q3_robust90
0.13278374340044968,30.0,1111111111111101,42.95899334623343,2.188935222162087,Q3_robust90
0.13278374340044968,31.0,1111111111111101,42.80587843125119,2.172127125444206,Q3_robust90
0.13278374340044968,32.0,1111111111111101,42.65276351626895,2.019012210461966,Q3_robust90
0.13278374340044968,33.0,1111111111111101,42.49964860128674,1.8658972954797548,Q3_robust90
0.13278374340044968,34.0,1111111111111101,42.3465336863045,1.712782380497515,Q3_robust90
0.13278374340044968,35.0,1111111111111101,42.19341877132226,1.5596674655152754,Q3_robust90
0.13278374340044968,36.0,1111111111111101,42.04030385634002,1.4065525505330356,Q3_robust90
0.13278374340044968,37.0,1111111111111101,41.887188941357806,1.2534376355508243,Q3_robust90
0.13278374340044968,38.0,1111111111111101,41.734074026375566,1.1003227205685846,Q3_robust90
0.13278374340044968,39.0,1111111111111101,41.58095911139333,0.9472078055863449,Q3_robust90
0.13278374340044968,40.0,1111111111111101,41.427844196411115,0.7940928906041336,Q3_robust90
0.13576408370958148,6.0,1111111111111101,46.53831417441998,1.7436817804797329,Q3_robust90
0.13576408370958148,7.0,1111111111111101,46.38122271229662,1.9330919897537058,Q3_robust90
0.13576408370958148,8.0,1111111111111101,46.22413125017326,2.1225021990276502,Q3_robust90
0.13576408370958148,9.0,1111111111111101,46.0670397880499,2.1889352221620584,Q3_robust90
0.13576408370958148,10.0,1111111111111101,45.909948325926564,2.188935222162087,Q3_robust90
0.13576408370958148,11.0,1111111111111101,45.7528568638032,2.188935222162087,Q3_robust90
0.13576408370958148,12.0,1111111111111101,45.59576540167984,2.188935222162087,Q3_robust90
0.13576408370958148,13.0,1111111111111101,45.43867393955648,2.188935222162087,Q3_robust90
0.13576408370958148,14.0,1111111111111101,45.28158247743312,2.188935222162087,Q3_robust90
0.13576408370958148,15.0,1111111111111101,45.12449101530976,2.188935222162087,Q3_robust90
0.13576408370958148,16.0,1111111111111101,44.9673995531864,2.188935222162087,Q3_robust90
0.13576408370958148,17.0,1111111111111101,44.810308091063064,2.188935222162087,Q3_robust90
0.13576408370958148,18.0,1111111111111101,44.6532166289397,2.188935222162087,Q3_robust90
0.13576408370958148,19.0,1111111111111101,44.49612516681634,2.188935222162087,Q3_robust90
0.13576408370958148,20.0,1111111111111101,44.33903370469298,2.188935222162087,Q3_robust90
0.13576408370958148,21.0,1111111111111101,44.18194224256962,2.188935222162087,Q3_robust90
0.13576408370958148,22.0,1111111111111101,44.02485078044626,2.188935222162087,Q3_robust90
0.13576408370958148,23.0,1111111111111101,43.867759318322896,2.188935222162087,Q3_robust90
0.13576408370958148,24.0,1111111111111101,43.710667856199535,2.188935222162087,Q3_robust90
0.13576408370958148,25.0,1111111111111101,43.5535763940762,2.188935222162087,Q3_robust90
0.13576408370958148,26.0,1111111111111101,43.39648493195284,2.188935222162087,Q3_robust90
0.13576408370958148,27.0,1111111111111101,43.23939346982948,2.188935222162087,Q3_robust90
0.13576408370958148,28.0,1111111111111101,43.08230200770612,2.188935222162087,Q3_robust90
0.13576408370958148,29.0,1111111111111101,42.92521054558276,2.188935222162087,Q3_robust90
0.13576408370958148,30.0,1111111111111101,42.768119083459396,2.188935222162087,Q3_robust90
0.13576408370958148,31.0,1111111111111101,42.611027621336035,2.0727134469160546,Q3_robust90
0.13576408370958148,32.0,1111111111111101,42.453936159212674,1.9156219847926934,Q3_robust90
0.13576408370958148,33.0,1111111111111101,42.29684469708934,1.7585305226693606,Q3_robust90
0.13576408370958148,34.0,1111111111111101,42.13975323496598,1.6014390605459994,Q3_robust90
0.13576408370958148,35.0,1111111111111101,41.98266177284262,1.4443475984226382,Q3_robust90
0.13576408370958148,36.0,1111111111111101,41.82557031071926,1.287256136299277,Q3_robust90
0.13576408370958148,37.0,1111111111111101,41.668478848595896,1.1301646741759157,Q3_robust90
0.13576408370958148,38.0,1111111111111101,41.511387386472535,0.9730732120525545,Q3_robust90
0.13576408370958148,39.0,1111111111111101,41.354295924349174,0.8159817499291933,Q3_robust90
0.13576408370958148,40.0,1111111111111101,41.19720446222584,0.6588902878058605,Q3_robust90
0.13874442401871329,6.0,1111111111111101,46.44221653031738,1.7533451141896421,Q3_robust90
0.13874442401871329,7.0,1111111111111101,46.28112099968973,1.9427553234635866,Q3_robust90
0.13874442401871329,8.0,1111111111111101,46.120025469062114,2.1321655327375595,Q3_robust90
0.13874442401871329,9.0,1111111111111101,45.958929938434466,2.188935222162087,Q3_robust90
0.13874442401871329,10.0,1111111111111101,45.797834407806846,2.188935222162087,Q3_robust90
0.13874442401871329,11.0,1111111111111101,45.6367388771792,2.188935222162087,Q3_robust90
0.13874442401871329,12.0,1111111111111101,45.47564334655158,2.188935222162087,Q3_robust90
0.13874442401871329,13.0,1111111111111101,45.31454781592393,2.188935222162087,Q3_robust90
0.13874442401871329,14.0,1111111111111101,45.15345228529631,2.188935222162087,Q3_robust90
0.13874442401871329,15.0,1111111111111101,44.99235675466866,2.188935222162087,Q3_robust90
0.13874442401871329,16.0,1111111111111101,44.83126122404104,2.188935222162087,Q3_robust90
0.13874442401871329,17.0,1111111111111101,44.670165693413395,2.188935222162087,Q3_robust90
0.13874442401871329,18.0,1111111111111101,44.509070162785775,2.188935222162087,Q3_robust90
0.13874442401871329,19.0,1111111111111101,44.34797463215813,2.188935222162087,Q3_robust90
0.13874442401871329,20.0,1111111111111101,44.18687910153051,2.188935222162087,Q3_robust90
0.13874442401871329,21.0,1111111111111101,44.02578357090286,2.188935222162087,Q3_robust90
0.13874442401871329,22.0,1111111111111101,43.86468804027524,2.188935222162087,Q3_robust90
0.13874442401871329,23.0,1111111111111101,43.70359250964759,2.188935222162087,Q3_robust90
0.13874442401871329,24.0,1111111111111101,43.54249697901997,2.188935222162087,Q3_robust90
0.13874442401871329,25.0,1111111111111101,43.38140144839235,2.1889352221621152,Q3_robust90
0.13874442401871329,26.0,1111111111111101,43.220305917764705,2.188935222162087,Q3_robust90
0.13874442401871329,27.0,1111111111111101,43.059210387137085,2.188935222162087,Q3_robust90
0.13874442401871329,28.0,1111111111111101,42.89811485650944,2.188935222162087,Q3_robust90
0.13874442401871329,29.0,1111111111111101,42.73701932588182,2.188935222162087,Q3_robust90
0.13874442401871329,30.0,1111111111111101,42.57592379525417,2.1337072649367883,Q3_robust90
0.13874442401871329,31.0,1111111111111101,42.41482826462655,1.9726117343091687,Q3_robust90
0.13874442401871329,32.0,1111111111111101,42.2537327339989,1.8115162036815207,Q3_robust90
0.13874442401871329,33.0,1111111111111101,42.09263720337128,1.650420673053901,Q3_robust90
0.13874442401871329,34.0,1111111111111101,41.931541672743634,1.489325142426253,Q3_robust90
0.13874442401871329,35.0,1111111111111101,41.770446142116015,1.3282296117986334,Q3_robust90
0.13874442401871329,36.0,1111111111111101,41.60935061148837,1.1671340811709854,Q3_robust90
0.13874442401871329,37.0,1111111111111101,41.44825508086075,1.0060385505433658,Q3_robust90
0.13874442401871329,38.0,1111111111111101,41.2871595502331,0.8449430199157177,Q3_robust90
0.13874442401871329,39.0,1111111111111101,41.12606401960548,0.6838474892880981,Q3_robust90
0.13874442401871329,40.0,1111111111111101,40.96496848897783,0.5227519586604501,Q3_robust90
0.14172476432784506,6.0,1111111111111101,46.345451492655144,1.763008447899523,Q3_robust90
0.14172476432784506,7.0,1111111111111101,46.18032408545824,1.9524186571734674,Q3_robust90
0.14172476432784506,8.0,1111111111111101,46.01519667826136,2.1418288664474403,Q3_robust90
0.14172476432784506,9.0,1111111111111101,45.850069271064456,2.188935222162087,Q3_robust90
0.14172476432784506,10.0,1111111111111101,45.68494186386758,2.188935222162087,Q3_robust90
0.14172476432784506,11.0,1111111111111101,45.51981445667067,2.188935222162087,Q3_robust90
0.14172476432784506,12.0,1111111111111101,45.35468704947377,2.188935222162087,Q3_robust90
0.14172476432784506,13.0,1111111111111101,45.18955964227689,2.188935222162087,Q3_robust90
0.14172476432784506,14.0,1111111111111101,45.024432235079985,2.188935222162087,Q3_robust90
0.14172476432784506,15.0,1111111111111101,44.85930482788311,2.188935222162087,Q3_robust90
0.14172476432784506,16.0,1111111111111101,44.6941774206862,2.188935222162087,Q3_robust90
0.14172476432784506,17.0,1111111111111101,44.529050013489325,2.188935222162087,Q3_robust90
0.14172476432784506,18.0,1111111111111101,44.36392260629242,2.188935222162087,Q3_robust90
0.14172476432784506,19.0,1111111111111101,44.19879519909554,2.188935222162087,Q3_robust90
0.14172476432784506,20.0,1111111111111101,44.03366779189864,2.188935222162087,Q3_robust90
0.14172476432784506,21.0,1111111111111101,43.86854038470173,2.188935222162087,Q3_robust90
0.14172476432784506,22.0,1111111111111101,43.703412977504854,2.188935222162087,Q3_robust90
0.14172476432784506,23.0,1111111111111101,43.53828557030795,2.188935222162087,Q3_robust90
0.14172476432784506,24.0,1111111111111101,43.37315816311107,2.188935222162087,Q3_robust90
0.14172476432784506,25.0,1111111111111101,43.208030755914166,2.188935222162087,Q3_robust90
0.14172476432784506,26.0,1111111111111101,43.04290334871729,2.188935222162087,Q3_robust90
0.14172476432784506,27.0,1111111111111101,42.87777594152038,2.188935222162087,Q3_robust90
0.14172476432784506,28.0,1111111111111101,42.712648534323506,2.188935222162087,Q3_robust90
0.14172476432784506,29.0,1111111111111101,42.5475211271266,2.188935222162087,Q3_robust90
0.14172476432784506,30.0,1111111111111101,42.382393719929695,2.036942227274551,Q3_robust90
0.14172476432784506,31.0,1111111111111101,42.21726631273282,1.8718148200776739,Q3_robust90
0.14172476432784506,32.0,1111111111111101,42.05213890553591,1.7066874128807683,Q3_robust90
0.14172476432784506,33.0,1111111111111101,41.887011498339035,1.5415600056838912,Q3_robust90
0.14172476432784506,34.0,1111111111111101,41.72188409114213,1.3764325984869856,Q3_robust90
0.14172476432784506,35.0,1111111111111101,41.55675668394525,1.2113051912901085,Q3_robust90
0.14172476432784506,36.0,1111111111111101,41.39162927674835,1.046177784093203,Q3_robust90
0.14172476432784506,37.0,1111111111111101,41.22650186955147,0.8810503768963258,Q3_robust90
0.14172476432784506,38.0,1111111111111101,41.061374462354564,0.7159229696994203,Q3_robust90
0.14172476432784506,39.0,1111111111111101,40.89624705515769,0.5507955625025431,Q3_robust90
0.14172476432784506,40.0,1111111111111101,40.73111964796078,0.3856681553056376,Q3_robust90
0.14470510463697686,6.0,1111111111111101,46.24801208468199,1.7726717816094038,Q3_robust90
0.14470510463697686,7.0,1111111111111101,46.07882470215287,1.9620819908833482,Q3_robust90
0.14470510463697686,8.0,1111111111111101,45.909637319623755,2.1514922001572927,Q3_robust90
0.14470510463697686,9.0,1111111111111101,45.74044993709467,2.188935222162087,Q3_robust90
0.14470510463697686,10.0,1111111111111101,45.57126255456555,2.188935222162087,Q3_robust90
0.14470510463697686,11.0,1111111111111101,45.40207517203643,2.188935222162087,Q3_robust90
0.14470510463697686,12.0,1111111111111101,45.232887789507345,2.188935222162087,Q3_robust90
0.14470510463697686,13.0,1111111111111101,45.06370040697823,2.188935222162087,Q3_robust90
0.14470510463697686,14.0,1111111111111101,44.89451302444911,2.188935222162087,Q3_robust90
0.14470510463697686,15.0,1111111111111101,44.72532564192002,2.188935222162087,Q3_robust90
0.14470510463697686,16.0,1111111111111101,44.556138259390906,2.188935222162087,Q3_robust90
0.14470510463697686,17.0,1111111111111101,44.38695087686179,2.188935222162087,Q3_robust90
0.14470510463697686,18.0,1111111111111101,44.2177634943327,2.188935222162087,Q3_robust90
0.14470510463697686,19.0,1111111111111101,44.048576111803584,2.188935222162087,Q3_robust90
0.14470510463697686,20.0,1111111111111101,43.87938872927447,2.188935222162087,Q3_robust90
0.14470510463697686,21.0,1111111111111101,43.71020134674538,2.188935222162087,Q3_robust90
0.14470510463697686,22.0,1111111111111101,43.54101396421626,2.188935222162087,Q3_robust90
0.14470510463697686,23.0,1111111111111101,43.371826581687145,2.188935222162087,Q3_robust90
0.14470510463697686,24.0,1111111111111101,43.20263919915806,2.188935222162087,Q3_robust90
0.14470510463697686,25.0,1111111111111101,43.03345181662894,2.188935222162087,Q3_robust90
0.14470510463697686,26.0,1111111111111101,42.86426443409982,2.188935222162087,Q3_robust90
0.14470510463697686,27.0,1111111111111101,42.695077051570735,2.188935222162087,Q3_robust90
0.14470510463697686,28.0,1111111111111101,42.52588966904162,2.188935222162087,Q3_robust90
0.14470510463697686,29.0,1111111111111101,42.3567022865125,2.1086902018305125,Q3_robust90
0.14470510463697686,30.0,1111111111111101,42.18751490398341,1.939502819301424,Q3_robust90
0.14470510463697686,31.0,1111111111111101,42.018327521454296,1.7703154367723073,Q3_robust90
0.14470510463697686,32.0,1111111111111101,41.84914013892518,1.6011280542431905,Q3_robust90
0.14470510463697686,33.0,1111111111111101,41.67995275639609,1.431940671714102,Q3_robust90
0.14470510463697686,34.0,1111111111111101,41.510765373866974,1.2627532891849853,Q3_robust90
0.14470510463697686,35.0,1111111111111101,41.34157799133786,1.0935659066558685,Q3_robust90
0.14470510463697686,36.0,1111111111111101,41.17239060880877,0.9243785241267801,Q3_robust90
0.14470510463697686,37.0,1111111111111101,41.00320322627965,0.7551911415976633,Q3_robust90
0.14470510463697686,38.0,1111111111111101,40.834015843750535,0.5860037590685465,Q3_robust90
0.14470510463697686,39.0,1111111111111101,40.66482846122142,0.4168163765394297,Q3_robust90
0.14470510463697686,40.0,1111111111111101,40.49564107869233,0.24762899401034133,Q3_robust90
0.14768544494610863,6.0,1111111111111101,46.14989123206246,1.7823351153192846,Q3_robust90
0.14768544494610863,7.0,1111111111111101,45.97661548067421,1.9717453245932575,Q3_robust90
0.14768544494610863,8.0,1111111111111101,45.80333972928594,2.1611555338671735,Q3_robust90
0.14768544494610863,9.0,1111111111111101,45.63006397789769,2.188935222162087,Q3_robust90
0.14768544494610863,10.0,1111111111111101,45.456788226509445,2.188935222162087,Q3_robust90
0.14768544494610863,11.0,1111111111111101,45.2835124751212,2.188935222162087,Q3_robust90
0.14768544494610863,12.0,1111111111111101,45.110236723732925,2.188935222162087,Q3_robust90
0.14768544494610863,13.0,1111111111111101,44.93696097234468,2.188935222162087,Q3_robust90
0.14768544494610863,14.0,1111111111111101,44.76368522095643,2.188935222162087,Q3_robust90
0.14768544494610863,15.0,1111111111111101,44.59040946956816,2.188935222162087,Q3_robust90
0.14768544494610863,16.0,1111111111111101,44.41713371817991,2.188935222162087,Q3_robust90
0.14768544494610863,17.0,1111111111111101,44.243857966791666,2.188935222162087,Q3_robust90
0.14768544494610863,18.0,1111111111111101,44.07058221540342,2.188935222162087,Q3_robust90
0.14768544494610863,19.0,1111111111111101,43.897306464015145,2.188935222162087,Q3_robust90
0.14768544494610863,20.0,1111111111111101,43.7240307126269,2.188935222162087,Q3_robust90
0.14768544494610863,21.0,1111111111111101,43.55075496123865,2.188935222162087,Q3_robust90
0.14768544494610863,22.0,1111111111111101,43.37747920985038,2.188935222162087,Q3_robust90
0.14768544494610863,23.0,1111111111111101,43.20420345846213,2.188935222162087,Q3_robust90
0.14768544494610863,24.0,1111111111111101,43.030927707073886,2.188935222162087,Q3_robust90
0.14768544494610863,25.0,1111111111111101,42.85765195568564,2.188935222162087,Q3_robust90
0.14768544494610863,26.0,1111111111111101,42.684376204297365,2.188935222162087,Q3_robust90
0.14768544494610863,27.0,1111111111111101,42.51110045290912,2.188935222162087,Q3_robust90
0.14768544494610863,28.0,1111111111111101,42.33782470152087,2.1879334694584145,Q3_robust90
0.14768544494610863,29.0,1111111111111101,42.1645489501326,2.01465771807014,Q3_robust90
0.14768544494610863,30.0,1111111111111101,41.99127319874435,1.8413819666818938,Q3_robust90
0.14768544494610863,31.0,1111111111111101,41.817997447356106,1.6681062152936477,Q3_robust90
0.14768544494610863,32.0,1111111111111101,41.64472169596786,1.4948304639054015,Q3_robust90
0.14768544494610863,33.0,1111111111111101,41.471445944579585,1.321554712517127,Q3_robust90
0.14768544494610863,34.0,1111111111111101,41.29817019319134,1.1482789611288808,Q3_robust90
0.14768544494610863,35.0,1111111111111101,41.12489444180309,0.9750032097406347,Q3_robust90
0.14768544494610863,36.0,1111111111111101,40.95161869041482,0.8017274583523601,Q3_robust90
0.14768544494610863,37.0,1111111111111101,40.77834293902657,0.628451706964114,Q3_robust90
0.14768544494610863,38.0,1111111111111101,40.605067187638326,0.4551759555758679,Q3_robust90
0.14768544494610863,39.0,1111111111111101,40.43179143625008,0.28190020418762174,Q3_robust90
0.14768544494610863,40.0,1111111111111101,40.258515684861806,0.10862445279934718,Q3_robust90
0.15066578525524044,6.0,1111111111111101,46.05108176116488,1.7919984490291654,Q3_robust90
0.15066578525524044,7.0,1111111111111101,45.87368894848922,1.9814086583031099,Q3_robust90
0.15066578525524044,8.0,1111111111111101,45.69629613581358,2.1708188675770828,Q3_robust90
0.15066578525524044,9.0,1111111111111101,45.51890332313792,2.188935222162087,Q3_robust90
0.15066578525524044,10.0,1111111111111101,45.34151051046226,2.188935222162087,Q3_robust90
0.15066578525524044,11.0,1111111111111101,45.16411769778662,2.188935222162087,Q3_robust90
0.15066578525524044,12.0,1111111111111101,44.98672488511096,2.188935222162087,Q3_robust90
0.15066578525524044,13.0,1111111111111101,44.809332072435296,2.188935222162087,Q3_robust90
0.15066578525524044,14.0,1111111111111101,44.63193925975966,2.188935222162087,Q3_robust90
0.15066578525524044,15.0,1111111111111101,44.454546447084,2.188935222162087,Q3_robust90
0.15066578525524044,16.0,1111111111111101,44.277153634408336,2.188935222162087,Q3_robust90
0.15066578525524044,17.0,1111111111111101,44.0997608217327,2.188935222162087,Q3_robust90
0.15066578525524044,18.0,1111111111111101,43.92236800905704,2.188935222162087,Q3_robust90
0.15066578525524044,19.0,1111111111111101,43.744975196381375,2.188935222162087,Q3_robust90
0.15066578525524044,20.0,1111111111111101,43.56758238370574,2.188935222162087,Q3_robust90
0.15066578525524044,21.0,1111111111111101,43.39018957103008,2.188935222162087,Q3_robust90
0.15066578525524044,22.0,1111111111111101,43.212796758354415,2.188935222162087,Q3_robust90
0.15066578525524044,23.0,1111111111111101,43.03540394567878,2.188935222162087,Q3_robust90
0.15066578525524044,24.0,1111111111111101,42.85801113300312,2.188935222162087,Q3_robust90
0.15066578525524044,25.0,1111111111111101,42.680618320327454,2.188935222162087,Q3_robust90
0.15066578525524044,26.0,1111111111111101,42.50322550765182,2.188935222162087,Q3_robust90
0.15066578525524044,27.0,1111111111111101,42.32583269497616,2.188935222162087,Q3_robust90
0.15066578525524044,28.0,1111111111111101,42.148439882300494,2.0973581211356134,Q3_robust90
0.15066578525524044,29.0,1111111111111101,41.97104706962486,1.9199653084599788,Q3_robust90
0.15066578525524044,30.0,1111111111111101,41.793654256949196,1.7425724957843158,Q3_robust90
0.15066578525524044,31.0,1111111111111101,41.61626144427353,1.5651796831086529,Q3_robust90
0.15066578525524044,32.0,1111111111111101,41.4388686315979,1.3877868704330183,Q3_robust90
0.15066578525524044,33.0,1111111111111101,41.261475818922236,1.2103940577573553,Q3_robust90
0.15066578525524044,34.0,1111111111111101,41.08408300624657,1.0330012450816923,Q3_robust90
0.15066578525524044,35.0,1111111111111101,40.90669019357094,0.8556084324060578,Q3_robust90
0.15066578525524044,36.0,1111111111111101,40.729297380895275,0.6782156197303948,Q3_robust90
0.15066578525524044,37.0,1111111111111101,40.55190456821961,0.5008228070547318,Q3_robust90
0.15066578525524044,38.0,1111111111111101,40.37451175554398,0.32342999437909725,Q3_robust90
0.15066578525524044,39.0,1111111111111101,40.197118942868315,0.14603718170343427,Q3_robust90
0.15066578525524044,40.0,1111111111111111,40.05108176116488,0.03135563097222871,Q3_robust90
0.15364612556437224,6.0,1111111111111101,45.95157639731298,1.8016617827390746,Q3_robust90
0.15364612556437224,7.0,1111111111111101,45.77003752781016,1.991071992013019,Q3_robust90
0.15364612556437224,8.0,1111111111111101,45.588498658307344,2.1804822012869636,Q3_robust90
0.15364612556437224,9.0,1111111111111101,45.40695978880453,2.188935222162087,Q3_robust90
0.15364612556437224,10.0,1111111111111101,45.22542091930171,2.188935222162087,Q3_robust90
0.15364612556437224,11.0,1111111111111101,45.043882049798896,2.188935222162087,Q3_robust90
0.15364612556437224,12.0,1111111111111101,44.86234318029608,2.188935222162087,Q3_robust90
0.15364612556437224,13.0,1111111111111101,44.68080431079326,2.188935222162087,Q3_robust90
0.15364612556437224,14.0,1111111111111101,44.49926544129045,2.188935222162087,Q3_robust90
0.15364612556437224,15.0,1111111111111101,44.31772657178763,2.188935222162087,Q3_robust90
0.15364612556437224,16.0,1111111111111101,44.136187702284815,2.188935222162087,Q3_robust90
0.15364612556437224,17.0,1111111111111101,43.954648832782,2.188935222162087,Q3_robust90
0.15364612556437224,18.0,1111111111111101,43.77310996327918,2.188935222162087,Q3_robust90
0.15364612556437224,19.0,1111111111111101,43.591571093776366,2.188935222162087,Q3_robust90
0.15364612556437224,20.0,1111111111111101,43.41003222427355,2.188935222162087,Q3_robust90
0.15364612556437224,21.0,1111111111111101,43.228493354770734,2.188935222162087,Q3_robust90
0.15364612556437224,22.0,1111111111111101,43.04695448526792,2.188935222162087,Q3_robust90
0.15364612556437224,23.0,1111111111111101,42.8654156157651,2.188935222162087,Q3_robust90
0.15364612556437224,24.0,1111111111111101,42.683876746262285,2.188935222162087,Q3_robust90
0.15364612556437224,25.0,1111111111111101,42.50233787675947,2.188935222162087,Q3_robust90
0.15364612556437224,26.0,1111111111111101,42.32079900725665,2.188935222162087,Q3_robust90
0.15364612556437224,27.0,1111111111111101,42.13926013775384,2.1876837404408604,Q3_robust90
0.15364612556437224,28.0,1111111111111101,41.95772126825102,2.0061448709380443,Q3_robust90
0.15364612556437224,29.0,1111111111111101,41.776182398748205,1.824606001435228,Q3_robust90
0.15364612556437224,30.0,1111111111111101,41.59464352924539,1.643067131932412,Q3_robust90
0.15364612556437224,31.0,1111111111111101,41.41310465974257,1.4615282624295958,Q3_robust90
0.15364612556437224,32.0,1111111111111101,41.231565790239756,1.2799893929267796,Q3_robust90
0.15364612556437224,33.0,1111111111111101,41.05002692073694,1.0984505234239634,Q3_robust90
0.15364612556437224,34.0,1111111111111101,40.868488051234124,0.9169116539211473,Q3_robust90
0.15364612556437224,35.0,1111111111111101,40.68694918173131,0.7353727844183311,Q3_robust90
0.15364612556437224,36.0,1111111111111101,40.50541031222849,0.5538339149155149,Q3_robust90
0.15364612556437224,37.0,1111111111111101,40.323871442725675,0.37229504541269876,Q3_robust90
0.15364612556437224,38.0,1111111111111101,40.14233257322286,0.19075617590988259,Q3_robust90
0.15364612556437224,39.0,1111111111111101,39.96079370372004,0.009217306407066417,Q3_robust90
0.15364612556437224,40.0,1111111111111111,39.95157639731298,0.17232156309574975,Q3_robust90
0.156626465873504,6.0,1111111111111101,45.85136776300058,1.8113251164489554,Q3_robust90
0.156626465873504,7.0,1111111111111101,45.66565353373474,2.0007353257229,Q3_robust90
0.156626465873504,8.0,1111111111111101,45.4799393044689,2.188935222162087,Q3_robust90
0.156626465873504,9.0,1111111111111101,45.29422507520306,2.188935222162087,Q3_robust90
0.156626465873504,10.0,1111111111111101,45.108510845937246,2.188935222162087,Q3_robust90
0.156626465873504,11.0,1111111111111101,44.922796616671405,2.188935222162087,Q3_robust90
0.156626465873504,12.0,1111111111111101,44.737082387405565,2.188935222162087,Q3_robust90
0.156626465873504,13.0,1111111111111101,44.551368158139724,2.188935222162087,Q3_robust90
0.156626465873504,14.0,1111111111111101,44.36565392887391,2.188935222162087,Q3_robust90
0.156626465873504,15.0,1111111111111101,44.17993969960807,2.188935222162087,Q3_robust90
0.156626465873504,16.0,1111111111111101,43.99422547034223,2.188935222162087,Q3_robust90
0.156626465873504,17.0,1111111111111101,43.80851124107642,2.188935222162087,Q3_robust90
0.156626465873504,18.0,1111111111111101,43.622797011810576,2.188935222162087,Q3_robust90
0.156626465873504,19.0,1111111111111101,43.437082782544735,2.188935222162087,Q3_robust90
0.156626465873504,20.0,1111111111111101,43.251368553278894,2.188935222162087,Q3_robust90
0.156626465873504,21.0,1111111111111101,43.06565432401308,2.188935222162087,Q3_robust90
0.156626465873504,22.0,1111111111111101,42.87994009474724,2.188935222162087,Q3_robust90
0.156626465873504,23.0,1111111111111101,42.6942258654814,2.188935222162087,Q3_robust90
0.156626465873504,24.0,1111111111111101,42.50851163621556,2.188935222162087,Q3_robust90
0.156626465873504,25.0,1111111111111101,42.322797406949746,2.188935222162087,Q3_robust90
0.156626465873504,26.0,1111111111111101,42.137083177683905,2.188935222162087,Q3_robust90
0.156626465873504,27.0,1111111111111101,41.951368948418065,2.100001185417483,Q3_robust90
0.156626465873504,28.0,1111111111111101,41.76565471915225,1.9142869561516704,Q3_robust90
0.156626465873504,29.0,1111111111111101,41.57994048988641,1.7285727268858295,Q3_robust90
0.156626465873504,30.0,1111111111111101,41.39422626062057,1.5428584976199886,Q3_robust90
0.156626465873504,31.0,1111111111111101,41.20851203135473,1.3571442683541477,Q3_robust90
0.156626465873504,32.0,1111111111111101,41.02279780208892,1.1714300390883352,Q3_robust90
0.156626465873504,33.0,1111111111111101,40.837083572823076,0.9857158098224943,Q3_robust90
0.156626465873504,34.0,1111111111111101,40.651369343557235,0.8000015805566534,Q3_robust90
0.156626465873504,35.0,1111111111111101,40.465655114291394,0.6142873512908125,Q3_robust90
0.156626465873504,36.0,1111111111111101,40.27994088502558,0.428573122025,Q3_robust90
0.156626465873504,37.0,1111111111111101,40.09422665575974,0.24285889275915906,Q3_robust90
0.156626465873504,38.0,1111111111111101,39.9085124264939,0.05714466349331815,Q3_robust90
0.156626465873504,39.0,1111111111111111,39.85136776300058,0.12856956577249434,Q3_robust90
0.156626465873504,40.0,1111111111111111,39.85136776300058,0.31428379503833526,Q3_robust90
0.1596068061826358,6.0,1111111111111101,45.750448376068164,1.8209884501588363,Q3_robust90
0.1596068061826358,7.0,1111111111111101,45.56052917234683,2.010398659432809,Q3_robust90
0.1596068061826358,8.0,1111111111111101,45.37060996862547,2.188935222162087,Q3_robust90
0.1596068061826358,9.0,1111111111111101,45.180690764904114,2.188935222162087,Q3_robust90
0.1596068061826358,10.0,1111111111111101,44.99077156118278,2.188935222162087,Q3_robust90
0.1596068061826358,11.0,1111111111111101,44.80085235746142,2.188935222162087,Q3_robust90
0.1596068061826358,12.0,1111111111111101,44.61093315374006,2.188935222162087,Q3_robust90
0.1596068061826358,13.0,1111111111111101,44.42101395001873,2.188935222162087,Q3_robust90
0.1596068061826358,14.0,1111111111111101,44.23109474629737,2.188935222162087,Q3_robust90
0.1596068061826358,15.0,1111111111111101,44.04117554257601,2.188935222162087,Q3_robust90
0.1596068061826358,16.0,1111111111111101,43.85125633885468,2.188935222162087,Q3_robust90
0.1596068061826358,17.0,1111111111111101,43.66133713513332,2.188935222162087,Q3_robust90
0.1596068061826358,18.0,1111111111111101,43.47141793141196,2.188935222162087,Q3_robust90
0.1596068061826358,19.0,1111111111111101,43.28149872769063,2.188935222162087,Q3_robust90
0.1596068061826358,20.0,1111111111111101,43.09157952396927,2.188935222162087,Q3_robust90
0.1596068061826358,21.0,1111111111111101,42.90166032024791,2.188935222162087,Q3_robust90
0.1596068061826358,22.0,1111111111111101,42.71174111652658,2.188935222162087,Q3_robust90
0.1596068061826358,23.0,1111111111111101,42.52182191280522,2.188935222162087,Q3_robust90
0.1596068061826358,24.0,1111111111111101,42.33190270908386,2.188935222162087,Q3_robust90
0.1596068061826358,25.0,1111111111111101,42.14198350536253,2.188935222162087,Q3_robust90
0.1596068061826358,26.0,1111111111111101,41.95206430164117,2.188935222162087,Q3_robust90
0.1596068061826358,27.0,1111111111111101,41.76214509791981,2.0116967218516493,Q3_robust90
0.1596068061826358,28.0,1111111111111101,41.57222589419848,1.8217775181303182,Q3_robust90
0.1596068061826358,29.0,1111111111111101,41.38230669047712,1.6318583144089587,Q3_robust90
0.1596068061826358,30.0,1111111111111101,41.19238748675576,1.4419391106875992,Q3_robust90
0.1596068061826358,31.0,1111111111111101,41.00246828303443,1.252019906966268,Q3_robust90
0.1596068061826358,32.0,1111111111111101,40.81254907931307,1.0621007032449086,Q3_robust90
0.1596068061826358,33.0,1111111111111101,40.62262987559171,0.8721814995235491,Q3_robust90
0.1596068061826358,34.0,1111111111111101,40.43271067187038,0.682262295802218,Q3_robust90
0.1596068061826358,35.0,1111111111111101,40.24279146814902,0.49234309208085847,Q3_robust90
0.1596068061826358,36.0,1111111111111101,40.05287226442766,0.30242388835949896,Q3_robust90
0.1596068061826358,37.0,1111111111111101,39.86295306070633,0.11250468463816787,Q3_robust90
0.1596068061826358,38.0,1111111111111111,39.750448376068164,0.07741451908319164,Q3_robust90
0.1596068061826358,39.0,1111111111111111,39.750448376068164,0.26733372280455114,Q3_robust90
0.1596068061826358,40.0,1111111111111111,39.750448376068164,0.45725292652588223,Q3_robust90
0.1625871464917676,6.0,1111111111111101,45.64881064784069,1.830651783868717,Q3_robust90
0.1625871464917676,7.0,1111111111111101,45.45465653877653,2.0200619931426615,Q3_robust90
0.1625871464917676,8.0,1111111111111101,45.260502429712375,2.188935222162087,Q3_robust90
0.1625871464917676,9.0,1111111111111101,45.06634832064822,2.188935222162087,Q3_robust90
0.1625871464917676,10.0,1111111111111101,44.87219421158406,2.188935222162087,Q3_robust90
0.1625871464917676,11.0,1111111111111101,44.6780401025199,2.188935222162087,Q3_robust90
0.1625871464917676,12.0,1111111111111101,44.48388599345574,2.188935222162087,Q3_robust90
0.1625871464917676,13.0,1111111111111101,44.289731884391585,2.188935222162087,Q3_robust90
0.1625871464917676,14.0,1111111111111101,44.0955777753274,2.188935222162087,Q3_robust90
0.1625871464917676,15.0,1111111111111101,43.90142366626324,2.188935222162087,Q3_robust90
0.1625871464917676,16.0,1111111111111101,43.70726955719908,2.188935222162087,Q3_robust90
0.1625871464917676,17.0,1111111111111101,43.513115448134926,2.188935222162087,Q3_robust90
0.1625871464917676,18.0,1111111111111101,43.31896133907077,2.188935222162087,Q3_robust90
0.1625871464917676,19.0,1111111111111101,43.12480723000661,2.188935222162087,Q3_robust90
0.1625871464917676,20.0,1111111111111101,42.93065312094245,2.188935222162087,Q3_robust90
0.1625871464917676,21.0,1111111111111101,42.736499011878294,2.188935222162087,Q3_robust90
0.1625871464917676,22.0,1111111111111101,42.542344902814136,2.188935222162087,Q3_robust90
0.1625871464917676,23.0,1111111111111101,42.34819079374995,2.188935222162087,Q3_robust90
0.1625871464917676,24.0,1111111111111101,42.15403668468579,2.188935222162087,Q3_robust90
0.1625871464917676,25.0,1111111111111101,41.959882575621634,2.188935222162087,Q3_robust90
0.1625871464917676,26.0,1111111111111101,41.765728466557476,2.116917818716786,Q3_robust90
0.1625871464917676,27.0,1111111111111101,41.57157435749332,1.922763709652628,Q3_robust90
0.1625871464917676,28.0,1111111111111101,41.37742024842916,1.7286096005884701,Q3_robust90
0.1625871464917676,29.0,1111111111111101,41.183266139365,1.5344554915243123,Q3_robust90
0.1625871464917676,30.0,1111111111111101,40.989112030300845,1.3403013824601544,Q3_robust90
0.1625871464917676,31.0,1111111111111101,40.79495792123669,1.1461472733959965,Q3_robust90
0.1625871464917676,32.0,1111111111111101,40.6008038121725,0.9519931643318102,Q3_robust90
0.1625871464917676,33.0,1111111111111101,40.40664970310834,0.7578390552676524,Q3_robust90
0.1625871464917676,34.0,1111111111111101,40.212495594044185,0.5636849462034945,Q3_robust90
0.1625871464917676,35.0,1111111111111101,40.01834148498003,0.36953083713933665,Q3_robust90
0.1625871464917676,36.0,1111111111111101,39.82418737591587,0.1753767280751788,Q3_robust90
0.1625871464917676,37.0,1111111111111111,39.64881064784069,0.018777380988979075,Q3_robust90
0.1625871464917676,38.0,1111111111111111,39.64881064784069,0.21293149005313694,Q3_robust90
0.1625871464917676,39.0,1111111111111111,39.64881064784069,0.4070855991172948,Q3_robust90
0.1625871464917676,40.0,1111111111111111,39.64881064784069,0.6012397081814527,Q3_robust90
0.1655674868008994,6.0,1111111111111101,45.54644688122528,1.840315117578598,Q3_robust90
0.1655674868008994,7.0,1111111111111101,45.348027615218825,2.029725326852571,Q3_robust90
0.1655674868008994,8.0,1111111111111101,45.14960834921234,2.188935222162087,Q3_robust90
0.1655674868008994,9.0,1111111111111101,44.95118908320589,2.188935222162087,Q3_robust90
0.1655674868008994,10.0,1111111111111101,44.75276981719941,2.188935222162087,Q3_robust90
0.1655674868008994,11.0,1111111111111101,44.554350551192954,2.188935222162087,Q3_robust90
0.1655674868008994,12.0,1111111111111101,44.35593128518647,2.188935222162087,Q3_robust90
0.1655674868008994,13.0,1111111111111101,44.15751201917999,2.1889352221620584,Q3_robust90
0.1655674868008994,14.0,1111111111111101,43.959092753173536,2.188935222162087,Q3_robust90
0.1655674868008994,15.0,1111111111111101,43.760673487167054,2.188935222162087,Q3_robust90
0.1655674868008994,16.0,1111111111111101,43.5622542211606,2.188935222162087,Q3_robust90
0.1655674868008994,17.0,1111111111111101,43.36383495515412,2.188935222162087,Q3_robust90
0.1655674868008994,18.0,1111111111111101,43.165415689147665,2.188935222162087,Q3_robust90
0.1655674868008994,19.0,1111111111111101,42.96699642314118,2.188935222162087,Q3_robust90
0.1655674868008994,20.0,1111111111111101,42.76857715713473,2.188935222162087,Q3_robust90
0.1655674868008994,21.0,1111111111111101,42.57015789112825,2.188935222162087,Q3_robust90
0.1655674868008994,22.0,1111111111111101,42.371738625121765,2.188935222162087,Q3_robust90
0.1655674868008994,23.0,1111111111111101,42.17331935911531,2.188935222162087,Q3_robust90
0.1655674868008994,24.0,1111111111111101,41.97490009310883,2.188935222162087,Q3_robust90
0.1655674868008994,25.0,1111111111111101,41.776480827102375,2.188935222162087,Q3_robust90
0.1655674868008994,26.0,1111111111111101,41.57806156109589,2.0316146798706143,Q3_robust90
0.1655674868008994,27.0,1111111111111101,41.37964229508944,1.8331954138641606,Q3_robust90
0.1655674868008994,28.0,1111111111111101,41.18122302908296,1.6347761478576786,Q3_robust90
0.1655674868008994,29.0,1111111111111101,40.982803763076475,1.4363568818511965,Q3_robust90
0.1655674868008994,30.0,1111111111111101,40.78438449707002,1.2379376158447428,Q3_robust90
0.1655674868008994,31.0,1111111111111101,40.58596523106354,1.0395183498382607,Q3_robust90
0.1655674868008994,32.0,1111111111111101,40.387545965057086,0.8410990838318071,Q3_robust90
0.1655674868008994,33.0,1111111111111101,40.189126699050604,0.642679817825325,Q3_robust90
0.1655674868008994,34.0,1111111111111101,39.99070743304415,0.44426055181887136,Q3_robust90
0.1655674868008994,35.0,1111111111111101,39.79228816703767,0.2458412858123893,Q3_robust90
0.1655674868008994,36.0,1111111111111101,39.593868901031215,0.047422019805935633,Q3_robust90
0.1655674868008994,37.0,1111111111111111,39.54644688122528,0.15099724620054644,Q3_robust90
0.1655674868008994,38.0,1111111111111111,39.54644688122528,0.3494165122070285,Q3_robust90
0.1655674868008994,39.0,1111111111111111,39.54644688122528,0.5478357782134822,Q3_robust90
0.1655674868008994,40.0,1111111111111111,39.54644688122528,0.7462550442199642,Q3_robust90
0.1685478271100312,6.0,1111111111111101,45.443349268768145,1.8499784512885071,Q3_robust90
0.1685478271100312,7.0,1111111111111101,45.240634268909304,2.0393886605624516,Q3_robust90
0.1685478271100312,8.0,1111111111111101,45.037919269050434,2.188935222162087,Q3_robust90
0.1685478271100312,9.0,1111111111111101,44.83520426919159,2.188935222162087,Q3_robust90
0.1685478271100312,10.0,1111111111111101,44.63248926933275,2.188935222162087,Q3_robust90
0.1685478271100312,11.0,1111111111111101,44.42977426947388,2.188935222162087,Q3_robust90
0.1685478271100312,12.0,1111111111111101,44.22705926961504,2.188935222162087,Q3_robust90
0.1685478271100312,13.0,1111111111111101,44.0243442697562,2.188935222162087,Q3_robust90
0.1685478271100312,14.0,1111111111111101,43.82162926989733,2.188935222162087,Q3_robust90
0.1685478271100312,15.0,1111111111111101,43.61891427003849,2.188935222162087,Q3_robust90
0.1685478271100312,16.0,1111111111111101,43.416199270179646,2.188935222162087,Q3_robust90
0.1685478271100312,17.0,1111111111111101,43.213484270320805,2.1889352221621152,Q3_robust90
0.1685478271100312,18.0,1111111111111101,43.010769270461935,2.188935222162087,Q3_robust90
0.1685478271100312,19.0,1111111111111101,42.808054270603094,2.188935222162087,Q3_robust90
0.1685478271100312,20.0,1111111111111101,42.60533927074425,2.1889352221621152,Q3_robust90
0.1685478271100312,21.0,1111111111111101,42.40262427088538,2.188935222162087,Q3_robust90
0.1685478271100312,22.0,1111111111111101,42.19990927102654,2.188935222162087,Q3_robust90
0.1685478271100312,23.0,1111111111111101,41.9971942711677,2.1889352221621152,Q3_robust90
0.1685478271100312,24.0,1111111111111101,41.79447927130883,2.188935222162087,Q3_robust90
0.1685478271100312,25.0,1111111111111101,41.59176427144999,2.148415002681844,Q3_robust90
0.1685478271100312,26.0,1111111111111101,41.38904927159115,1.9457000028230027,Q3_robust90
0.1685478271100312,27.0,1111111111111101,41.18633427173228,1.742985002964133,Q3_robust90
0.1685478271100312,28.0,1111111111111101,40.98361927187344,1.5402700031052916,Q3_robust90
0.1685478271100312,29.0,1111111111111101,40.780904272014595,1.3375550032464503,Q3_robust90
0.1685478271100312,30.0,1111111111111101,40.578189272155726,1.1348400033875805,Q3_robust90
0.1685478271100312,31.0,1111111111111101,40.375474272296884,0.9321250035287392,Q3_robust90
0.1685478271100312,32.0,1111111111111101,40.17275927243804,0.7294100036698978,Q3_robust90
0.1685478271100312,33.0,1111111111111101,39.97004427257917,0.5266950038110281,Q3_robust90
0.1685478271100312,34.0,1111111111111101,39.76732927272033,0.32398000395218673,Q3_robust90
0.1685478271100312,35.0,1111111111111101,39.56461427286149,0.1212650040933454,Q3_robust90
0.1685478271100312,36.0,1111111111111111,39.443349268768145,0.08144999576552436,Q3_robust90
0.1685478271100312,37.0,1111111111111111,39.443349268768145,0.2841649956243657,Q3_robust90
0.1685478271100312,38.0,1111111111111111,39.443349268768145,0.48687999548320704,Q3_robust90
0.1685478271100312,39.0,1111111111111111,39.443349268768145,0.6895949953420768,Q3_robust90
0.1685478271100312,40.0,1111111111111111,39.443349268768145,0.8923099952009181,Q3_robust90
0.17152816741916296,6.0,1111111111111101,45.33950989066949,1.859641784998388,Q3_robust90
0.17152816741916296,7.0,1111111111111101,45.13246825005655,2.049051994272361,Q3_robust90
0.17152816741916296,8.0,1111111111111101,44.925426609443576,2.188935222162087,Q3_robust90
0.17152816741916296,9.0,1111111111111101,44.718384968830605,2.188935222162087,Q3_robust90
0.17152816741916296,10.0,1111111111111101,44.51134332821766,2.188935222162087,Q3_robust90
0.17152816741916296,11.0,1111111111111101,44.30430168760469,2.188935222162087,Q3_robust90
0.17152816741916296,12.0,1111111111111101,44.09726004699172,2.188935222162087,Q3_robust90
0.17152816741916296,13.0,1111111111111101,43.89021840637878,2.188935222162087,Q3_robust90
0.17152816741916296,14.0,1111111111111101,43.68317676576581,2.188935222162087,Q3_robust90
0.17152816741916296,15.0,1111111111111101,43.47613512515284,2.188935222162087,Q3_robust90
0.17152816741916296,16.0,1111111111111101,43.269093484539894,2.188935222162087,Q3_robust90
0.17152816741916296,17.0,1111111111111101,43.06205184392692,2.188935222162087,Q3_robust90
0.17152816741916296,18.0,1111111111111101,42.85501020331395,2.188935222162087,Q3_robust90
0.17152816741916296,19.0,1111111111111101,42.64796856270101,2.188935222162087,Q3_robust90
0.17152816741916296,20.0,1111111111111101,42.44092692208804,2.188935222162087,Q3_robust90
0.17152816741916296,21.0,1111111111111101,42.23388528147507,2.188935222162087,Q3_robust90
0.17152816741916296,22.0,1111111111111101,42.026843640862126,2.188935222162087,Q3_robust90
0.17152816741916296,23.0,1111111111111101,41.819802000249155,2.188935222162087,Q3_robust90
0.17152816741916296,24.0,1111111111111101,41.612760359636184,2.188935222162087,Q3_robust90
0.17152816741916296,25.0,1111111111111101,41.40571871902324,2.0662088283537514,Q3_robust90
0.17152816741916296,26.0,1111111111111101,41.19867707841027,1.8591671877407805,Q3_robust90
0.17152816741916296,27.0,1111111111111101,40.9916354377973,1.6521255471278096,Q3_robust90
0.17152816741916296,28.0,1111111111111101,40.78459379718436,1.445083906514867,Q3_robust90
0.17152816741916296,29.0,1111111111111101,40.577552156571386,1.2380422659018961,Q3_robust90
0.17152816741916296,30.0,1111111111111101,40.370510515958415,1.0310006252889252,Q3_robust90
0.17152816741916296,31.0,1111111111111101,40.16346887534547,0.8239589846759827,Q3_robust90
0.17152816741916296,32.0,1111111111111101,39.9564272347325,0.6169173440630118,Q3_robust90
0.17152816741916296,33.0,1111111111111101,39.74938559411953,0.4098757034500409,Q3_robust90
0.17152816741916296,34.0,1111111111111101,39.54234395350659,0.20283406283709837,Q3_robust90
0.17152816741916296,35.0,1111111111111111,39.33950989066949,0.004207577775872551,Q3_robust90
0.17152816741916296,36.0,1111111111111111,39.33950989066949,0.21124921838884347,Q3_robust90
0.17152816741916296,37.0,1111111111111111,39.33950989066949,0.418290859001786,Q3_robust90
0.17152816741916296,38.0,1111111111111111,39.33950989066949,0.6253324996147569,Q3_robust90
0.17152816741916296,39.0,1111111111111111,39.33950989066949,0.8323741402276994,Q3_robust90
0.17152816741916296,40.0,1111111111111111,39.33950989066949,1.0394157808406703,Q3_robust90
0.17450850772829476,6.0,1111111111111101,45.234920712755525,1.8693051187082403,Q3_robust90
0.17450850772829476,7.0,1111111111111101,45.02352118972951,2.0587153279822417,Q3_robust90
0.17450850772829476,8.0,1111111111111101,44.81212166670346,2.188935222162087,Q3_robust90
0.17450850772829476,9.0,1111111111111101,44.600722143677416,2.188935222162087,Q3_robust90
0.17450850772829476,10.0,1111111111111101,44.38932262065137,2.188935222162087,Q3_robust90
0.17450850772829476,11.0,1111111111111101,44.177923097625325,2.188935222162087,Q3_robust90
0.17450850772829476,12.0,1111111111111101,43.96652357459928,2.188935222162087,Q3_robust90
0.17450850772829476,13.0,1111111111111101,43.75512405157323,2.188935222162087,Q3_robust90
0.17450850772829476,14.0,1111111111111101,43.54372452854719,2.188935222162087,Q3_robust90
0.17450850772829476,15.0,1111111111111101,43.33232500552114,2.188935222162087,Q3_robust90
0.17450850772829476,16.0,1111111111111101,43.120925482495124,2.188935222162087,Q3_robust90
0.17450850772829476,17.0,1111111111111101,42.90952595946908,2.188935222162087,Q3_robust90
0.17450850772829476,18.0,1111111111111101,42.69812643644303,2.188935222162087,Q3_robust90
0.17450850772829476,19.0,1111111111111101,42.48672691341699,2.188935222162087,Q3_robust90
0.17450850772829476,20.0,1111111111111101,42.27532739039094,2.188935222162087,Q3_robust90
0.17450850772829476,21.0,1111111111111101,42.063927867364896,2.188935222162087,Q3_robust90
0.17450850772829476,22.0,1111111111111101,41.85252834433885,2.188935222162087,Q3_robust90
0.17450850772829476,23.0,1111111111111101,41.641128821312805,2.188935222162087,Q3_robust90
0.17450850772829476,24.0,1111111111111101,41.42972929828676,2.188935222162087,Q3_robust90
0.17450850772829476,25.0,1111111111111101,41.21832977526071,1.9834090625051886,Q3_robust90
0.17450850772829476,26.0,1111111111111101,41.006930252234696,1.7720095394791713,Q3_robust90
0.17450850772829476,27.0,1111111111111101,40.79553072920865,1.5606100164531256,Q3_robust90
0.17450850772829476,28.0,1111111111111101,40.584131206182605,1.3492104934270799,Q3_robust90
0.17450850772829476,29.0,1111111111111101,40.37273168315656,1.1378109704010342,Q3_robust90
0.17450850772829476,30.0,1111111111111101,40.16133216013051,0.9264114473749885,Q3_robust90
0.17450850772829476,31.0,1111111111111101,39.94993263710447,0.7150119243489428,Q3_robust90
0.17450850772829476,32.0,1111111111111101,39.73853311407842,0.5036124013228971,Q3_robust90
0.17450850772829476,33.0,1111111111111101,39.527133591052376,0.2922128782968514,Q3_robust90
0.17450850772829476,34.0,1111111111111101,39.31573406802633,0.08081335527080569,Q3_robust90
0.17450850772829476,35.0,1111111111111111,39.234920712755525,0.1305861677552116,Q3_robust90
0.17450850772829476,36.0,1111111111111111,39.234920712755525,0.3419856907812573,Q3_robust90
0.17450850772829476,37.0,1111111111111111,39.234920712755525,0.553385213807303,Q3_robust90
0.17450850772829476,38.0,1111111111111111,39.234920712755525,0.7647847368333487,Q3_robust90
0.17450850772829476,39.0,1111111111111111,39.234920712755525,0.9761842598593944,Q3_robust90
0.17450850772829476,40.0,1111111111111111,39.234920712755525,1.18758378288544,Q3_robust90
0.17748884803742654,6.0,1111111111111101,45.12957358440627,1.8789684524181496,Q3_robust90
0.17748884803742654,7.0,1111111111111101,44.91378459769902,2.0683786616921225,Q3_robust90
0.17748884803742654,8.0,1111111111111101,44.69799561099174,2.188935222162087,Q3_robust90
0.17748884803742654,9.0,1111111111111101,44.48220662428449,2.188935222162087,Q3_robust90
0.17748884803742654,10.0,1111111111111101,44.266417637577234,2.188935222162087,Q3_robust90
0.17748884803742654,11.0,1111111111111101,44.05062865086995,2.188935222162087,Q3_robust90
0.17748884803742654,12.0,1111111111111101,43.8348396641627,2.188935222162087,Q3_robust90
0.17748884803742654,13.0,1111111111111101,43.61905067745545,2.188935222162087,Q3_robust90
0.17748884803742654,14.0,1111111111111101,43.40326169074817,2.188935222162087,Q3_robust90
0.17748884803742654,15.0,1111111111111101,43.187472704040914,2.188935222162087,Q3_robust90
0.17748884803742654,16.0,1111111111111101,42.97168371733366,2.188935222162087,Q3_robust90
0.17748884803742654,17.0,1111111111111101,42.75589473062638,2.188935222162087,Q3_robust90
0.17748884803742654,18.0,1111111111111101,42.54010574391913,2.188935222162087,Q3_robust90
0.17748884803742654,19.0,1111111111111101,42.324316757211875,2.188935222162087,Q3_robust90
0.17748884803742654,20.0,1111111111111101,42.108527770504594,2.188935222162087,Q3_robust90
0.17748884803742654,21.0,1111111111111101,41.89273878379734,2.188935222162087,Q3_robust90
0.17748884803742654,22.0,1111111111111101,41.67694979709009,2.188935222162087,Q3_robust90
0.17748884803742654,23.0,1111111111111101,41.46116081038281,2.188935222162087,Q3_robust90
0.17748884803742654,24.0,1111111111111101,41.245371823675555,2.1157982392692816,Q3_robust90
0.17748884803742654,25.0,1111111111111101,41.0295828369683,1.900009252562029,Q3_robust90
0.17748884803742654,26.0,1111111111111101,40.81379385026102,1.6842202658547478,Q3_robust90
0.17748884803742654,27.0,1111111111111101,40.59800486355377,1.4684312791474952,Q3_robust90
0.17748884803742654,28.0,1111111111111101,40.382215876846516,1.2526422924402425,Q3_robust90
0.17748884803742654,29.0,1111111111111101,40.166426890139235,1.0368533057329614,Q3_robust90
0.17748884803742654,30.0,1111111111111101,39.95063790343198,0.8210643190257088,Q3_robust90
0.17748884803742654,31.0,1111111111111101,39.73484891672473,0.6052753323184561,Q3_robust90
0.17748884803742654,32.0,1111111111111101,39.51905993001745,0.389486345611175,Q3_robust90
0.17748884803742654,33.0,1111111111111101,39.303270943310196,0.17369735890392235,Q3_robust90
0.17748884803742654,34.0,1111111111111111,39.12957358440627,0.04209162780333031,Q3_robust90
0.17748884803742654,35.0,1111111111111111,39.12957358440627,0.2578806145106114,Q3_robust90
0.17748884803742654,36.0,1111111111111111,39.12957358440627,0.47366960121786406,Q3_robust90
0.17748884803742654,37.0,1111111111111111,39.12957358440627,0.6894585879251167,Q3_robust90
0.17748884803742654,38.0,1111111111111111,39.12957358440627,0.9052475746323978,Q3_robust90
0.17748884803742654,39.0,1111111111111111,39.12957358440627,1.1210365613396505,Q3_robust90
0.17748884803742654,40.0,1111111111111111,39.12957358440627,1.3368255480469031,Q3_robust90
0.18046918834655834,6.0,1111111111111101,45.023460236438154,1.8886317861280304,Q3_robust90
0.18046918834655834,7.0,1111111111111101,44.80324986023223,2.078041995401975,Q3_robust90
0.18046918834655834,8.0,1111111111111101,44.5830394840263,2.188935222162087,Q3_robust90
0.18046918834655834,9.0,1111111111111101,44.362829107820374,2.188935222162087,Q3_robust90
0.18046918834655834,10.0,1111111111111101,44.14261873161442,2.188935222162087,Q3_robust90
0.18046918834655834,11.0,1111111111111101,43.92240835540849,2.188935222162087,Q3_robust90
0.18046918834655834,12.0,1111111111111101,43.702197979202566,2.188935222162087,Q3_robust90
0.18046918834655834,13.0,1111111111111101,43.48198760299664,2.188935222162087,Q3_robust90
0.18046918834655834,14.0,1111111111111101,43.261777226790684,2.188935222162087,Q3_robust90
0.18046918834655834,15.0,1111111111111101,43.04156685058476,2.188935222162087,Q3_robust90
0.18046918834655834,16.0,1111111111111101,42.82135647437883,2.188935222162087,Q3_robust90
0.18046918834655834,17.0,1111111111111101,42.601146098172904,2.188935222162087,Q3_robust90
0.18046918834655834,18.0,1111111111111101,42.38093572196695,2.188935222162087,Q3_robust90
0.18046918834655834,19.0,1111111111111101,42.16072534576102,2.188935222162087,Q3_robust90
0.18046918834655834,20.0,1111111111111101,41.940514969555096,2.188935222162087,Q3_robust90
0.18046918834655834,21.0,1111111111111101,41.72030459334917,2.188935222162087,Q3_robust90
0.18046918834655834,22.0,1111111111111101,41.500094217143214,2.1889352221620584,Q3_robust90
0.18046918834655834,23.0,1111111111111101,41.27988384093729,2.188935222162087,Q3_robust90
0.18046918834655834,24.0,1111111111111101,41.05967346473136,2.0362132282932066,Q3_robust90
0.18046918834655834,25.0,1111111111111101,40.839463088525434,1.81600285208728,Q3_robust90
0.18046918834655834,26.0,1111111111111101,40.61925271231951,1.5957924758813533,Q3_robust90
0.18046918834655834,27.0,1111111111111101,40.39904233611355,1.3755820996753982,Q3_robust90
0.18046918834655834,28.0,1111111111111101,40.178831959907626,1.1553717234694716,Q3_robust90
0.18046918834655834,29.0,1111111111111101,39.9586215837017,0.9351613472635449,Q3_robust90
0.18046918834655834,30.0,1111111111111101,39.73841120749577,0.7149509710576183,Q3_robust90
0.18046918834655834,31.0,1111111111111101,39.51820083128982,0.4947405948516632,Q3_robust90
0.18046918834655834,32.0,1111111111111101,39.29799045508389,0.27453021864573657,Q3_robust90
0.18046918834655834,33.0,1111111111111101,39.077780078877964,0.05431984243980992,Q3_robust90
0.18046918834655834,34.0,1111111111111111,39.023460236438154,0.16589053376611673,Q3_robust90
0.18046918834655834,35.0,1111111111111111,39.023460236438154,0.3861009099720718,Q3_robust90
0.18046918834655834,36.0,1111111111111111,39.023460236438154,0.6063112861779985,Q3_robust90
0.18046918834655834,37.0,1111111111111111,39.023460236438154,0.8265216623839251,Q3_robust90
0.18046918834655834,38.0,1111111111111111,39.023460236438154,1.0467320385898518,Q3_robust90
0.18046918834655834,39.0,1111111111111111,39.023460236438154,1.2669424147958068,Q3_robust90
0.18046918834655834,40.0,1111111111111111,39.023460236438154,1.4871527910017335,Q3_robust90
0.18344952865569014,6.0,1111111111111101,44.91657227894038,1.8982951198379396,Q3_robust90
0.18344952865569014,7.0,1111111111111101,44.6919082378387,2.087705329111884,Q3_robust90
0.18344952865569014,8.0,1111111111111101,44.46724419673703,2.188935222162087,Q3_robust90
0.18344952865569014,9.0,1111111111111101,44.24258015563535,2.188935222162087,Q3_robust90
0.18344952865569014,10.0,1111111111111101,44.017916114533676,2.188935222162087,Q3_robust90
0.18344952865569014,11.0,1111111111111101,43.793252073432,2.188935222162087,Q3_robust90
0.18344952865569014,12.0,1111111111111101,43.568588032330325,2.188935222162087,Q3_robust90
0.18344952865569014,13.0,1111111111111101,43.34392399122865,2.188935222162087,Q3_robust90
0.18344952865569014,14.0,1111111111111101,43.119259950126974,2.188935222162087,Q3_robust90
0.18344952865569014,15.0,1111111111111101,42.8945959090253,2.188935222162087,Q3_robust90
0.18344952865569014,16.0,1111111111111101,42.66993186792362,2.188935222162087,Q3_robust90
0.18344952865569014,17.0,1111111111111101,42.44526782682195,2.188935222162087,Q3_robust90
0.18344952865569014,18.0,1111111111111101,42.22060378572027,2.188935222162087,Q3_robust90
0.18344952865569014,19.0,1111111111111101,41.995939744618596,2.188935222162087,Q3_robust90
0.18344952865569014,20.0,1111111111111101,41.77127570351692,2.188935222162087,Q3_robust90
0.18344952865569014,21.0,1111111111111101,41.546611662415245,2.188935222162087,Q3_robust90
0.18344952865569014,22.0,1111111111111101,41.32194762131357,2.188935222162087,Q3_robust90
0.18344952865569014,23.0,1111111111111101,41.097283580211894,2.180711301271515,Q3_robust90
0.18344952865569014,24.0,1111111111111101,40.87261953911022,1.9560472601698393,Q3_robust90
0.18344952865569014,25.0,1111111111111101,40.64795549800854,1.7313832190681637,Q3_robust90
0.18344952865569014,26.0,1111111111111101,40.42329145690687,1.5067191779664881,Q3_robust90
0.18344952865569014,27.0,1111111111111101,40.19862741580519,1.2820551368648125,Q3_robust90
0.18344952865569014,28.0,1111111111111101,39.973963374703516,1.057391095763137,Q3_robust90
0.18344952865569014,29.0,1111111111111101,39.74929933360184,0.8327270546614614,Q3_robust90
0.18344952865569014,30.0,1111111111111101,39.524635292500164,0.6080630135597858,Q3_robust90
0.18344952865569014,31.0,1111111111111101,39.29997125139849,0.38339897245811017,Q3_robust90
0.18344952865569014,32.0,1111111111111101,39.07530721029681,0.15873493135643457,Q3_robust90
0.18344952865569014,33.0,1111111111111111,38.91657227894038,0.06592910974524102,Q3_robust90
0.18344952865569014,34.0,1111111111111111,38.91657227894038,0.2905931508469166,Q3_robust90
0.18344952865569014,35.0,1111111111111111,38.91657227894038,0.5152571919485922,Q3_robust90
0.18344952865569014,36.0,1111111111111111,38.91657227894038,0.7399212330502678,Q3_robust90
0.18344952865569014,37.0,1111111111111111,38.91657227894038,0.9645852741519434,Q3_robust90
0.18344952865569014,38.0,1111111111111111,38.91657227894038,1.189249315253619,Q3_robust90
0.18344952865569014,39.0,1111111111111111,38.91657227894038,1.4139133563552946,Q3_robust90
0.18344952865569014,40.0,1111111111111111,38.91657227894038,1.6385773974569702,Q3_robust90
0.18642986896482192,6.0,1111111111111101,44.808901199063456,1.907958453547792,Q3_robust90
0.18642986896482192,7.0,1111111111111101,44.579750862966904,2.097368662821765,Q3_robust90
0.18642986896482192,8.0,1111111111111101,44.35060052687038,2.188935222162087,Q3_robust90
0.18642986896482192,9.0,1111111111111101,44.12145019077383,2.188935222162087,Q3_robust90
0.18642986896482192,10.0,1111111111111101,43.892299854677276,2.188935222162087,Q3_robust90
0.18642986896482192,11.0,1111111111111101,43.663149518580724,2.188935222162087,Q3_robust90
0.18642986896482192,12.0,1111111111111101,43.4339991824842,2.188935222162087,Q3_robust90
0.18642986896482192,13.0,1111111111111101,43.20484884638765,2.188935222162087,Q3_robust90
0.18642986896482192,14.0,1111111111111101,42.975698510291096,2.188935222162087,Q3_robust90
0.18642986896482192,15.0,1111111111111101,42.746548174194544,2.188935222162087,Q3_robust90
0.18642986896482192,16.0,1111111111111101,42.51739783809799,2.188935222162087,Q3_robust90
0.18642986896482192,17.0,1111111111111101,42.28824750200147,2.188935222162087,Q3_robust90
0.18642986896482192,18.0,1111111111111101,42.059097165904916,2.188935222162087,Q3_robust90
0.18642986896482192,19.0,1111111111111101,41.829946829808364,2.188935222162087,Q3_robust90
0.18642986896482192,20.0,1111111111111101,41.60079649371181,2.188935222162087,Q3_robust90
0.18642986896482192,21.0,1111111111111101,41.37164615761526,2.1889352221620584,Q3_robust90
0.18642986896482192,22.0,1111111111111101,41.142495821518736,2.188935222162087,Q3_robust90
0.18642986896482192,23.0,1111111111111101,40.913345485422184,2.104444286358728,Q3_robust90
0.18642986896482192,24.0,1111111111111101,40.68419514932563,1.8752939502621757,Q3_robust90
0.18642986896482192,25.0,1111111111111101,40.45504481322908,1.6461436141656236,Q3_robust90
0.18642986896482192,26.0,1111111111111101,40.225894477132556,1.4169932780691,Q3_robust90
0.18642986896482192,27.0,1111111111111101,39.996744141036004,1.1878429419725478,Q3_robust90
0.18642986896482192,28.0,1111111111111101,39.76759380493945,0.9586926058759957,Q3_robust90
0.18642986896482192,29.0,1111111111111101,39.5384434688429,0.7295422697794436,Q3_robust90
0.18642986896482192,30.0,1111111111111101,39.30929313274635,0.5003919336828915,Q3_robust90
0.18642986896482192,31.0,1111111111111101,39.080142796649824,0.2712415975863678,Q3_robust90
0.18642986896482192,32.0,1111111111111101,38.85099246055327,0.04209126148981568,Q3_robust90
0.18642986896482192,33.0,1111111111111111,38.808901199063456,0.18705907460673643,Q3_robust90
0.18642986896482192,34.0,1111111111111111,38.808901199063456,0.41620941070328854,Q3_robust90
0.18642986896482192,35.0,1111111111111111,38.808901199063456,0.6453597467998122,Q3_robust90
0.18642986896482192,36.0,1111111111111111,38.808901199063456,0.8745100828963643,Q3_robust90
0.18642986896482192,37.0,1111111111111111,38.808901199063456,1.1036604189929164,Q3_robust90
0.18642986896482192,38.0,1111111111111111,38.808901199063456,1.3328107550894686,Q3_robust90
0.18642986896482192,39.0,1111111111111111,38.808901199063456,1.5619610911860207,Q3_robust90
0.18642986896482192,40.0,1111111111111111,38.808901199063456,1.7911114272825444,Q3_robust90
0.18941020927395372,6.0,1111111111111101,44.700438358759385,1.9176217872577013,Q3_robust90
0.18941020927395372,7.0,1111111111111101,44.46676873765017,2.1070319965316457,Q3_robust90
0.18941020927395372,8.0,1111111111111101,44.233099116540956,2.188935222162087,Q3_robust90
0.18941020927395372,9.0,1111111111111101,43.99942949543174,2.188935222162087,Q3_robust90
0.18941020927395372,10.0,1111111111111101,43.76575987432253,2.188935222162087,Q3_robust90
0.18941020927395372,11.0,1111111111111101,43.53209025321331,2.188935222162087,Q3_robust90
0.18941020927395372,12.0,1111111111111101,43.2984206321041,2.188935222162087,Q3_robust90
0.18941020927395372,13.0,1111111111111101,43.06475101099488,2.188935222162087,Q3_robust90
0.18941020927395372,14.0,1111111111111101,42.83108138988567,2.188935222162087,Q3_robust90
0.18941020927395372,15.0,1111111111111101,42.59741176877645,2.188935222162087,Q3_robust90
0.18941020927395372,16.0,1111111111111101,42.36374214766724,2.188935222162087,Q3_robust90
0.18941020927395372,17.0,1111111111111101,42.130072526558024,2.188935222162087,Q3_robust90
0.18941020927395372,18.0,1111111111111101,41.89640290544881,2.188935222162087,Q3_robust90
0.18941020927395372,19.0,1111111111111101,41.662733284339595,2.188935222162087,Q3_robust90
0.18941020927395372,20.0,1111111111111101,41.42906366323038,2.188935222162087,Q3_robust90
0.18941020927395372,21.0,1111111111111101,41.195394042121166,2.1889352221621152,Q3_robust90
0.18941020927395372,22.0,1111111111111101,40.96172442101192,2.1889352221620584,Q3_robust90
0.18941020927395372,23.0,1111111111111101,40.72805479990271,2.027616441143323,Q3_robust90
0.18941020927395372,24.0,1111111111111101,40.49438517879349,1.7939468200341082,Q3_robust90
0.18941020927395372,25.0,1111111111111101,40.26071555768428,1.5602771989248936,Q3_robust90
0.18941020927395372,26.0,1111111111111101,40.027045936575064,1.326607577815679,Q3_robust90
0.18941020927395372,27.0,1111111111111101,39.79337631546585,1.0929379567064643,Q3_robust90
0.18941020927395372,28.0,1111111111111101,39.559706694356635,0.8592683355972497,Q3_robust90
0.18941020927395372,29.0,1111111111111101,39.32603707324742,0.6255987144880351,Q3_robust90
0.18941020927395372,30.0,1111111111111101,39.092367452138205,0.3919290933788204,Q3_robust90
0.18941020927395372,31.0,1111111111111101,38.85869783102899,0.1582594722696058,Q3_robust90
0.18941020927395372,32.0,1111111111111111,38.700438358759385,0.07541014883960884,Q3_robust90
0.18941020927395372,33.0,1111111111111111,38.700438358759385,0.30907976994882347,Q3_robust90
0.18941020927395372,34.0,1111111111111111,38.700438358759385,0.5427493910580381,Q3_robust90
0.18941020927395372,35.0,1111111111111111,38.700438358759385,0.7764190121672527,Q3_robust90
0.18941020927395372,36.0,1111111111111111,38.700438358759385,1.0100886332764674,Q3_robust90
0.18941020927395372,37.0,1111111111111111,38.700438358759385,1.243758254385682,Q3_robust90
0.18941020927395372,38.0,1111111111111111,38.700438358759385,1.4774278754948966,Q3_robust90
0.18941020927395372,39.0,1111111111111111,38.700438358759385,1.7110974966041113,Q3_robust90
0.18941020927395372,40.0,1111111111111111,38.700438358759385,1.9176217872577013,Q3_robust90
