pF,replacement_loss,policy16,profit,gap
0.05,6.0,1111111100011101,67.21010877192984,0.21059999999999945
0.05,7.0,1111111100011101,66.88647719298245,0.12959999999998217
0.05,8.0,1111111100011101,66.5628456140351,0.048599999999993315
0.05,9.0,1111111110011101,66.27161403508774,0.0
0.05,10.0,1111111110011101,66.02898245614037,0.0
0.05,11.0,1111111101011101,65.786350877193,0.0
0.05,12.0,1111111101011101,65.5437192982456,0.0
0.05,13.0,1111111111011101,65.35508771929824,0.0
0.05,14.0,1111111111011101,65.20245614035088,0.0
0.05,15.0,1111111111011101,65.04982456140351,0.0
0.05,16.0,1111111111011101,64.89719298245615,0.0
0.05,17.0,1111111111111101,64.8245614035088,0.0800000000000125
0.05,18.0,1111111111111101,64.77192982456143,0.18000000000000682
0.05,19.0,1111111111111101,64.71929824561406,0.18000000000000682
0.05,20.0,1111111111111101,64.66666666666669,0.18000000000000682
0.05,21.0,1111111111111101,64.61403508771932,0.18000000000000682
0.05,22.0,1111111111111101,64.56140350877195,0.18000000000000682
0.05,23.0,1111111111111101,64.50877192982458,0.18000000000000682
0.05,24.0,1111111111111101,64.4561403508772,0.18000000000000682
0.05,25.0,1111111111111101,64.40350877192984,0.18000000000000682
0.05,26.0,1111111111111101,64.35087719298247,0.18000000000000682
0.05,27.0,1111111111111101,64.2982456140351,0.18000000000000682
0.05,28.0,1111111111111101,64.24561403508773,0.18000000000000682
0.05,29.0,1111111111111101,64.19298245614036,0.18000000000000682
0.05,30.0,1111111111111101,64.14035087719299,0.18000000000000682
0.05,31.0,1111111111111101,64.08771929824564,0.18000000000000682
0.05,32.0,1111111111111101,64.03508771929828,0.18000000000000682
0.05,33.0,1111111111111101,63.982456140350905,0.18000000000000682
0.05,34.0,1111111111111101,63.929824561403535,0.18000000000000682
0.05,35.0,1111111111111101,63.877192982456165,0.18000000000000682
0.05,36.0,1111111111111101,63.824561403508795,0.18000000000000682
0.05,37.0,1111111111111101,63.771929824561425,0.18000000000000682
0.05,38.0,1111111111111101,63.719298245614056,0.18000000000000682
0.05,39.0,1111111111111101,63.666666666666686,0.18000000000000682
0.05,40.0,1111111111111101,63.614035087719316,0.18000000000000682
0.05500000000000001,6.0,1111111100011101,67.03270126984128,0.19926000000000954
0.05500000000000001,7.0,1111111100011101,66.7035002116402,0.11825999999999226
0.05500000000000001,8.0,1111111100011101,66.37429915343915,0.0372600000000034
0.05500000000000001,9.0,1111111110011101,66.08883809523809,0.0
0.05500000000000001,10.0,1111111110011101,65.84063703703706,0.0
0.05500000000000001,11.0,1111111110011101,65.592435978836,0.0
0.05500000000000001,12.0,1111111110011101,65.34423492063493,0.0
0.05500000000000001,13.0,1111111110111101,65.16443386243387,0.0
0.05500000000000001,14.0,1111111110111101,65.00623280423281,0.0
0.05500000000000001,15.0,1111111110111101,64.84803174603175,0.0
0.05500000000000001,16.0,1111111111011101,64.68983068783069,0.0
0.05500000000000001,17.0,1111111111111101,64.62962962962965,0.09800000000001319
0.05500000000000001,18.0,1111111111111101,64.57142857142858,0.18000000000000682
0.05500000000000001,19.0,1111111111111101,64.51322751322752,0.18000000000000682
0.05500000000000001,20.0,1111111111111101,64.45502645502648,0.18000000000000682
0.05500000000000001,21.0,1111111111111101,64.39682539682542,0.18000000000000682
0.05500000000000001,22.0,1111111111111101,64.33862433862436,0.18000000000000682
0.05500000000000001,23.0,1111111111111101,64.28042328042329,0.18000000000000682
0.05500000000000001,24.0,1111111111111101,64.22222222222223,0.18000000000000682
0.05500000000000001,25.0,1111111111111101,64.1640211640212,0.18000000000000682
0.05500000000000001,26.0,1111111111111101,64.10582010582013,0.18000000000000682
0.05500000000000001,27.0,1111111111111101,64.04761904761907,0.18000000000000682
0.05500000000000001,28.0,1111111111111101,63.989417989418,0.18000000000000682
0.05500000000000001,29.0,1111111111111101,63.93121693121694,0.18000000000000682
0.05500000000000001,30.0,1111111111111101,63.8730158730159,0.18000000000000682
0.05500000000000001,31.0,1111111111111101,63.81481481481484,0.18000000000000682
0.05500000000000001,32.0,1111111111111101,63.756613756613774,0.18000000000000682
0.05500000000000001,33.0,1111111111111101,63.69841269841271,0.18000000000000682
0.05500000000000001,34.0,1111111111111101,63.640211640211646,0.18000000000000682
0.05500000000000001,35.0,1111111111111101,63.58201058201061,0.18000000000000682
0.05500000000000001,36.0,1111111111111101,63.52380952380955,0.18000000000000682
0.05500000000000001,37.0,1111111111111101,63.46560846560848,0.18000000000000682
0.05500000000000001,38.0,1111111111111101,63.40740740740742,0.18000000000000682
0.05500000000000001,39.0,1111111111111101,63.349206349206355,0.18000000000000682
0.05500000000000001,40.0,1111111111111101,63.29100529100532,0.18000000000000682
0.060000000000000005,6.0,1111111100011101,66.85387177304966,0.18792000000001963
0.060000000000000005,7.0,1111111100011101,66.51904198581562,0.10692000000000235
0.060000000000000005,8.0,1111111100011101,66.18421219858158,0.025920000000013488
0.060000000000000005,9.0,1111111110011101,65.90446241134754,0.0
0.060000000000000005,10.0,1111111101011101,65.65063262411348,0.0
0.060000000000000005,11.0,1111111110011101,65.39680283687943,0.0
0.060000000000000005,12.0,1111111110011101,65.1429730496454,0.0
0.060000000000000005,13.0,1111111110111101,64.97194326241134,0.0
0.060000000000000005,14.0,1111111111011101,64.80811347517732,0.0
0.060000000000000005,15.0,1111111111011101,64.64428368794327,0.0
0.060000000000000005,16.0,1111111111111101,64.49645390070924,0.016000000000019554
0.060000000000000005,17.0,1111111111111101,64.43262411347519,0.11600000000001387
0.060000000000000005,18.0,1111111111111101,64.36879432624116,0.18000000000000682
0.060000000000000005,19.0,1111111111111101,64.3049645390071,0.18000000000000682
0.060000000000000005,20.0,1111111111111101,64.24113475177307,0.18000000000000682
0.060000000000000005,21.0,1111111111111101,64.17730496453902,0.18000000000000682
0.060000000000000005,22.0,1111111111111101,64.11347517730499,0.18000000000000682
0.060000000000000005,23.0,1111111111111101,64.04964539007094,0.18000000000000682
0.060000000000000005,24.0,1111111111111101,63.98581560283691,0.18000000000000682
0.060000000000000005,25.0,1111111111111101,63.92198581560285,0.18000000000000682
0.060000000000000005,26.0,1111111111111101,63.858156028368796,0.18000000000000682
0.060000000000000005,27.0,1111111111111101,63.79432624113477,0.18000000000000682
0.060000000000000005,28.0,1111111111111101,63.73049645390071,0.18000000000000682
0.060000000000000005,29.0,1111111111111101,63.666666666666686,0.18000000000000682
0.060000000000000005,30.0,1111111111111101,63.60283687943263,0.18000000000000682
0.060000000000000005,31.0,1111111111111101,63.5390070921986,0.18000000000000682
0.060000000000000005,32.0,1111111111111101,63.47517730496455,0.18000000000000682
0.060000000000000005,33.0,1111111111111101,63.41134751773052,0.18000000000000682
0.060000000000000005,34.0,1111111111111101,63.34751773049646,0.18000000000000682
0.060000000000000005,35.0,1111111111111101,63.283687943262436,0.18000000000000682
0.060000000000000005,36.0,1111111111111101,63.21985815602838,0.18000000000000682
0.060000000000000005,37.0,1111111111111101,63.15602836879435,0.18000000000000682
0.060000000000000005,38.0,1111111111111101,63.0921985815603,0.18000000000000682
0.060000000000000005,39.0,1111111111111101,63.02836879432627,0.18000000000000682
0.060000000000000005,40.0,1111111111111101,62.96453900709221,0.18000000000000682
0.065,6.0,1111111100011101,66.67359746880572,0.1765800000000013
0.065,7.0,1111111100011101,66.33307875222818,0.09558000000001243
0.065,8.0,1111111100011101,65.99256003565063,0.014579999999995152
0.065,9.0,1111111110011101,65.7184613190731,0.0
0.065,10.0,1111111110011101,65.45894260249554,0.0
0.065,11.0,1111111110011101,65.19942388591801,0.0
0.065,12.0,1111111111011101,64.94710516934046,0.0
0.065,13.0,1111111101111101,64.77758645276293,0.0
0.065,14.0,1111111110111101,64.60806773618538,0.0
0.065,15.0,1111111111011101,64.43854901960785,0.0
0.065,16.0,1111111111111101,64.30303030303031,0.033999999999991815
0.065,17.0,1111111111111101,64.23351158645278,0.13400000000001455
0.065,18.0,1111111111111101,64.16399286987524,0.18000000000000682
0.065,19.0,1111111111111101,64.09447415329771,0.18000000000000682
0.065,20.0,1111111111111101,64.02495543672018,0.18000000000000682
0.065,21.0,1111111111111101,63.955436720142615,0.18000000000000682
0.065,22.0,1111111111111101,63.88591800356508,0.18000000000000682
0.065,23.0,1111111111111101,63.81639928698755,0.18000000000000682
0.065,24.0,1111111111111101,63.74688057041001,0.18000000000000682
0.065,25.0,1111111111111101,63.67736185383245,0.18000000000000682
0.065,26.0,1111111111111101,63.60784313725492,0.18000000000000682
0.065,27.0,1111111111111101,63.538324420677384,0.18000000000000682
0.065,28.0,1111111111111101,63.46880570409985,0.18000000000000682
0.065,29.0,1111111111111101,63.399286987522316,0.18000000000000682
0.065,30.0,1111111111111101,63.329768270944754,0.18000000000000682
0.065,31.0,1111111111111101,63.26024955436722,0.18000000000000682
0.065,32.0,1111111111111101,63.19073083778969,0.18000000000000682
0.065,33.0,1111111111111101,63.12121212121215,0.18000000000000682
0.065,34.0,1111111111111101,63.05169340463459,0.18000000000000682
0.065,35.0,1111111111111101,62.98217468805706,0.18000000000000682
0.065,36.0,1111111111111101,62.91265597147952,0.18000000000000682
0.065,37.0,1111111111111101,62.84313725490199,0.18000000000000682
0.065,38.0,1111111111111101,62.773618538324456,0.18000000000000682
0.065,39.0,1111111111111101,62.704099821746894,0.18000000000000682
0.065,40.0,1111111111111101,62.63458110516936,0.18000000000000682
0.07,6.0,1111111100011101,66.49185505376346,0.16524000000001138
0.07,7.0,1111111100011101,66.14558623655915,0.08424000000002252
0.07,8.0,1111111100011101,65.79931741935485,0.0032400000000052387
0.07,9.0,1111111101011101,65.53080860215053,0.0
0.07,10.0,1111111101011101,65.26553978494624,0.0
0.07,11.0,1111111110011101,65.00027096774193,0.0
0.07,12.0,1111111111011101,64.75660215053765,0.0
0.07,13.0,1111111111011101,64.58133333333333,0.0
0.07,14.0,1111111111011101,64.40606451612905,0.0
0.07,15.0,1111111110111101,64.23079569892474,0.0
0.07,16.0,1111111111111101,64.10752688172045,0.05200000000002092
0.07,17.0,1111111111111101,64.03225806451616,0.15200000000001523
0.07,18.0,1111111111111101,63.95698924731184,0.18000000000000682
0.07,19.0,1111111111111101,63.88172043010755,0.18000000000000682
0.07,20.0,1111111111111101,63.80645161290323,0.18000000000000682
0.07,21.0,1111111111111101,63.73118279569894,0.18000000000000682
0.07,22.0,1111111111111101,63.65591397849465,0.18000000000000682
0.07,23.0,1111111111111101,63.580645161290334,0.18000000000000682
0.07,24.0,1111111111111101,63.505376344086045,0.18000000000000682
0.07,25.0,1111111111111101,63.43010752688173,0.18000000000000682
0.07,26.0,1111111111111101,63.35483870967744,0.18000000000000682
0.07,27.0,1111111111111101,63.27956989247315,0.18000000000000682
0.07,28.0,1111111111111101,63.20430107526883,0.18000000000000682
0.07,29.0,1111111111111101,63.12903225806454,0.18000000000000682
0.07,30.0,1111111111111101,63.05376344086022,0.18000000000000682
0.07,31.0,1111111111111101,62.97849462365593,0.18000000000000682
0.07,32.0,1111111111111101,62.903225806451616,0.18000000000000682
0.07,33.0,1111111111111101,62.827956989247326,0.18000000000000682
0.07,34.0,1111111111111101,62.75268817204304,0.18000000000000682
0.07,35.0,1111111111111101,62.67741935483872,0.18000000000000682
0.07,36.0,1111111111111101,62.60215053763443,0.18000000000000682
0.07,37.0,1111111111111101,62.52688172043011,0.18000000000000682
0.07,38.0,1111111111111101,62.45161290322582,0.18000000000000682
0.07,39.0,1111111111111101,62.37634408602153,0.18000000000000682
0.07,40.0,1111111111111101,62.301075268817215,0.18000000000000682
0.07500000000000001,6.0,1111111100011101,66.30862072072074,0.15390000000002146
0.07500000000000001,7.0,1111111100011101,65.95653963963966,0.07290000000000418
0.07500000000000001,8.0,1111111101011101,65.61255855855856,0.0
0.07500000000000001,9.0,1111111110011101,65.3414774774775,0.0
0.07500000000000001,10.0,1111111110011101,65.0703963963964,0.0
0.07500000000000001,11.0,1111111100111101,64.79931531531531,0.0
0.07500000000000001,12.0,1111111111011101,64.56423423423425,0.0
0.07500000000000001,13.0,1111111111011101,64.38315315315316,0.0
0.07500000000000001,14.0,1111111101111101,64.20207207207207,0.0
0.07500000000000001,15.0,1111111111011101,64.02099099099101,0.0
0.07500000000000001,16.0,1111111111111101,63.90990990990994,0.0700000000000216
0.07500000000000001,17.0,1111111111111101,63.82882882882885,0.17000000000001592
0.07500000000000001,18.0,1111111111111101,63.74774774774778,0.18000000000000682
0.07500000000000001,19.0,1111111111111101,63.666666666666686,0.18000000000000682
0.07500000000000001,20.0,1111111111111101,63.58558558558562,0.18000000000000682
0.07500000000000001,21.0,1111111111111101,63.504504504504524,0.18000000000000682
0.07500000000000001,22.0,1111111111111101,63.42342342342346,0.18000000000000682
0.07500000000000001,23.0,1111111111111101,63.34234234234236,0.18000000000000682
0.07500000000000001,24.0,1111111111111101,63.261261261261296,0.18000000000000682
0.07500000000000001,25.0,1111111111111101,63.1801801801802,0.18000000000000682
0.07500000000000001,26.0,1111111111111101,63.09909909909911,0.18000000000000682
0.07500000000000001,27.0,1111111111111101,63.01801801801804,0.18000000000000682
0.07500000000000001,28.0,1111111111111101,62.936936936936945,0.18000000000000682
0.07500000000000001,29.0,1111111111111101,62.85585585585588,0.18000000000000682
0.07500000000000001,30.0,1111111111111101,62.774774774774784,0.18000000000000682
0.07500000000000001,31.0,1111111111111101,62.69369369369372,0.18000000000000682
0.07500000000000001,32.0,1111111111111101,62.61261261261262,0.18000000000000682
0.07500000000000001,33.0,1111111111111101,62.531531531531556,0.18000000000000682
0.07500000000000001,34.0,1111111111111101,62.45045045045046,0.18000000000000682
0.07500000000000001,35.0,1111111111111101,62.369369369369394,0.18000000000000682
0.07500000000000001,36.0,1111111111111101,62.2882882882883,0.18000000000000682
0.07500000000000001,37.0,1111111111111101,62.20720720720723,0.18000000000000682
0.07500000000000001,38.0,1111111111111101,62.12612612612614,0.18000000000000682
0.07500000000000001,39.0,1111111111111101,62.04504504504507,0.18000000000000682
0.07500000000000001,40.0,1111111111111101,61.96396396396398,0.18000000000000682
0.08000000000000002,6.0,1111111100011101,66.12387014492754,0.14256000000000313
0.08000000000000002,7.0,1111111100011101,65.7659136231884,0.06155999999998585
0.08000000000000002,8.0,1111111110011101,65.42739710144929,0.0
0.08000000000000002,9.0,1111111110011101,65.15044057971016,0.0
0.08000000000000002,10.0,1111111110011101,64.87348405797101,0.0
0.08000000000000002,11.0,1111111110011101,64.59652753623189,0.0
0.08000000000000002,12.0,1111111111011101,64.36997101449276,0.0
0.08000000000000002,13.0,1111111111011101,64.18301449275361,0.0
0.08000000000000002,14.0,1111111111011101,63.996057971014494,0.0
0.08000000000000002,15.0,1111111111011101,63.809101449275374,0.0
0.08000000000000002,16.0,1111111111111101,63.71014492753625,0.08800000000002228
0.08000000000000002,17.0,1111111111111101,63.62318840579712,0.18000000000000682
0.08000000000000002,18.0,1111111111111101,63.536231884058,0.18000000000000682
0.08000000000000002,19.0,1111111111111101,63.44927536231884,0.18000000000000682
0.08000000000000002,20.0,1111111111111101,63.36231884057972,0.18000000000000682
0.08000000000000002,21.0,1111111111111101,63.27536231884059,0.18000000000000682
0.08000000000000002,22.0,1111111111111101,63.18840579710147,0.18000000000000682
0.08000000000000002,23.0,1111111111111101,63.10144927536234,0.18000000000000682
0.08000000000000002,24.0,1111111111111101,63.014492753623216,0.18000000000000682
0.08000000000000002,25.0,1111111111111101,62.92753623188406,0.18000000000000682
0.08000000000000002,26.0,1111111111111101,62.84057971014494,0.18000000000000682
0.08000000000000002,27.0,1111111111111101,62.75362318840581,0.18000000000000682
0.08000000000000002,28.0,1111111111111101,62.666666666666686,0.18000000000000682
0.08000000000000002,29.0,1111111111111101,62.57971014492756,0.18000000000000682
0.08000000000000002,30.0,1111111111111101,62.492753623188435,0.18000000000000682
0.08000000000000002,31.0,1111111111111101,62.40579710144928,0.18000000000000682
0.08000000000000002,32.0,1111111111111101,62.318840579710155,0.18000000000000682
0.08000000000000002,33.0,1111111111111101,62.23188405797103,0.18000000000000682
0.08000000000000002,34.0,1111111111111101,62.144927536231904,0.18000000000000682
0.08000000000000002,35.0,1111111111111101,62.05797101449278,0.18000000000000682
0.08000000000000002,36.0,1111111111111101,61.971014492753625,0.18000000000000682
0.08000000000000002,37.0,1111111111111101,61.8840579710145,0.18000000000000682
0.08000000000000002,38.0,1111111111111101,61.797101449275374,0.18000000000000682
0.08000000000000002,39.0,1111111111111101,61.71014492753625,0.18000000000000682
0.08000000000000002,40.0,1111111111111101,61.62318840579712,0.18000000000000682
0.085,6.0,1111111100011101,65.93757846994538,0.13122000000001321
0.085,7.0,1111111100011101,65.57368229508197,0.050219999999995935
0.085,8.0,1111111110011101,65.24056612021857,0.0
0.085,9.0,1111111110011101,64.9576699453552,0.0
0.085,10.0,1111111110011101,64.67477377049181,0.0
0.085,11.0,1111111110011101,64.39187759562842,0.0
0.085,12.0,1111111110111101,64.17378142076504,0.0
0.085,13.0,1111111111011101,63.980885245901646,0.0
0.085,14.0,1111111110111101,63.787989071038254,0.0
0.085,15.0,1111111111111101,63.60109289617489,0.006000000000028649
0.085,16.0,1111111111111101,63.50819672131149,0.10600000000002296
0.085,17.0,1111111111111101,63.415300546448094,0.18000000000000682
0.085,18.0,1111111111111101,63.322404371584724,0.18000000000000682
0.085,19.0,1111111111111101,63.229508196721326,0.18000000000000682
0.085,20.0,1111111111111101,63.13661202185796,0.18000000000000682
0.085,21.0,1111111111111101,63.04371584699456,0.18000000000000682
0.085,22.0,1111111111111101,62.95081967213116,0.18000000000000682
0.085,23.0,1111111111111101,62.85792349726779,0.18000000000000682
0.085,24.0,1111111111111101,62.76502732240439,0.18000000000000682
0.085,25.0,1111111111111101,62.672131147540995,0.18000000000000682
0.085,26.0,1111111111111101,62.579234972677625,0.18000000000000682
0.085,27.0,1111111111111101,62.48633879781423,0.18000000000000682
0.085,28.0,1111111111111101,62.39344262295083,0.18000000000000682
0.085,29.0,1111111111111101,62.30054644808746,0.18000000000000682
0.085,30.0,1111111111111101,62.20765027322406,0.18000000000000682
0.085,31.0,1111111111111101,62.11475409836066,0.18000000000000682
0.085,32.0,1111111111111101,62.02185792349729,0.18000000000000682
0.085,33.0,1111111111111101,61.928961748633895,0.18000000000000682
0.085,34.0,1111111111111101,61.836065573770526,0.18000000000000682
0.085,35.0,1111111111111101,61.74316939890713,0.18000000000000682
0.085,36.0,1111111111111101,61.65027322404373,0.18000000000000682
0.085,37.0,1111111111111101,61.55737704918036,0.18000000000000682
0.085,38.0,1111111111111101,61.46448087431696,0.18000000000000682
0.085,39.0,1111111111111101,61.371584699453564,0.18000000000000682
0.085,40.0,1111111111111101,61.278688524590194,0.18000000000000682
0.09000000000000001,6.0,1111111100011101,65.7497202930403,0.11987999999999488
0.09000000000000001,7.0,1111111100011101,65.3798191941392,0.03888000000000602
0.09000000000000001,8.0,1111111110011101,65.05203809523812,0.0
0.09000000000000001,9.0,1111111110011101,64.76313699633701,0.0
0.09000000000000001,10.0,1111111110011101,64.4742358974359,0.0
0.09000000000000001,11.0,1111111101011101,64.1853347985348,0.0
0.09000000000000001,12.0,1111111110111101,63.975633699633704,0.0
0.09000000000000001,13.0,1111111111011101,63.7767326007326,0.0
0.09000000000000001,14.0,1111111111011101,63.5778315018315,0.0
0.09000000000000001,15.0,1111111111111101,63.40293040293042,0.02400000000000091
0.09000000000000001,16.0,1111111111111101,63.304029304029314,0.12399999999999523
0.09000000000000001,17.0,1111111111111101,63.20512820512823,0.18000000000000682
0.09000000000000001,18.0,1111111111111101,63.106227106227124,0.18000000000000682
0.09000000000000001,19.0,1111111111111101,63.007326007326014,0.18000000000000682
0.09000000000000001,20.0,1111111111111101,62.908424908424934,0.18000000000000682
0.09000000000000001,21.0,1111111111111101,62.809523809523824,0.18000000000000682
0.09000000000000001,22.0,1111111111111101,62.710622710622744,0.18000000000000682
0.09000000000000001,23.0,1111111111111101,62.611721611721634,0.18000000000000682
0.09000000000000001,24.0,1111111111111101,62.512820512820525,0.18000000000000682
0.09000000000000001,25.0,1111111111111101,62.413919413919444,0.18000000000000682
0.09000000000000001,26.0,1111111111111101,62.315018315018335,0.18000000000000682
0.09000000000000001,27.0,1111111111111101,62.216117216117226,0.18000000000000682
0.09000000000000001,28.0,1111111111111101,62.117216117216145,0.18000000000000682
0.09000000000000001,29.0,1111111111111101,62.018315018315036,0.18000000000000682
0.09000000000000001,30.0,1111111111111101,61.91941391941393,0.18000000000000682
0.09000000000000001,31.0,1111111111111101,61.820512820512846,0.18000000000000682
0.09000000000000001,32.0,1111111111111101,61.72161172161174,0.18000000000000682
0.09000000000000001,33.0,1111111111111101,61.622710622710656,0.18000000000000682
0.09000000000000001,34.0,1111111111111101,61.52380952380955,0.18000000000000682
0.09000000000000001,35.0,1111111111111101,61.42490842490844,0.18000000000000682
0.09000000000000001,36.0,1111111111111101,61.32600732600736,0.18000000000000682
0.09000000000000001,37.0,1111111111111101,61.22710622710625,0.18000000000000682
0.09000000000000001,38.0,1111111111111101,61.12820512820514,0.18000000000000682
0.09000000000000001,39.0,1111111111111101,61.02930402930406,0.18000000000000682
0.09000000000000001,40.0,1111111111111101,60.93040293040295,0.18000000000000682
0.09500000000000001,6.0,1111111100011101,65.5602696500921,0.10854000000000497
0.09500000000000001,7.0,1111111100011101,65.18429727440147,0.027539999999987685
0.09500000000000001,8.0,1111111110011101,64.86178489871088,0.0
0.09500000000000001,9.0,1111111110011101,64.56681252302027,0.0
0.09500000000000001,10.0,1111111110011101,64.27184014732967,0.0
0.09500000000000001,11.0,1111111111011101,63.98046777163904,0.0
0.09500000000000001,12.0,1111111101111101,63.77549539594844,0.0
0.09500000000000001,13.0,1111111110111101,63.57052302025784,0.0
0.09500000000000001,14.0,1111111111011101,63.365550644567236,0.0
0.09500000000000001,15.0,1111111111111101,63.202578268876636,0.04200000000003001
0.09500000000000001,16.0,1111111111111101,63.09760589318603,0.14200000000002433
0.09500000000000001,17.0,1111111111111101,62.99263351749542,0.18000000000000682
0.09500000000000001,18.0,1111111111111101,62.88766114180481,0.18000000000000682
0.09500000000000001,19.0,1111111111111101,62.782688766114205,0.18000000000000682
0.09500000000000001,20.0,1111111111111101,62.6777163904236,0.18000000000000682
0.09500000000000001,21.0,1111111111111101,62.57274401473299,0.18000000000000682
0.09500000000000001,22.0,1111111111111101,62.46777163904238,0.18000000000000682
0.09500000000000001,23.0,1111111111111101,62.362799263351775,0.18000000000000682
0.09500000000000001,24.0,1111111111111101,62.25782688766117,0.18000000000000682
0.09500000000000001,25.0,1111111111111101,62.15285451197056,0.18000000000000682
0.09500000000000001,26.0,1111111111111101,62.04788213627995,0.18000000000000682
0.09500000000000001,27.0,1111111111111101,61.942909760589345,0.18000000000000682
0.09500000000000001,28.0,1111111111111101,61.83793738489874,0.18000000000000682
0.09500000000000001,29.0,1111111111111101,61.73296500920813,0.18000000000000682
0.09500000000000001,30.0,1111111111111101,61.62799263351752,0.18000000000000682
0.09500000000000001,31.0,1111111111111101,61.523020257826914,0.18000000000000682
0.09500000000000001,32.0,1111111111111101,61.41804788213631,0.18000000000000682
0.09500000000000001,33.0,1111111111111101,61.3130755064457,0.18000000000000682
0.09500000000000001,34.0,1111111111111101,61.20810313075509,0.18000000000000682
0.09500000000000001,35.0,1111111111111101,61.103130755064484,0.18000000000000682
0.09500000000000001,36.0,1111111111111101,60.998158379373876,0.18000000000000682
0.09500000000000001,37.0,1111111111111101,60.89318600368327,0.18000000000000682
0.09500000000000001,38.0,1111111111111101,60.78821362799266,0.18000000000000682
0.09500000000000001,39.0,1111111111111101,60.683241252302054,0.18000000000000682
0.09500000000000001,40.0,1111111111111101,60.578268876611446,0.18000000000000682
0.1,6.0,1111111100011101,65.3692,0.09719999999998663
0.1,7.0,1111111100011101,64.9870888888889,0.016199999999997772
0.1,8.0,1111111100111101,64.6697777777778,0.0
0.1,9.0,1111111110011101,64.36866666666668,0.0
0.1,10.0,1111111100111101,64.06755555555557,0.0
0.1,11.0,1111111111011101,63.78444444444446,0.0
0.1,12.0,1111111101111101,63.57333333333335,0.0
0.1,13.0,1111111111011101,63.362222222222215,0.0
0.1,14.0,1111111110111101,63.151111111111106,0.0
0.1,15.0,1111111111111101,63.00000000000003,0.060000000000030695
0.1,16.0,1111111111111101,62.888888888888914,0.160000000000025
0.1,17.0,1111111111111101,62.7777777777778,0.18000000000000682
0.1,18.0,1111111111111101,62.666666666666686,0.18000000000000682
0.1,19.0,1111111111111101,62.55555555555557,0.18000000000000682
0.1,20.0,1111111111111101,62.44444444444446,0.18000000000000682
0.1,21.0,1111111111111101,62.33333333333334,0.18000000000000682
0.1,22.0,1111111111111101,62.22222222222223,0.18000000000000682
0.1,23.0,1111111111111101,62.11111111111114,0.18000000000000682
0.1,24.0,1111111111111101,62.00000000000003,0.18000000000000682
0.1,25.0,1111111111111101,61.888888888888914,0.18000000000000682
0.1,26.0,1111111111111101,61.7777777777778,0.18000000000000682
0.1,27.0,1111111111111101,61.666666666666686,0.18000000000000682
0.1,28.0,1111111111111101,61.55555555555557,0.18000000000000682
0.1,29.0,1111111111111101,61.44444444444446,0.18000000000000682
0.1,30.0,1111111111111101,61.33333333333334,0.18000000000000682
0.1,31.0,1111111111111101,61.22222222222223,0.18000000000000682
0.1,32.0,1111111111111101,61.11111111111114,0.18000000000000682
0.1,33.0,1111111111111101,61.00000000000003,0.18000000000000682
0.1,34.0,1111111111111101,60.888888888888914,0.18000000000000682
0.1,35.0,1111111111111101,60.7777777777778,0.18000000000000682
0.1,36.0,1111111111111101,60.666666666666686,0.18000000000000682
0.1,37.0,1111111111111101,60.55555555555557,0.18000000000000682
0.1,38.0,1111111111111101,60.44444444444446,0.18000000000000682
0.1,39.0,1111111111111101,60.33333333333334,0.18000000000000682
0.1,40.0,1111111111111101,60.22222222222223,0.18000000000000682
0.10500000000000001,6.0,1111111100011101,65.17648420856611,0.08585999999999672
0.10500000000000001,7.0,1111111100011101,64.78816577281191,0.004859999999979436
0.10500000000000001,8.0,1111111110011101,64.47598733705775,0.0
0.10500000000000001,9.0,1111111101011101,64.16866890130353,0.0
0.10500000000000001,10.0,1111111110011101,63.86135046554935,0.0
0.10500000000000001,11.0,1111111101111101,63.58643202979516,0.0
0.10500000000000001,12.0,1111111101111101,63.36911359404098,0.0
0.10500000000000001,13.0,1111111110111101,63.151795158286774,0.0
0.10500000000000001,14.0,1111111101111101,62.934476722532594,0.0
0.10500000000000001,15.0,1111111111111101,62.79515828677842,0.07800000000000296
0.10500000000000001,16.0,1111111111111101,62.67783985102423,0.1780000000000257
0.10500000000000001,17.0,1111111111111101,62.560521415270046,0.18000000000000682
0.10500000000000001,18.0,1111111111111101,62.44320297951586,0.18000000000000682
0.10500000000000001,19.0,1111111111111101,62.325884543761646,0.18000000000000682
0.10500000000000001,20.0,1111111111111101,62.20856610800746,0.18000000000000682
0.10500000000000001,21.0,1111111111111101,62.091247672253274,0.18000000000000682
0.10500000000000001,22.0,1111111111111101,61.97392923649909,0.18000000000000682
0.10500000000000001,23.0,1111111111111101,61.8566108007449,0.18000000000000682
0.10500000000000001,24.0,1111111111111101,61.73929236499072,0.18000000000000682
0.10500000000000001,25.0,1111111111111101,61.62197392923653,0.18000000000000682
0.10500000000000001,26.0,1111111111111101,61.50465549348232,0.18000000000000682
0.10500000000000001,27.0,1111111111111101,61.38733705772813,0.18000000000000682
0.10500000000000001,28.0,1111111111111101,61.270018621973946,0.18000000000000682
0.10500000000000001,29.0,1111111111111101,61.15270018621976,0.18000000000000682
0.10500000000000001,30.0,1111111111111101,61.035381750465575,0.18000000000000682
0.10500000000000001,31.0,1111111111111101,60.91806331471139,0.18000000000000682
0.10500000000000001,32.0,1111111111111101,60.800744878957175,0.18000000000000682
0.10500000000000001,33.0,1111111111111101,60.68342644320299,0.18000000000000682
0.10500000000000001,34.0,1111111111111101,60.566108007448804,0.18000000000000682
0.10500000000000001,35.0,1111111111111101,60.44878957169462,0.18000000000000682
0.10500000000000001,36.0,1111111111111101,60.33147113594043,0.18000000000000682
0.10500000000000001,37.0,1111111111111101,60.21415270018625,0.18000000000000682
0.10500000000000001,38.0,1111111111111101,60.09683426443206,0.18000000000000682
0.10500000000000001,39.0,1111111111111101,59.97951582867785,0.18000000000000682
0.10500000000000001,40.0,1111111111111101,59.86219739292366,0.18000000000000682
0.11000000000000001,6.0,1111111100011101,64.98209453183523,0.0745200000000068
0.11000000000000001,7.0,1111111110011101,64.59397902621723,0.0
0.11000000000000001,8.0,1111111100111101,64.28038352059926,0.0
0.11000000000000001,9.0,1111111110011101,63.96678801498129,0.0
0.11000000000000001,10.0,1111111110011101,63.65319250936329,0.0
0.11000000000000001,11.0,1111111110111101,63.386397003745316,0.0
0.11000000000000001,12.0,1111111101111101,63.16280149812735,0.0
0.11000000000000001,13.0,1111111111011101,62.93920599250936,0.0
0.11000000000000001,14.0,1111111110111101,62.71561048689139,0.0
0.11000000000000001,15.0,1111111111111101,62.58801498127343,0.09600000000000364
0.11000000000000001,16.0,1111111111111101,62.46441947565546,0.18000000000000682
0.11000000000000001,17.0,1111111111111101,62.34082397003746,0.18000000000000682
0.11000000000000001,18.0,1111111111111101,62.21722846441949,0.18000000000000682
0.11000000000000001,19.0,1111111111111101,62.09363295880152,0.18000000000000682
0.11000000000000001,20.0,1111111111111101,61.97003745318355,0.18000000000000682
0.11000000000000001,21.0,1111111111111101,61.84644194756555,0.18000000000000682
0.11000000000000001,22.0,1111111111111101,61.72284644194758,0.18000000000000682
0.11000000000000001,23.0,1111111111111101,61.59925093632961,0.18000000000000682
0.11000000000000001,24.0,1111111111111101,61.47565543071164,0.18000000000000682
0.11000000000000001,25.0,1111111111111101,61.35205992509364,0.18000000000000682
0.11000000000000001,26.0,1111111111111101,61.22846441947567,0.18000000000000682
0.11000000000000001,27.0,1111111111111101,61.1048689138577,0.18000000000000682
0.11000000000000001,28.0,1111111111111101,60.98127340823973,0.18000000000000682
0.11000000000000001,29.0,1111111111111101,60.85767790262173,0.18000000000000682
0.11000000000000001,30.0,1111111111111101,60.73408239700376,0.18000000000000682
0.11000000000000001,31.0,1111111111111101,60.61048689138579,0.18000000000000682
0.11000000000000001,32.0,1111111111111101,60.48689138576782,0.18000000000000682
0.11000000000000001,33.0,1111111111111101,60.36329588014982,0.18000000000000682
0.11000000000000001,34.0,1111111111111101,60.23970037453185,0.18000000000000682
0.11000000000000001,35.0,1111111111111101,60.11610486891388,0.18000000000000682
0.11000000000000001,36.0,1111111111111101,59.99250936329591,0.18000000000000682
0.11000000000000001,37.0,1111111111111101,59.86891385767791,0.18000000000000682
0.11000000000000001,38.0,1111111111111101,59.74531835205994,0.18000000000000682
0.11000000000000001,39.0,1111111111111101,59.62172284644197,0.18000000000000682
0.11000000000000001,40.0,1111111111111101,59.498127340824,0.18000000000000682
0.11500000000000002,6.0,1111111100011101,64.78600259887006,0.06317999999998847
0.11500000000000002,7.0,1111111101011101,64.40287909604521,0.0
0.11500000000000002,8.0,1111111101011101,64.08293559322036,0.0
0.11500000000000002,9.0,1111111110011101,63.76299209039547,0.0
0.11500000000000002,10.0,1111111110011101,63.443048587570615,0.0
0.11500000000000002,11.0,1111111111011101,63.18430508474577,0.0
0.11500000000000002,12.0,1111111111011101,62.95436158192092,0.0
0.11500000000000002,13.0,1111111101111101,62.72441807909604,0.0
0.11500000000000002,14.0,1111111111111101,62.5084745762712,0.014000000000010004
0.11500000000000002,15.0,1111111111111101,62.37853107344634,0.11400000000000432
0.11500000000000002,16.0,1111111111111101,62.24858757062148,0.18000000000000682
0.11500000000000002,17.0,1111111111111101,62.11864406779662,0.18000000000000682
0.11500000000000002,18.0,1111111111111101,61.988700564971765,0.18000000000000682
0.11500000000000002,19.0,1111111111111101,61.85875706214691,0.18000000000000682
0.11500000000000002,20.0,1111111111111101,61.72881355932205,0.18000000000000682
0.11500000000000002,21.0,1111111111111101,61.59887005649719,0.18000000000000682
0.11500000000000002,22.0,1111111111111101,61.46892655367233,0.18000000000000682
0.11500000000000002,23.0,1111111111111101,61.338983050847474,0.18000000000000682
0.11500000000000002,24.0,1111111111111101,61.209039548022616,0.18000000000000682
0.11500000000000002,25.0,1111111111111101,61.07909604519776,0.18000000000000682
0.11500000000000002,26.0,1111111111111101,60.9491525423729,0.18000000000000682
0.11500000000000002,27.0,1111111111111101,60.81920903954804,0.18000000000000682
0.11500000000000002,28.0,1111111111111101,60.689265536723184,0.18000000000000682
0.11500000000000002,29.0,1111111111111101,60.559322033898326,0.18000000000000682
0.11500000000000002,30.0,1111111111111101,60.42937853107347,0.18000000000000682
0.11500000000000002,31.0,1111111111111101,60.29943502824861,0.18000000000000682
0.11500000000000002,32.0,1111111111111101,60.16949152542375,0.18000000000000682
0.11500000000000002,33.0,1111111111111101,60.03954802259889,0.18000000000000682
0.11500000000000002,34.0,1111111111111101,59.909604519774035,0.18000000000000682
0.11500000000000002,35.0,1111111111111101,59.77966101694918,0.18000000000000682
0.11500000000000002,36.0,1111111111111101,59.64971751412432,0.18000000000000682
0.11500000000000002,37.0,1111111111111101,59.51977401129946,0.18000000000000682
0.11500000000000002,38.0,1111111111111101,59.3898305084746,0.18000000000000682
0.11500000000000002,39.0,1111111111111101,59.259887005649745,0.18000000000000682
0.11500000000000002,40.0,1111111111111101,59.12994350282489,0.18000000000000682
0.12000000000000001,6.0,1111111100011101,64.58817939393941,0.051839999999998554
0.12000000000000001,7.0,1111111110011101,64.20997575757576,0.0
0.12000000000000001,8.0,1111111100111101,63.88361212121214,0.0
0.12000000000000001,9.0,1111111110011101,63.557248484848486,0.0
0.12000000000000001,10.0,1111111100111101,63.23088484848486,0.0
0.12000000000000001,11.0,1111111101111101,62.98012121212122,0.0
0.12000000000000001,12.0,1111111111011101,62.74375757575757,0.0
0.12000000000000001,13.0,1111111111011101,62.50739393939395,0.0
0.12000000000000001,14.0,1111111111111101,62.30303030303031,0.03200000000001069
0.12000000000000001,15.0,1111111111111101,62.166666666666686,0.132000000000005
0.12000000000000001,16.0,1111111111111101,62.03030303030306,0.18000000000000682
0.12000000000000001,17.0,1111111111111101,61.893939393939405,0.18000000000000682
0.12000000000000001,18.0,1111111111111101,61.75757575757578,0.18000000000000682
0.12000000000000001,19.0,1111111111111101,61.62121212121215,0.18000000000000682
0.12000000000000001,20.0,1111111111111101,61.4848484848485,0.18000000000000682
0.12000000000000001,21.0,1111111111111101,61.34848484848487,0.18000000000000682
0.12000000000000001,22.0,1111111111111101,61.21212121212122,0.18000000000000682
0.12000000000000001,23.0,1111111111111101,61.07575757575759,0.18000000000000682
0.12000000000000001,24.0,1111111111111101,60.939393939393966,0.18000000000000682
0.12000000000000001,25.0,1111111111111101,60.80303030303031,0.18000000000000682
0.12000000000000001,26.0,1111111111111101,60.666666666666686,0.18000000000000682
0.12000000000000001,27.0,1111111111111101,60.53030303030306,0.18000000000000682
0.12000000000000001,28.0,1111111111111101,60.393939393939405,0.18000000000000682
0.12000000000000001,29.0,1111111111111101,60.25757575757578,0.18000000000000682
0.12000000000000001,30.0,1111111111111101,60.12121212121215,0.18000000000000682
0.12000000000000001,31.0,1111111111111101,59.9848484848485,0.18000000000000682
0.12000000000000001,32.0,1111111111111101,59.84848484848487,0.18000000000000682
0.12000000000000001,33.0,1111111111111101,59.71212121212122,0.18000000000000682
0.12000000000000001,34.0,1111111111111101,59.57575757575759,0.18000000000000682
0.12000000000000001,35.0,1111111111111101,59.439393939393966,0.18000000000000682
0.12000000000000001,36.0,1111111111111101,59.30303030303031,0.18000000000000682
0.12000000000000001,37.0,1111111111111101,59.166666666666686,0.18000000000000682
0.12000000000000001,38.0,1111111111111101,59.03030303030306,0.18000000000000682
0.12000000000000001,39.0,1111111111111101,58.893939393939405,0.18000000000000682
0.12000000000000001,40.0,1111111111111101,58.75757575757578,0.16939636363636623
0.125,6.0,1111111100011101,64.38859523809523,0.04049999999998022
0.125,7.0,1111111100111101,64.01523809523809,0.0
0.125,8.0,1111111101011101,63.68238095238095,0.0
0.125,9.0,1111111110011101,63.34952380952382,0.0
0.125,10.0,1111111111011101,63.01666666666668,0.0
0.125,11.0,1111111111011101,62.77380952380952,0.0
0.125,12.0,1111111110111101,62.530952380952385,0.0
0.125,13.0,1111111111011101,62.28809523809525,0.0
0.125,14.0,1111111111111101,62.0952380952381,0.05000000000001137
0.125,15.0,1111111111111101,61.95238095238096,0.15000000000000568
0.125,16.0,1111111111111101,61.809523809523824,0.18000000000000682
0.125,17.0,1111111111111101,61.666666666666686,0.18000000000000682
0.125,18.0,1111111111111101,61.52380952380955,0.18000000000000682
0.125,19.0,1111111111111101,61.38095238095241,0.18000000000000682
0.125,20.0,1111111111111101,61.23809523809527,0.18000000000000682
0.125,21.0,1111111111111101,61.0952380952381,0.18000000000000682
0.125,22.0,1111111111111101,60.95238095238096,0.18000000000000682
0.125,23.0,1111111111111101,60.809523809523824,0.18000000000000682
0.125,24.0,1111111111111101,60.666666666666686,0.18000000000000682
0.125,25.0,1111111111111101,60.52380952380955,0.18000000000000682
0.125,26.0,1111111111111101,60.38095238095241,0.18000000000000682
0.125,27.0,1111111111111101,60.23809523809527,0.18000000000000682
0.125,28.0,1111111111111101,60.0952380952381,0.18000000000000682
0.125,29.0,1111111111111101,59.95238095238096,0.18000000000000682
0.125,30.0,1111111111111101,59.809523809523824,0.18000000000000682
0.125,31.0,1111111111111101,59.666666666666686,0.18000000000000682
0.125,32.0,1111111111111101,59.52380952380955,0.18000000000000682
0.125,33.0,1111111111111101,59.38095238095241,0.18000000000000682
0.125,34.0,1111111111111101,59.23809523809527,0.18000000000000682
0.125,35.0,1111111111111101,59.0952380952381,0.18000000000000682
0.125,36.0,1111111111111101,58.95238095238096,0.18000000000000682
0.125,37.0,1111111111111101,58.809523809523824,0.18000000000000682
0.125,38.0,1111111111111101,58.666666666666686,0.18000000000000682
0.125,39.0,1111111111111101,58.52380952380955,0.13521428571431215
0.125,40.0,1111111100011111,58.388595238095235,0.007642857142826642
0.13,6.0,1111111100011101,64.18721977011495,0.029159999999990305
0.13,7.0,1111111110011101,63.818634482758625,0.0
0.13,8.0,1111111110011101,63.47920919540229,0.0
0.13,9.0,1111111110011101,63.139783908045985,0.0
0.13,10.0,1111111110111101,62.81475862068967,0.0
0.13,11.0,1111111110111101,62.56533333333334,0.0
0.13,12.0,1111111111011101,62.31590804597701,0.0
0.13,13.0,1111111111011101,62.06648275862068,0.0
0.13,14.0,1111111111111101,61.88505747126439,0.06800000000001205
0.13,15.0,1111111111111101,61.73563218390805,0.16800000000000637
0.13,16.0,1111111111111101,61.586206896551744,0.18000000000000682
0.13,17.0,1111111111111101,61.43678160919541,0.18000000000000682
0.13,18.0,1111111111111101,61.2873563218391,0.18000000000000682
0.13,19.0,1111111111111101,61.13793103448279,0.18000000000000682
0.13,20.0,1111111111111101,60.98850574712645,0.18000000000000682
0.13,21.0,1111111111111101,60.839080459770145,0.18000000000000682
0.13,22.0,1111111111111101,60.68965517241381,0.18000000000000682
0.13,23.0,1111111111111101,60.5402298850575,0.18000000000000682
0.13,24.0,1111111111111101,60.39080459770116,0.18000000000000682
0.13,25.0,1111111111111101,60.241379310344854,0.18000000000000682
0.13,26.0,1111111111111101,60.09195402298852,0.18000000000000682
0.13,27.0,1111111111111101,59.94252873563221,0.18000000000000682
0.13,28.0,1111111111111101,59.79310344827587,0.18000000000000682
0.13,29.0,1111111111111101,59.64367816091956,0.18000000000000682
0.13,30.0,1111111111111101,59.49425287356323,0.18000000000000682
0.13,31.0,1111111111111101,59.34482758620692,0.18000000000000682
0.13,32.0,1111111111111101,59.19540229885058,0.18000000000000682
0.13,33.0,1111111111111101,59.04597701149427,0.18000000000000682
0.13,34.0,1111111111111101,58.896551724137964,0.18000000000000682
0.13,35.0,1111111111111101,58.74712643678163,0.18000000000000682
0.13,36.0,1111111111111101,58.59770114942532,0.18000000000000682
0.13,37.0,1111111111111101,58.44827586206898,0.18000000000000682
0.13,38.0,1111111111111101,58.298850574712674,0.11163080459772345
0.13,39.0,1111111100011111,58.18721977011495,0.029159999999990305
0.13,40.0,1111111100011111,58.18721977011495,0.029159999999990305
0.135,6.0,1111111100011101,63.984021926782276,0.01782000000000039
0.135,7.0,1111111101011101,63.62013256262043,0.0
0.135,8.0,1111111110011101,63.27406319845858,0.0
0.135,9.0,1111111110011101,62.92799383429673,0.0
0.135,10.0,1111111111011101,62.61072447013487,0.0
0.135,11.0,1111111111011101,62.35465510597302,0.0
0.135,12.0,1111111111011101,62.09858574181118,0.0
0.135,13.0,1111111111011101,61.84251637764933,0.0
0.135,14.0,1111111111111101,61.6724470134875,0.08600000000001273
0.135,15.0,1111111111111101,61.51637764932565,0.18000000000000682
0.135,16.0,1111111111111101,61.360308285163796,0.18000000000000682
0.135,17.0,1111111111111101,61.204238921001945,0.18000000000000682
0.135,18.0,1111111111111101,61.048169556840094,0.18000000000000682
0.135,19.0,1111111111111101,60.89210019267824,0.18000000000000682
0.135,20.0,1111111111111101,60.73603082851639,0.18000000000000682
0.135,21.0,1111111111111101,60.57996146435454,0.18000000000000682
0.135,22.0,1111111111111101,60.42389210019269,0.18000000000000682
0.135,23.0,1111111111111101,60.26782273603084,0.18000000000000682
0.135,24.0,1111111111111101,60.111753371868986,0.18000000000000682
0.135,25.0,1111111111111101,59.955684007707134,0.18000000000000682
0.135,26.0,1111111111111101,59.79961464354531,0.18000000000000682
0.135,27.0,1111111111111101,59.64354527938346,0.18000000000000682
0.135,28.0,1111111111111101,59.48747591522161,0.18000000000000682
0.135,29.0,1111111111111101,59.33140655105976,0.18000000000000682
0.135,30.0,1111111111111101,59.175337186897906,0.18000000000000682
0.135,31.0,1111111111111101,59.019267822736055,0.18000000000000682
0.135,32.0,1111111111111101,58.8631984585742,0.18000000000000682
0.135,33.0,1111111111111101,58.70712909441235,0.18000000000000682
0.135,34.0,1111111111111101,58.5510597302505,0.18000000000000682
0.135,35.0,1111111111111101,58.39499036608865,0.18000000000000682
0.135,36.0,1111111111111101,58.2389210019268,0.18000000000000682
0.135,37.0,1111111111111101,58.082851637764946,0.09882971098267035
0.135,38.0,1111111100011111,57.984021926782276,0.01782000000000039
0.135,39.0,1111111100011111,57.984021926782276,0.01782000000000039
0.135,40.0,1111111100011111,57.984021926782276,0.01782000000000039
0.14,6.0,1111111100011101,63.77896992248063,0.006480000000010477
0.14,7.0,1111111110011101,63.41969922480621,0.0
0.14,8.0,1111111110011101,63.0669085271318,0.0
0.14,9.0,1111111110011101,62.714117829457365,0.0
0.14,10.0,1111111111011101,62.40452713178294,0.0
0.14,11.0,1111111101111101,62.14173643410854,0.0
0.14,12.0,1111111111011101,61.878945736434105,0.0
0.14,13.0,1111111111111101,61.62015503875972,0.004000000000019099
0.14,14.0,1111111111111101,61.45736434108528,0.10400000000001342
0.14,15.0,1111111111111101,61.29457364341087,0.18000000000000682
0.14,16.0,1111111111111101,61.13178294573646,0.18000000000000682
0.14,17.0,1111111111111101,60.96899224806202,0.18000000000000682
0.14,18.0,1111111111111101,60.80620155038761,0.18000000000000682
0.14,19.0,1111111111111101,60.6434108527132,0.18000000000000682
0.14,20.0,1111111111111101,60.480620155038764,0.18000000000000682
0.14,21.0,1111111111111101,60.317829457364354,0.18000000000000682
0.14,22.0,1111111111111101,60.155038759689944,0.18000000000000682
0.14,23.0,1111111111111101,59.992248062015534,0.18000000000000682
0.14,24.0,1111111111111101,59.829457364341096,0.18000000000000682
0.14,25.0,1111111111111101,59.666666666666686,0.18000000000000682
0.14,26.0,1111111111111101,59.503875968992276,0.18000000000000682
0.14,27.0,1111111111111101,59.34108527131784,0.18000000000000682
0.14,28.0,1111111111111101,59.17829457364343,0.18000000000000682
0.14,29.0,1111111111111101,59.01550387596902,0.18000000000000682
0.14,30.0,1111111111111101,58.85271317829458,0.18000000000000682
0.14,31.0,1111111111111101,58.68992248062017,0.18000000000000682
0.14,32.0,1111111111111101,58.52713178294576,0.18000000000000682
0.14,33.0,1111111111111101,58.36434108527135,0.18000000000000682
0.14,34.0,1111111111111101,58.20155038759691,0.18000000000000682
0.14,35.0,1111111111111101,58.0387596899225,0.18000000000000682
0.14,36.0,1111111111111101,57.87596899224809,0.0969990697674632
0.14,37.0,1111111100011111,57.77896992248063,0.006480000000010477
0.14,38.0,1111111100011111,57.77896992248063,0.006480000000010477
0.14,39.0,1111111100011111,57.77896992248063,0.006480000000010477
0.14,40.0,1111111100011111,57.77896992248063,0.006480000000010477
0.14500000000000002,6.0,1111111101011101,63.57689122807017,0.0
0.14500000000000002,7.0,1111111101011101,63.21730058479534,0.0
0.14500000000000002,8.0,1111111110011101,62.85770994152048,0.0
0.14500000000000002,9.0,1111111100111101,62.498119298245626,0.0
0.14500000000000002,10.0,1111111101111101,62.19612865497078,0.0
0.14500000000000002,11.0,1111111110111101,61.926538011695925,0.0
0.14500000000000002,12.0,1111111111011101,61.656947368421044,0.0
0.14500000000000002,13.0,1111111111111101,61.40935672514621,0.02200000000001978
0.14500000000000002,14.0,1111111111111101,61.23976608187135,0.1220000000000141
0.14500000000000002,15.0,1111111111111101,61.07017543859652,0.18000000000000682
0.14500000000000002,16.0,1111111111111101,60.90058479532166,0.18000000000000682
0.14500000000000002,17.0,1111111111111101,60.730994152046804,0.18000000000000682
0.14500000000000002,18.0,1111111111111101,60.561403508771946,0.18000000000000682
0.14500000000000002,19.0,1111111111111101,60.39181286549709,0.18000000000000682
0.14500000000000002,20.0,1111111111111101,60.22222222222223,0.18000000000000682
0.14500000000000002,21.0,1111111111111101,60.0526315789474,0.18000000000000682
0.14500000000000002,22.0,1111111111111101,59.88304093567254,0.18000000000000682
0.14500000000000002,23.0,1111111111111101,59.71345029239768,0.18000000000000682
0.14500000000000002,24.0,1111111111111101,59.54385964912282,0.18000000000000682
0.14500000000000002,25.0,1111111111111101,59.374269005847964,0.18000000000000682
0.14500000000000002,26.0,1111111111111101,59.204678362573105,0.18000000000000682
0.14500000000000002,27.0,1111111111111101,59.035087719298275,0.18000000000000682
0.14500000000000002,28.0,1111111111111101,58.865497076023416,0.18000000000000682
0.14500000000000002,29.0,1111111111111101,58.69590643274856,0.18000000000000682
0.14500000000000002,30.0,1111111111111101,58.5263157894737,0.18000000000000682
0.14500000000000002,31.0,1111111111111101,58.35672514619884,0.18000000000000682
0.14500000000000002,32.0,1111111111111101,58.18713450292398,0.18000000000000682
0.14500000000000002,33.0,1111111111111101,58.01754385964915,0.18000000000000682
0.14500000000000002,34.0,1111111111111101,57.84795321637429,0.18000000000000682
0.14500000000000002,35.0,1111111111111101,57.678362573099434,0.10147134502926747
0.14500000000000002,36.0,1111111110011111,57.57689122807017,0.0
0.14500000000000002,37.0,1111111110011111,57.57689122807017,0.0
0.14500000000000002,38.0,1111111110011111,57.57689122807017,0.0
0.14500000000000002,39.0,1111111100111111,57.57689122807017,0.0
0.14500000000000002,40.0,1111111110011111,57.57689122807017,0.0
0.15000000000000002,6.0,1111111110011101,63.37937254901962,0.0
0.15000000000000002,7.0,1111111110011101,63.01290196078432,0.0
0.15000000000000002,8.0,1111111110011101,62.64643137254902,0.0
0.15000000000000002,9.0,1111111100111101,62.279960784313744,0.0
0.15000000000000002,10.0,1111111110111101,61.985490196078445,0.0
0.15000000000000002,11.0,1111111110111101,61.709019607843146,0.0
0.15000000000000002,12.0,1111111101111101,61.43254901960785,0.0
0.15000000000000002,13.0,1111111111111101,61.19607843137257,0.040000000000020464
0.15000000000000002,14.0,1111111111111101,61.019607843137265,0.14000000000001478
0.15000000000000002,15.0,1111111111111101,60.84313725490199,0.18000000000000682
0.15000000000000002,16.0,1111111111111101,60.666666666666686,0.18000000000000682
0.15000000000000002,17.0,1111111111111101,60.49019607843138,0.18000000000000682
0.15000000000000002,18.0,1111111111111101,60.313725490196106,0.18000000000000682
0.15000000000000002,19.0,1111111111111101,60.1372549019608,0.18000000000000682
0.15000000000000002,20.0,1111111111111101,59.9607843137255,0.18000000000000682
0.15000000000000002,21.0,1111111111111101,59.78431372549022,0.18000000000000682
0.15000000000000002,22.0,1111111111111101,59.60784313725492,0.18000000000000682
0.15000000000000002,23.0,1111111111111101,59.43137254901961,0.18000000000000682
0.15000000000000002,24.0,1111111111111101,59.25490196078434,0.18000000000000682
0.15000000000000002,25.0,1111111111111101,59.07843137254903,0.18000000000000682
0.15000000000000002,26.0,1111111111111101,58.90196078431376,0.18000000000000682
0.15000000000000002,27.0,1111111111111101,58.725490196078454,0.18000000000000682
0.15000000000000002,28.0,1111111111111101,58.54901960784315,0.18000000000000682
0.15000000000000002,29.0,1111111111111101,58.372549019607874,0.18000000000000682
0.15000000000000002,30.0,1111111111111101,58.19607843137257,0.18000000000000682
0.15000000000000002,31.0,1111111111111101,58.019607843137265,0.18000000000000682
0.15000000000000002,32.0,1111111111111101,57.84313725490199,0.18000000000000682
0.15000000000000002,33.0,1111111111111101,57.666666666666686,0.18000000000000682
0.15000000000000002,34.0,1111111111111101,57.49019607843138,0.11082352941176055
0.15000000000000002,35.0,1111111110011111,57.37937254901962,0.0
0.15000000000000002,36.0,1111111110011111,57.37937254901962,0.0
0.15000000000000002,37.0,1111111110011111,57.37937254901962,0.0
0.15000000000000002,38.0,1111111100111111,57.37937254901962,0.0
0.15000000000000002,39.0,1111111101011111,57.37937254901962,0.0
0.15000000000000002,40.0,1111111110011111,57.37937254901962,0.0
0.15500000000000003,6.0,1111111110011101,63.179899802761355,0.0
0.15500000000000003,7.0,1111111101011101,62.80646785009861,0.0
0.15500000000000003,8.0,1111111101011101,62.4330358974359,0.0
0.15500000000000003,9.0,1111111101011101,62.05960394477319,0.0
0.15500000000000003,10.0,1111111101111101,61.77257199211044,0.0
0.15500000000000003,11.0,1111111110111101,61.48914003944773,0.0
0.15500000000000003,12.0,1111111111011101,61.20570808678502,0.0
0.15500000000000003,13.0,1111111111111101,60.980276134122306,0.058000000000021146
0.15500000000000003,14.0,1111111111111101,60.79684418145959,0.15800000000001546
0.15500000000000003,15.0,1111111111111101,60.613412228796875,0.18000000000000682
0.15500000000000003,16.0,1111111111111101,60.42998027613413,0.18000000000000682
0.15500000000000003,17.0,1111111111111101,60.246548323471416,0.18000000000000682
0.15500000000000003,18.0,1111111111111101,60.0631163708087,0.18000000000000682
0.15500000000000003,19.0,1111111111111101,59.879684418145985,0.18000000000000682
0.15500000000000003,20.0,1111111111111101,59.69625246548324,0.18000000000000682
0.15500000000000003,21.0,1111111111111101,59.512820512820525,0.18000000000000682
0.15500000000000003,22.0,1111111111111101,59.32938856015781,0.18000000000000682
0.15500000000000003,23.0,1111111111111101,59.145956607495094,0.18000000000000682
0.15500000000000003,24.0,1111111111111101,58.96252465483235,0.18000000000000682
0.15500000000000003,25.0,1111111111111101,58.779092702169635,0.18000000000000682
0.15500000000000003,26.0,1111111111111101,58.59566074950692,0.18000000000000682
0.15500000000000003,27.0,1111111111111101,58.412228796844204,0.18000000000000682
0.15500000000000003,28.0,1111111111111101,58.22879684418149,0.18000000000000682
0.15500000000000003,29.0,1111111111111101,58.045364891518744,0.18000000000000682
0.15500000000000003,30.0,1111111111111101,57.86193293885603,0.18000000000000682
0.15500000000000003,31.0,1111111111111101,57.67850098619331,0.18000000000000682
0.15500000000000003,32.0,1111111111111101,57.4950690335306,0.18000000000000682
0.15500000000000003,33.0,1111111111111101,57.311637080867854,0.13173727810649893
0.15500000000000003,34.0,1111111110011111,57.179899802761355,0.0
0.15500000000000003,35.0,1111111110011111,57.179899802761355,0.0
0.15500000000000003,36.0,1111111110011111,57.179899802761355,0.0
0.15500000000000003,37.0,1111111100111111,57.179899802761355,0.0
0.15500000000000003,38.0,1111111101011111,57.179899802761355,0.0
0.15500000000000003,39.0,1111111100111111,57.179899802761355,0.0
0.15500000000000003,40.0,1111111101011111,57.179899802761355,0.0
0.16000000000000003,6.0,1111111100111101,62.97843809523809,0.0
0.16000000000000003,7.0,1111111100111101,62.59796190476192,0.0
0.16000000000000003,8.0,1111111100111101,62.217485714285715,0.0
0.16000000000000003,9.0,1111111110111101,61.84780952380953,0.0
0.16000000000000003,10.0,1111111111011101,61.55733333333333,0.0
0.16000000000000003,11.0,1111111110111101,61.266857142857134,0.0
0.16000000000000003,12.0,1111111111011101,60.976380952380964,0.0
0.16000000000000003,13.0,1111111111111101,60.76190476190479,0.07600000000002183
0.16000000000000003,14.0,1111111111111101,60.571428571428584,0.17600000000001614
0.16000000000000003,15.0,1111111111111101,60.38095238095241,0.18000000000000682
0.16000000000000003,16.0,1111111111111101,60.190476190476204,0.18000000000000682
0.16000000000000003,17.0,1111111111111101,60.00000000000003,0.18000000000000682
0.16000000000000003,18.0,1111111111111101,59.809523809523824,0.18000000000000682
0.16000000000000003,19.0,1111111111111101,59.61904761904765,0.18000000000000682
0.16000000000000003,20.0,1111111111111101,59.428571428571445,0.18000000000000682
0.16000000000000003,21.0,1111111111111101,59.23809523809524,0.18000000000000682
0.16000000000000003,22.0,1111111111111101,59.047619047619065,0.18000000000000682
0.16000000000000003,23.0,1111111111111101,58.85714285714286,0.18000000000000682
0.16000000000000003,24.0,1111111111111101,58.666666666666686,0.18000000000000682
0.16000000000000003,25.0,1111111111111101,58.47619047619048,0.18000000000000682
0.16000000000000003,26.0,1111111111111101,58.285714285714306,0.18000000000000682
0.16000000000000003,27.0,1111111111111101,58.0952380952381,0.18000000000000682
0.16000000000000003,28.0,1111111111111101,57.904761904761926,0.18000000000000682
0.16000000000000003,29.0,1111111111111101,57.71428571428572,0.18000000000000682
0.16000000000000003,30.0,1111111111111101,57.52380952380955,0.18000000000000682
0.16000000000000003,31.0,1111111111111101,57.33333333333334,0.18000000000000682
0.16000000000000003,32.0,1111111111111101,57.14285714285717,0.16441904761907722
0.16000000000000003,33.0,1111111100111111,56.97843809523809,0.0
0.16000000000000003,34.0,1111111110011111,56.97843809523809,0.0
0.16000000000000003,35.0,1111111110011111,56.97843809523809,0.0
0.16000000000000003,36.0,1111111100111111,56.97843809523809,0.0
0.16000000000000003,37.0,1111111101011111,56.97843809523809,0.0
0.16000000000000003,38.0,1111111100111111,56.97843809523809,0.0
0.16000000000000003,39.0,1111111101011111,56.97843809523809,0.0
0.16000000000000003,40.0,1111111100111111,56.97843809523809,0.0
0.16500000000000004,6.0,1111111110011101,62.77495169660679,0.0
0.16500000000000004,7.0,1111111100111101,62.387346906187645,0.0
0.16500000000000004,8.0,1111111101011101,61.99974211576847,0.0
0.16500000000000004,9.0,1111111110111101,61.63733732534931,0.0
0.16500000000000004,10.0,1111111111011101,61.339732534930135,0.0
0.16500000000000004,11.0,1111111110111101,61.04212774451099,0.0
0.16500000000000004,12.0,1111111101111101,60.74452295409182,0.0
0.16500000000000004,13.0,1111111111111101,60.54091816367267,0.09400000000002251
0.16500000000000004,14.0,1111111111111101,60.34331337325352,0.18000000000000682
0.16500000000000004,15.0,1111111111111101,60.145708582834345,0.18000000000000682
0.16500000000000004,16.0,1111111111111101,59.948103792415196,0.18000000000000682
0.16500000000000004,17.0,1111111111111101,59.75049900199602,0.18000000000000682
0.16500000000000004,18.0,1111111111111101,59.55289421157687,0.18000000000000682
0.16500000000000004,19.0,1111111111111101,59.35528942115769,0.18000000000000682
0.16500000000000004,20.0,1111111111111101,59.157684630738544,0.18000000000000682
0.16500000000000004,21.0,1111111111111101,58.960079840319366,0.18000000000000682
0.16500000000000004,22.0,1111111111111101,58.76247504990022,0.18000000000000682
0.16500000000000004,23.0,1111111111111101,58.56487025948104,0.18000000000000682
0.16500000000000004,24.0,1111111111111101,58.36726546906189,0.18000000000000682
0.16500000000000004,25.0,1111111111111101,58.16966067864274,0.18000000000000682
0.16500000000000004,26.0,1111111111111101,57.972055888223565,0.18000000000000682
0.16500000000000004,27.0,1111111111111101,57.774451097804416,0.18000000000000682
0.16500000000000004,28.0,1111111111111101,57.57684630738524,0.18000000000000682
0.16500000000000004,29.0,1111111111111101,57.37924151696609,0.18000000000000682
0.16500000000000004,30.0,1111111111111101,57.18163672654691,0.18000000000000682
0.16500000000000004,31.0,1111111111111101,56.984031936127764,0.18000000000000682
0.16500000000000004,32.0,1111111111111101,56.786427145708586,0.011475449101794766
0.16500000000000004,33.0,1111111110011111,56.77495169660679,0.0
0.16500000000000004,34.0,1111111110011111,56.77495169660679,0.0
0.16500000000000004,35.0,1111111100111111,56.77495169660679,0.0
0.16500000000000004,36.0,1111111101011111,56.77495169660679,0.0
0.16500000000000004,37.0,1111111101011111,56.77495169660679,0.0
0.16500000000000004,38.0,1111111110011111,56.77495169660679,0.0
0.16500000000000004,39.0,1111111101011111,56.77495169660679,0.0
0.16500000000000004,40.0,1111111100111111,56.77495169660679,0.0
0.17000000000000004,6.0,1111111101011101,62.569404016064254,0.0
0.17000000000000004,7.0,1111111101011101,62.17458473895584,0.0
0.17000000000000004,8.0,1111111100111101,61.779765461847404,0.0
0.17000000000000004,9.0,1111111110111101,61.42454618473897,0.0
0.17000000000000004,10.0,1111111110111101,61.119726907630536,0.0
0.17000000000000004,11.0,1111111111011101,60.8149076305221,0.0
0.17000000000000004,12.0,1111111111111101,60.522088353413665,0.012000000000000455
0.17000000000000004,13.0,1111111111111101,60.31726907630525,0.11200000000002319
0.17000000000000004,14.0,1111111111111101,60.11244979919681,0.18000000000000682
0.17000000000000004,15.0,1111111111111101,59.90763052208837,0.18000000000000682
0.17000000000000004,16.0,1111111111111101,59.70281124497993,0.18000000000000682
0.17000000000000004,17.0,1111111111111101,59.49799196787151,0.18000000000000682
0.17000000000000004,18.0,1111111111111101,59.29317269076307,0.18000000000000682
0.17000000000000004,19.0,1111111111111101,59.08835341365463,0.18000000000000682
0.17000000000000004,20.0,1111111111111101,58.88353413654619,0.18000000000000682
0.17000000000000004,21.0,1111111111111101,58.678714859437775,0.18000000000000682
0.17000000000000004,22.0,1111111111111101,58.473895582329334,0.18000000000000682
0.17000000000000004,23.0,1111111111111101,58.26907630522089,0.18000000000000682
0.17000000000000004,24.0,1111111111111101,58.06425702811248,0.18000000000000682
0.17000000000000004,25.0,1111111111111101,57.85943775100404,0.18000000000000682
0.17000000000000004,26.0,1111111111111101,57.654618473895596,0.18000000000000682
0.17000000000000004,27.0,1111111111111101,57.449799196787154,0.18000000000000682
0.17000000000000004,28.0,1111111111111101,57.24497991967874,0.18000000000000682
0.17000000000000004,29.0,1111111111111101,57.0401606425703,0.18000000000000682
0.17000000000000004,30.0,1111111111111101,56.83534136546186,0.18000000000000682
0.17000000000000004,31.0,1111111111111101,56.630522088353416,0.06111807228916177
0.17000000000000004,32.0,1111111110011111,56.569404016064254,0.0
0.17000000000000004,33.0,1111111110011111,56.569404016064254,0.0
0.17000000000000004,34.0,1111111100111111,56.569404016064254,0.0
0.17000000000000004,35.0,1111111101011111,56.569404016064254,0.0
0.17000000000000004,36.0,1111111101011111,56.569404016064254,0.0
0.17000000000000004,37.0,1111111110011111,56.569404016064254,0.0
0.17000000000000004,38.0,1111111110011111,56.569404016064254,0.0
0.17000000000000004,39.0,1111111100111111,56.569404016064254,0.0
0.17000000000000004,40.0,1111111100111111,56.569404016064254,0.0
0.17500000000000004,6.0,1111111110011101,62.361757575757565,0.0
0.17500000000000004,7.0,1111111100111101,61.95963636363638,0.0
0.17500000000000004,8.0,1111111101011101,61.55751515151516,0.0
0.17500000000000004,9.0,1111111110111101,61.20939393939395,0.0
0.17500000000000004,10.0,1111111111011101,60.897272727272735,0.0
0.17500000000000004,11.0,1111111101111101,60.58515151515152,0.0
0.17500000000000004,12.0,1111111111111101,60.30303030303031,0.030000000000001137
0.17500000000000004,13.0,1111111111111101,60.09090909090912,0.13000000000002387
0.17500000000000004,14.0,1111111111111101,59.878787878787904,0.18000000000000682
0.17500000000000004,15.0,1111111111111101,59.666666666666686,0.18000000000000682
0.17500000000000004,16.0,1111111111111101,59.45454545454547,0.18000000000000682
0.17500000000000004,17.0,1111111111111101,59.24242424242425,0.18000000000000682
0.17500000000000004,18.0,1111111111111101,59.03030303030306,0.18000000000000682
0.17500000000000004,19.0,1111111111111101,58.81818181818184,0.18000000000000682
0.17500000000000004,20.0,1111111111111101,58.60606060606062,0.18000000000000682
0.17500000000000004,21.0,1111111111111101,58.393939393939405,0.18000000000000682
0.17500000000000004,22.0,1111111111111101,58.18181818181819,0.18000000000000682
0.17500000000000004,23.0,1111111111111101,57.969696969697,0.18000000000000682
0.17500000000000004,24.0,1111111111111101,57.75757575757578,0.18000000000000682
0.17500000000000004,25.0,1111111111111101,57.54545454545456,0.18000000000000682
0.17500000000000004,26.0,1111111111111101,57.33333333333334,0.18000000000000682
0.17500000000000004,27.0,1111111111111101,57.121212121212125,0.18000000000000682
0.17500000000000004,28.0,1111111111111101,56.909090909090935,0.18000000000000682
0.17500000000000004,29.0,1111111111111101,56.69696969696972,0.18000000000000682
0.17500000000000004,30.0,1111111111111101,56.4848484848485,0.12309090909093356
0.17500000000000004,31.0,1111111110011111,56.361757575757565,0.0
0.17500000000000004,32.0,1111111110011111,56.361757575757565,0.0
0.17500000000000004,33.0,1111111100111111,56.361757575757565,0.0
0.17500000000000004,34.0,1111111101011111,56.361757575757565,0.0
0.17500000000000004,35.0,1111111101011111,56.361757575757565,0.0
0.17500000000000004,36.0,1111111101011111,56.361757575757565,0.0
0.17500000000000004,37.0,1111111110011111,56.361757575757565,0.0
0.17500000000000004,38.0,1111111110011111,56.361757575757565,0.0
0.17500000000000004,39.0,1111111110011111,56.361757575757565,0.0
0.17500000000000004,40.0,1111111100111111,56.361757575757565,0.0
0.18000000000000005,6.0,1111111101011101,62.15197398373985,0.0
0.18000000000000005,7.0,1111111101011101,61.7424617886179,0.0
0.18000000000000005,8.0,1111111110011101,61.332949593495925,0.0
0.18000000000000005,9.0,1111111111011101,60.991837398374,0.0
0.18000000000000005,10.0,1111111111011101,60.67232520325203,0.0
0.18000000000000005,11.0,1111111110111101,60.352813008130084,0.0
0.18000000000000005,12.0,1111111111111101,60.08130081300814,0.04800000000000182
0.18000000000000005,13.0,1111111111111101,59.86178861788619,0.14799999999999613
0.18000000000000005,14.0,1111111111111101,59.64227642276424,0.18000000000000682
0.18000000000000005,15.0,1111111111111101,59.42276422764229,0.18000000000000682
0.18000000000000005,16.0,1111111111111101,59.20325203252034,0.18000000000000682
0.18000000000000005,17.0,1111111111111101,58.98373983739839,0.18000000000000682
0.18000000000000005,18.0,1111111111111101,58.76422764227644,0.18000000000000682
0.18000000000000005,19.0,1111111111111101,58.54471544715449,0.18000000000000682
0.18000000000000005,20.0,1111111111111101,58.32520325203254,0.18000000000000682
0.18000000000000005,21.0,1111111111111101,58.10569105691059,0.18000000000000682
0.18000000000000005,22.0,1111111111111101,57.886178861788636,0.18000000000000682
0.18000000000000005,23.0,1111111111111101,57.666666666666686,0.18000000000000682
0.18000000000000005,24.0,1111111111111101,57.447154471544735,0.18000000000000682
0.18000000000000005,25.0,1111111111111101,57.227642276422785,0.18000000000000682
0.18000000000000005,26.0,1111111111111101,57.008130081300834,0.18000000000000682
0.18000000000000005,27.0,1111111111111101,56.78861788617888,0.18000000000000682
0.18000000000000005,28.0,1111111111111101,56.56910569105693,0.18000000000000682
0.18000000000000005,29.0,1111111111111101,56.34959349593498,0.18000000000000682
0.18000000000000005,30.0,1111111110011111,56.15197398373985,0.0
0.18000000000000005,31.0,1111111110011111,56.15197398373985,0.0
0.18000000000000005,32.0,1111111110011111,56.15197398373985,0.0
0.18000000000000005,33.0,1111111101011111,56.15197398373985,0.0
0.18000000000000005,34.0,1111111100111111,56.15197398373985,0.0
0.18000000000000005,35.0,1111111101011111,56.15197398373985,0.0
0.18000000000000005,36.0,1111111101011111,56.15197398373985,0.0
0.18000000000000005,37.0,1111111110011111,56.15197398373985,0.0
0.18000000000000005,38.0,1111111101011111,56.15197398373985,0.0
0.18000000000000005,39.0,1111111100111111,56.15197398373985,0.0
0.18000000000000005,40.0,1111111100111111,56.15197398373985,0.0
0.18500000000000005,6.0,1111111101011101,61.94001390593047,0.0
0.18500000000000005,7.0,1111111110011101,61.52302004089978,0.0
0.18500000000000005,8.0,1111111110011101,61.10602617586912,0.0
0.18500000000000005,9.0,1111111111011101,60.77183231083845,0.0
0.18500000000000005,10.0,1111111111011101,60.44483844580776,0.0
0.18500000000000005,11.0,1111111110111101,60.1178445807771,0.0
0.18500000000000005,12.0,1111111111111101,59.85685071574645,0.06600000000003092
0.18500000000000005,13.0,1111111111111101,59.629856850715754,0.16599999999999682
0.18500000000000005,14.0,1111111111111101,59.40286298568509,0.18000000000000682
0.18500000000000005,15.0,1111111111111101,59.175869120654426,0.18000000000000682
0.18500000000000005,16.0,1111111111111101,58.94887525562373,0.18000000000000682
0.18500000000000005,17.0,1111111111111101,58.72188139059307,0.18000000000000682
0.18500000000000005,18.0,1111111111111101,58.494887525562376,0.18000000000000682
0.18500000000000005,19.0,1111111111111101,58.26789366053171,0.18000000000000682
0.18500000000000005,20.0,1111111111111101,58.04089979550105,0.18000000000000682
0.18500000000000005,21.0,1111111111111101,57.813905930470355,0.18000000000000682
0.18500000000000005,22.0,1111111111111101,57.58691206543969,0.18000000000000682
0.18500000000000005,23.0,1111111111111101,57.35991820040903,0.18000000000000682
0.18500000000000005,24.0,1111111111111101,57.132924335378334,0.18000000000000682
0.18500000000000005,25.0,1111111111111101,56.90593047034767,0.18000000000000682
0.18500000000000005,26.0,1111111111111101,56.67893660531698,0.18000000000000682
0.18500000000000005,27.0,1111111111111101,56.45194274028631,0.18000000000000682
0.18500000000000005,28.0,1111111111111101,56.22494887525565,0.18000000000000682
0.18500000000000005,29.0,1111111111111101,55.997955010224956,0.05794110429448551
0.18500000000000005,30.0,1111111110011111,55.94001390593047,0.0
0.18500000000000005,31.0,1111111101011111,55.94001390593047,0.0
0.18500000000000005,32.0,1111111100111111,55.94001390593047,0.0
0.18500000000000005,33.0,1111111101011111,55.94001390593047,0.0
0.18500000000000005,34.0,1111111110011111,55.94001390593047,0.0
0.18500000000000005,35.0,1111111100111111,55.94001390593047,0.0
0.18500000000000005,36.0,1111111110011111,55.94001390593047,0.0
0.18500000000000005,37.0,1111111110011111,55.94001390593047,0.0
0.18500000000000005,38.0,1111111101011111,55.94001390593047,0.0
0.18500000000000005,39.0,1111111100111111,55.94001390593047,0.0
0.18500000000000005,40.0,1111111101011111,55.94001390593047,0.0
0.19,6.0,1111111110011101,61.72583703703705,0.0
0.19,7.0,1111111110011101,61.30126913580247,0.0
0.19,8.0,1111111111011101,60.8839012345679,0.0
0.19,9.0,1111111111011101,60.54933333333335,0.0
0.19,10.0,1111111111011101,60.21476543209877,0.0
0.19,11.0,1111111101111101,59.880197530864194,0.0
0.19,12.0,1111111111111101,59.62962962962965,0.08400000000000318
0.19,13.0,1111111111111101,59.39506172839509,0.18000000000000682
0.19,14.0,1111111111111101,59.16049382716051,0.18000000000000682
0.19,15.0,1111111111111101,58.92592592592595,0.18000000000000682
0.19,16.0,1111111111111101,58.69135802469137,0.18000000000000682
0.19,17.0,1111111111111101,58.45679012345681,0.18000000000000682
0.19,18.0,1111111111111101,58.22222222222226,0.18000000000000682
0.19,19.0,1111111111111101,57.98765432098767,0.18000000000000682
0.19,20.0,1111111111111101,57.75308641975312,0.18000000000000682
0.19,21.0,1111111111111101,57.51851851851853,0.18000000000000682
0.19,22.0,1111111111111101,57.28395061728398,0.18000000000000682
0.19,23.0,1111111111111101,57.049382716049394,0.18000000000000682
0.19,24.0,1111111111111101,56.81481481481484,0.18000000000000682
0.19,25.0,1111111111111101,56.58024691358028,0.18000000000000682
0.19,26.0,1111111111111101,56.3456790123457,0.18000000000000682
0.19,27.0,1111111111111101,56.11111111111114,0.18000000000000682
0.19,28.0,1111111111111101,55.87654320987656,0.15070617283950583
0.19,29.0,1111111110011111,55.72583703703705,0.0
0.19,30.0,1111111110011111,55.72583703703705,0.0
0.19,31.0,1111111100111111,55.72583703703705,0.0
0.19,32.0,1111111101011111,55.72583703703705,0.0
0.19,33.0,1111111100111111,55.72583703703705,0.0
0.19,34.0,1111111110011111,55.72583703703705,0.0
0.19,35.0,1111111110011111,55.72583703703705,0.0
0.19,36.0,1111111110011111,55.72583703703705,0.0
0.19,37.0,1111111110011111,55.72583703703705,0.0
0.19,38.0,1111111110011111,55.72583703703705,0.0
0.19,39.0,1111111101011111,55.72583703703705,0.0
0.19,40.0,1111111110011111,55.72583703703705,0.0
0.195,6.0,1111111101011101,61.50940207039338,0.0
0.195,7.0,1111111100111101,61.077166045548665,0.0
0.195,8.0,1111111110111101,60.66653002070393,0.0
0.195,9.0,1111111111011101,60.32429399585922,0.0
0.195,10.0,1111111111011101,59.982057971014484,0.0
0.195,11.0,1111111111111101,59.641821946169784,0.0020000000000095497
0.195,12.0,1111111111111101,59.39958592132507,0.10200000000000387
0.195,13.0,1111111111111101,59.157349896480355,0.18000000000000682
0.195,14.0,1111111111111101,58.91511387163564,0.18000000000000682
0.195,15.0,1111111111111101,58.6728778467909,0.18000000000000682
0.195,16.0,1111111111111101,58.43064182194618,0.18000000000000682
0.195,17.0,1111111111111101,58.18840579710147,0.18000000000000682
0.195,18.0,1111111111111101,57.94616977225675,0.18000000000000682
0.195,19.0,1111111111111101,57.70393374741201,0.18000000000000682
0.195,20.0,1111111111111101,57.461697722567294,0.18000000000000682
0.195,21.0,1111111111111101,57.21946169772258,0.18000000000000682
0.195,22.0,1111111111111101,56.977225672877864,0.18000000000000682
0.195,23.0,1111111111111101,56.73498964803315,0.18000000000000682
0.195,24.0,1111111111111101,56.492753623188435,0.18000000000000682
0.195,25.0,1111111111111101,56.25051759834369,0.18000000000000682
0.195,26.0,1111111111111101,56.00828157349898,0.18000000000000682
0.195,27.0,1111111111111101,55.76604554865426,0.18000000000000682
0.195,28.0,1111111111111101,55.52380952380955,0.014407453416168892
0.195,29.0,1111111110011111,55.50940207039338,0.0
0.195,30.0,1111111100111111,55.50940207039338,0.0
0.195,31.0,1111111100111111,55.50940207039338,0.0
0.195,32.0,1111111110011111,55.50940207039338,0.0
0.195,33.0,1111111110011111,55.50940207039338,0.0
0.195,34.0,1111111110011111,55.50940207039338,0.0
0.195,35.0,1111111110011111,55.50940207039338,0.0
0.195,36.0,1111111100111111,55.50940207039338,0.0
0.195,37.0,1111111110011111,55.50940207039338,0.0
0.195,38.0,1111111110011111,55.50940207039338,0.0
0.195,39.0,1111111110011111,55.50940207039338,0.0
0.195,40.0,1111111100111111,55.50940207039338,0.0
0.2,6.0,1111111101011101,61.29066666666668,0.0
0.2,7.0,1111111110011101,60.85066666666668,0.0
0.2,8.0,1111111101111101,60.44666666666669,0.0
0.2,9.0,1111111111011101,60.096666666666664,0.0
0.2,10.0,1111111111011101,59.74666666666667,0.0
0.2,11.0,1111111111111101,59.416666666666686,0.020000000000010232
0.2,12.0,1111111111111101,59.166666666666686,0.12000000000000455
0.2,13.0,1111111111111101,58.916666666666686,0.18000000000000682
0.2,14.0,1111111111111101,58.666666666666686,0.18000000000000682
0.2,15.0,1111111111111101,58.416666666666686,0.18000000000000682
0.2,16.0,1111111111111101,58.166666666666686,0.18000000000000682
0.2,17.0,1111111111111101,57.916666666666686,0.18000000000000682
0.2,18.0,1111111111111101,57.666666666666686,0.18000000000000682
0.2,19.0,1111111111111101,57.416666666666686,0.18000000000000682
0.2,20.0,1111111111111101,57.166666666666686,0.18000000000000682
0.2,21.0,1111111111111101,56.916666666666686,0.18000000000000682
0.2,22.0,1111111111111101,56.666666666666686,0.18000000000000682
0.2,23.0,1111111111111101,56.416666666666686,0.18000000000000682
0.2,24.0,1111111111111101,56.166666666666686,0.18000000000000682
0.2,25.0,1111111111111101,55.916666666666686,0.18000000000000682
0.2,26.0,1111111111111101,55.666666666666686,0.18000000000000682
0.2,27.0,1111111111111101,55.416666666666686,0.12600000000000477
0.2,28.0,1111111110011111,55.29066666666668,0.0
0.2,29.0,1111111101011111,55.29066666666668,0.0
0.2,30.0,1111111101011111,55.29066666666668,0.0
0.2,31.0,1111111101011111,55.29066666666668,0.0
0.2,32.0,1111111100111111,55.29066666666668,0.0
0.2,33.0,1111111110011111,55.29066666666668,0.0
0.2,34.0,1111111110011111,55.29066666666668,0.0
0.2,35.0,1111111101011111,55.29066666666668,0.0
0.2,36.0,1111111110011111,55.29066666666668,0.0
0.2,37.0,1111111110011111,55.29066666666668,0.0
0.2,38.0,1111111101011111,55.29066666666668,0.0
0.2,39.0,1111111100111111,55.29066666666668,0.0
0.2,40.0,1111111110011111,55.29066666666668,0.0
