scenario_id,parameter,parameter_label,value,best_policy4,best_policy6,best_profit,second_policy4,second_profit,profit_gap
1,p1,p1,0.05,0001,000111,19.844488304093574,0101,19.321988304093573,0.5225000000000009
1,p1,p1,0.051500000000000004,0001,000111,19.80547523428806,0101,19.28380023428806,0.5216750000000019
1,p1,p1,0.053000000000000005,0001,000111,19.76643052328992,0101,19.245580523289924,0.5208499999999958
1,p1,p1,0.05450000000000001,0001,000111,19.72735402050649,0101,19.2073290205065,0.5200249999999897
1,p1,p1,0.056,0001,000111,19.68824557438795,0101,19.16904557438795,0.5191999999999979
1,p1,p1,0.0575,0001,000111,19.649105032419683,1001,19.141730032419687,0.5073749999999961
1,p1,p1,0.059000000000000004,0001,000111,19.60993224111465,1001,19.13158224111465,0.47834999999999894
1,p1,p1,0.060500000000000005,0001,000111,19.57072704600555,1001,19.121402046005556,0.44932499999999465
1,p1,p1,0.062000000000000006,0001,000111,19.531489291637058,1001,19.111189291637054,0.42030000000000456
1,p1,p1,0.0635,0001,000111,19.492218821557813,1001,19.100943821557806,0.39127500000000737
1,p1,p1,0.065,0001,000111,19.452915478312534,1001,19.090665478312538,0.36224999999999596
1,p1,p1,0.0665,0001,000111,19.413579103433904,1001,19.080354103433912,0.33322499999999167
1,p1,p1,0.068,0001,000111,19.374209537434425,1001,19.07000953743443,0.3041999999999945
1,p1,p1,0.0695,0001,000111,19.334806619798194,1001,19.059631619798196,0.2751749999999973
1,p1,p1,0.07100000000000001,0001,000111,19.295370188972612,1001,19.049220188972612,0.2461500000000001
1,p1,p1,0.07250000000000001,0001,000111,19.255900082359986,1001,19.03877508235999,0.2171249999999958
1,p1,p1,0.07400000000000001,0001,000111,19.216396136309093,1001,19.028296136309095,0.1880999999999986
1,p1,p1,0.07550000000000001,0001,000111,19.176858186106607,1001,19.017783186106605,0.1590750000000014
1,p1,p1,0.07700000000000001,0001,000111,19.137286065968453,1001,19.007236065968456,0.1300499999999971
1,p1,p1,0.07850000000000001,0001,000111,19.097679609031175,1001,18.996654609031168,0.10102500000000703
1,p1,p1,0.08000000000000002,0001,000111,19.05803864734299,1001,18.986038647342994,0.07199999999999562
1,p1,p1,0.08150000000000002,0001,000111,19.018363011855072,1001,18.975388011855074,0.04297499999999843
1,p1,p1,0.08300000000000002,0001,000111,18.978652532412454,1001,18.964702532412453,0.01395000000000124
1,p1,p1,0.0845,1001,100101,18.953982037745007,0001,18.93890703774501,0.015074999999995953
1,p1,p1,0.08600000000000001,1001,100101,18.943226355458307,0001,18.8991263554583,0.044100000000007356
1,p1,p1,0.08750000000000001,1001,100101,18.932435312024353,0001,18.859310312024355,0.07312499999999744
1,p1,p1,0.08900000000000001,1001,100101,18.92160873277229,0001,18.81945873277229,0.10215000000000174
1,p1,p1,0.09050000000000001,1001,100101,18.910746441878928,0001,18.779571441878936,0.13117499999999183
1,p1,p1,0.09200000000000001,1001,100101,18.899848262359278,0001,18.739648262359268,0.16020000000001033
1,p1,p1,0.0935,1001,100101,18.888914016056873,0001,18.699689016056865,0.18922500000000753
1,p1,p1,0.095,1001,100101,18.87794352363413,0001,18.659693523634132,0.2182499999999976
1,p1,p1,0.0965,1001,100101,18.866936604562504,0001,18.619661604562502,0.2472750000000019
1,p1,p1,0.098,1001,100101,18.85589307711259,0001,18.57959307711259,0.2762999999999991
1,p1,p1,0.0995,1001,100101,18.844812758344126,0001,18.539487758344123,0.3053250000000034
1,p1,p1,0.101,1001,100101,18.83369546409591,0001,18.49934546409591,0.3343500000000006
1,p1,p1,0.10250000000000001,1001,100101,18.82254100897555,0001,18.45916600897555,0.3633749999999978
1,p1,p1,0.10400000000000001,1001,100101,18.811349206349206,0001,18.418949206349197,0.3924000000000092
1,p1,p1,0.10550000000000001,1001,100101,18.80011986833116,0001,18.378694868331166,0.42142499999999217
1,p1,p1,0.10700000000000001,1001,100101,18.788852805773303,0001,18.338402805773292,0.4504500000000107
1,p1,p1,0.10850000000000001,1001,100101,18.777547828254498,0001,18.298072828254497,0.47947500000000076
1,p1,p1,0.11000000000000001,1001,100101,18.76620474406991,0001,18.257704744069905,0.5085000000000051
1,p1,p1,0.11150000000000002,1001,100101,18.754823360220094,0001,18.21729836022009,0.5375250000000023
1,p1,p1,0.11300000000000002,1001,100101,18.743403482400105,0001,18.176853482400098,0.5665500000000065
1,p1,p1,0.11450000000000002,1001,100101,18.73194491498839,0001,18.136369914988393,0.5955749999999966
1,p1,p1,0.11600000000000002,1001,100101,18.720447461035697,0001,18.095847461035696,0.6246000000000009
1,p1,p1,0.11750000000000001,1001,100101,18.708910922253693,0001,18.055285922253702,0.653624999999991
1,p1,p1,0.11900000000000001,1001,100101,18.69733509900366,0001,18.01468509900365,0.6826500000000095
1,p1,p1,0.12050000000000001,1001,100101,18.685719790284885,0001,17.974044790284886,0.7116749999999996
1,p1,p1,0.12200000000000001,1001,100101,18.674064793723105,1101,17.944064793723108,0.7299999999999969
1,p1,p1,0.12350000000000001,1001,100101,18.66236990555872,1101,17.932369905558723,0.7299999999999969
1,p1,p1,0.125,1001,100101,18.65063492063492,1101,17.920634920634917,0.730000000000004
1,p1,p1,0.1265,1001,100101,18.638859632385675,1101,17.90885963238567,0.730000000000004
1,p1,p1,0.128,1001,100101,18.627043832823645,1101,17.89704383282365,0.7299999999999969
1,p1,p1,0.1295,1001,100101,18.615187312527922,1101,17.88518731252792,0.730000000000004
1,p1,p1,0.131,1001,100101,18.603289860631634,1101,17.87328986063163,0.730000000000004
1,p1,p1,0.1325,1001,100101,18.591351264809475,1101,17.86135126480948,0.7299999999999969
1,p1,p1,0.134,1001,100101,18.579371311265078,1101,17.849371311265067,0.7300000000000111
1,p1,p1,0.1355,1001,100101,18.567349784718203,1101,17.8373497847182,0.730000000000004
1,p1,p1,0.137,1001,100101,18.555286468391913,1101,17.82528646839191,0.730000000000004
1,p1,p1,0.1385,1001,100101,18.543181143999483,1101,17.81318114399948,0.730000000000004
1,p1,p1,0.14,1001,100101,18.531033591731266,1101,17.80103359173126,0.730000000000004
1,p1,p1,0.14150000000000001,1001,100101,18.51884359024138,1101,17.788843590241378,0.730000000000004
1,p1,p1,0.14300000000000002,1001,100101,18.50661091663425,1101,17.776610916634247,0.730000000000004
1,p1,p1,0.14450000000000002,1001,100101,18.494335346451066,1101,17.764335346451062,0.730000000000004
1,p1,p1,0.14600000000000002,1001,100101,18.482016653655997,1101,17.752016653655993,0.730000000000004
1,p1,p1,0.14750000000000002,1001,100101,18.46965461062235,1101,17.739654610622345,0.730000000000004
1,p1,p1,0.14900000000000002,1001,100101,18.457248988118558,1101,17.727248988118554,0.730000000000004
1,p1,p1,0.15050000000000002,1001,100101,18.44479955529396,1101,17.714799555293958,0.730000000000004
1,p1,p1,0.15200000000000002,1001,100101,18.43230607966457,1101,17.702306079664567,0.730000000000004
1,p1,p1,0.15350000000000003,1001,100101,18.41976832709851,1101,17.689768327098506,0.730000000000004
1,p1,p1,0.15500000000000003,1001,100101,18.407186061801447,1101,17.677186061801443,0.730000000000004
1,p1,p1,0.15650000000000003,1001,100101,18.394559046301787,1101,17.664559046301783,0.730000000000004
1,p1,p1,0.15800000000000003,1001,100101,18.38188704143574,1101,17.651887041435735,0.730000000000004
1,p1,p1,0.15950000000000003,1001,100101,18.36916980633221,1101,17.639169806332205,0.730000000000004
1,p1,p1,0.16100000000000003,1001,100101,18.35640709839756,1101,17.626407098397557,0.730000000000004
1,p1,p1,0.16250000000000003,1001,100101,18.343598673300164,1101,17.61359867330016,0.730000000000004
1,p1,p1,0.16400000000000003,1001,100101,18.33074428495481,1101,17.600744284954807,0.730000000000004
1,p1,p1,0.16550000000000004,1001,100101,18.317843685506958,1101,17.587843685506954,0.730000000000004
1,p1,p1,0.16700000000000004,1001,100101,18.304896625316793,1101,17.57489662531679,0.730000000000004
1,p1,p1,0.16850000000000004,1001,100101,18.29190285294314,1101,17.561902852943135,0.730000000000004
1,p1,p1,0.17000000000000004,1001,100101,18.278862115127176,1101,17.54886211512717,0.730000000000004
1,p1,p1,0.17150000000000004,1001,100101,18.26577415677597,1101,17.535774156775965,0.730000000000004
1,p1,p1,0.17300000000000004,1001,100101,18.252638720945853,1101,17.52263872094585,0.730000000000004
1,p1,p1,0.17450000000000004,1001,100101,18.239455548825624,1101,17.50945554882562,0.730000000000004
1,p1,p1,0.17600000000000005,1001,100101,18.226224379719525,1101,17.49622437971952,0.730000000000004
1,p1,p1,0.17750000000000005,1001,100101,18.21294495103006,1101,17.482944951030056,0.730000000000004
1,p1,p1,0.17900000000000005,1001,100101,18.19961699824063,1101,17.469616998240625,0.730000000000004
1,p1,p1,0.18050000000000005,1001,100101,18.186240254897967,1101,17.45624025489797,0.7299999999999969
1,p1,p1,0.18200000000000005,1001,100101,18.1728144525944,1101,17.442814452594398,0.730000000000004
1,p1,p1,0.18350000000000005,1001,100101,18.159339320949854,1101,17.42933932094985,0.730000000000004
1,p1,p1,0.185,1001,100101,18.145814587593726,1101,17.415814587593722,0.730000000000004
1,p1,p1,0.1865,1001,100101,18.13223997814655,1101,17.402239978146547,0.730000000000004
1,p1,p1,0.188,1001,100101,18.118615216201427,1101,17.388615216201423,0.730000000000004
1,p1,p1,0.1895,1001,100101,18.104940023305225,1101,17.37494002330522,0.730000000000004
1,p1,p1,0.191,1001,100101,18.091214118939703,1101,17.3612141189397,0.730000000000004
1,p1,p1,0.1925,1001,100101,18.077437220502233,1101,17.34743722050223,0.730000000000004
1,p1,p1,0.194,1001,100101,18.063609043286462,1101,17.333609043286458,0.730000000000004
1,p1,p1,0.1955,1001,100101,18.049729300462673,1101,17.31972930046267,0.730000000000004
1,p1,p1,0.197,1001,100101,18.03579770305798,1101,17.305797703057976,0.730000000000004
1,p1,p1,0.1985,1001,100101,18.02181395993623,1101,17.291813959936228,0.730000000000004
1,p1,p1,0.2,1001,100101,18.007777777777775,1101,17.27777777777777,0.730000000000004
1,p2,p2,0.05,1001,100101,21.054181286549706,0001,20.721681286549718,0.3324999999999889
1,p2,p2,0.051500000000000004,1001,100101,20.98967304223043,0001,20.65769804223042,0.331975000000007
1,p2,p2,0.053000000000000005,1001,100101,20.92505405373695,0001,20.59360405373694,0.3314500000000109
1,p2,p2,0.05450000000000001,1001,100101,20.860323793994944,0001,20.529398793994943,0.3309250000000006
1,p2,p2,0.056,1001,100101,20.795481732580036,0001,20.46508173258004,0.33039999999999736
1,p2,p2,0.0575,1001,100101,20.73052733569113,0001,20.400652335691127,0.32987500000000125
1,p2,p2,0.059000000000000004,1001,100101,20.665460066123508,0001,20.33611006612351,0.32934999999999803
1,p2,p2,0.060500000000000005,1001,100101,20.600279383241677,0001,20.271454383241675,0.3288250000000019
1,p2,p2,0.062000000000000006,1001,100101,20.534984742951906,0001,20.206684742951907,0.3282999999999987
1,p2,p2,0.0635,1001,100101,20.469575597674563,0001,20.141800597674553,0.3277750000000097
1,p2,p2,0.065,1001,100101,20.404051396316106,0001,20.076801396316107,0.3272499999999994
1,p2,p2,0.0665,1001,100101,20.33841158424091,0001,20.011686584240906,0.32672500000000326
1,p2,p2,0.068,1001,100101,20.272655603242733,0001,19.946455603242725,0.32620000000000715
1,p2,p2,0.0695,1001,100101,20.206782891515914,0001,19.88110789151591,0.32567500000000393
1,p2,p2,0.07100000000000001,1001,100101,20.14079288362636,0001,19.815642883626353,0.3251500000000078
1,p2,p2,0.07250000000000001,1001,100101,20.074685010482185,0001,19.750060010482173,0.3246250000000117
1,p2,p2,0.07400000000000001,1001,100101,20.008458699304057,0001,19.684358699304056,0.3241000000000014
1,p2,p2,0.07550000000000001,1001,100101,19.94211337359534,0001,19.618538373595335,0.3235750000000053
1,p2,p2,0.07700000000000001,1001,100101,19.875648453111836,0001,19.552598453111834,0.32305000000000206
1,p2,p2,0.07850000000000001,1001,100101,19.809063353831313,0001,19.486538353831307,0.32252500000000595
1,p2,p2,0.08000000000000002,1001,100101,19.742357487922703,0001,19.4203574879227,0.32200000000000273
1,p2,p2,0.08150000000000002,1001,100101,19.675530263714997,0001,19.35405526371499,0.3214750000000066
1,p2,p2,0.08300000000000002,1001,100101,19.60858108566582,0001,19.287631085665815,0.3209500000000034
1,p2,p2,0.0845,1001,100101,19.54150935432976,0001,19.221084354329754,0.3204250000000073
1,p2,p2,0.08600000000000001,1001,100101,19.474314466326284,0001,19.154414466326273,0.3199000000000112
1,p2,p2,0.08750000000000001,1001,100101,19.406995814307457,0001,19.087620814307456,0.31937500000000085
1,p2,p2,0.08900000000000001,1001,100101,19.33955278692524,0001,19.020702786925234,0.31885000000000474
1,p2,p2,0.09050000000000001,1001,100101,19.271984768798482,0001,18.953659768798488,0.3183249999999944
1,p2,p2,0.09200000000000001,1001,100101,19.20429114047969,0001,18.886491140479684,0.3178000000000054
1,p2,p2,0.0935,1001,100101,19.136471278421283,0001,18.819196278421273,0.3172750000000093
1,p2,p2,0.095,1001,100101,19.068524554941682,0001,18.751774554941683,0.316749999999999
1,p2,p2,0.0965,1001,100101,19.000450338190994,0001,18.68422533819099,0.31622500000000286
1,p2,p2,0.098,1001,100101,18.932247992116288,0001,18.61654799211628,0.31570000000000675
1,p2,p2,0.0995,1001,100101,18.86391687642667,0001,18.548741876426675,0.31517499999999643
1,p2,p2,0.101,1001,100101,18.795456346557906,0001,18.480806346557905,0.3146500000000003
1,p2,p2,0.10250000000000001,1001,100101,18.726865753636645,0001,18.41274075363664,0.3141250000000042
1,p2,p2,0.10400000000000001,1001,100101,18.658144444444446,0001,18.344544444444438,0.3136000000000081
1,p2,p2,0.10550000000000001,1001,100101,18.589291761381283,0001,18.276216761381285,0.31307499999999777
1,p2,p2,0.10700000000000001,1001,100101,18.52030704242876,0001,18.207757042428767,0.31254999999999455
1,p2,p2,0.10850000000000001,1001,100101,18.451189621112988,0001,18.139164621112975,0.31202500000001265
1,p2,p2,0.11000000000000001,1001,100101,18.381938826466914,0001,18.070438826466912,0.31150000000000233
1,p2,p2,0.11150000000000002,1001,100101,18.312553982992554,0001,18.001578982992555,0.3109749999999991
1,p2,p2,0.11300000000000002,1001,100101,18.243034410622577,0001,17.932584410622574,0.310450000000003
1,p2,p2,0.11450000000000002,1001,100101,18.1733794246816,0001,17.8634544246816,0.3099249999999998
1,p2,p2,0.11600000000000002,1001,100101,18.10358833584715,0001,17.794188335847153,0.30939999999999657
1,p2,p2,0.11750000000000001,1001,100101,18.03366045011017,0001,17.72478545011016,0.30887500000000756
1,p2,p2,0.11900000000000001,1001,100101,17.963595068735025,0001,17.65524506873502,0.30835000000000434
1,p2,p2,0.12050000000000001,1001,100101,17.893391488219315,0001,17.585566488219314,0.3078250000000011
1,p2,p2,0.12200000000000001,1001,100101,17.8230490002531,1101,17.526449000253095,0.2966000000000051
1,p2,p2,0.12350000000000001,1001,100101,17.752566891677752,1101,17.485516891677754,0.26704999999999757
1,p2,p2,0.125,1001,100101,17.681944444444447,1101,17.444444444444443,0.23750000000000426
1,p2,p2,0.1265,1001,100101,17.611180935572094,1101,17.403230935572083,0.20795000000001096
1,p2,p2,0.128,1001,100101,17.540275637104997,1101,17.361875637104994,0.17840000000000344
1,p2,p2,0.1295,1001,100101,17.469227816069953,1101,17.320377816069943,0.14885000000001014
1,p2,p2,0.131,1001,100101,17.398036734432935,1101,17.278736734432933,0.11930000000000263
1,p2,p2,0.1325,1001,100101,17.3267016490554,1101,17.236951649055392,0.08975000000000932
1,p2,p2,0.134,1001,100101,17.25522181164999,1101,17.195021811649987,0.06020000000000181
1,p2,p2,0.1355,1001,100101,17.183596468735935,1101,17.15294646873594,0.030649999999994293
1,p2,p2,0.137,1001,100101,17.11182486159393,1101,17.110724861593923,0.0011000000000080945
1,p2,p2,0.1385,1101,110100,17.06835622622041,1001,17.039906226220417,0.028449999999992315
1,p2,p2,0.14,1101,110100,17.025839793281648,1001,16.967839793281648,0.05799999999999983
1,p2,p2,0.14150000000000001,1101,110100,16.98317478806704,0101,16.90317478806704,0.0799999999999983
1,p2,p2,0.14300000000000002,1101,110100,16.940360430442105,0101,16.860360430442107,0.0799999999999983
1,p2,p2,0.14450000000000002,1101,110100,16.897395934800954,0101,16.81739593480095,0.0800000000000054
1,p2,p2,0.14600000000000002,1101,110100,16.854280510018206,0101,16.774280510018208,0.0799999999999983
1,p2,p2,0.14750000000000002,1101,110100,16.811013359400455,0101,16.731013359400457,0.0799999999999983
1,p2,p2,0.14900000000000002,1101,110100,16.767593680637155,0101,16.687593680637157,0.0799999999999983
1,p2,p2,0.15050000000000002,1101,110100,16.724020665751084,0101,16.644020665751086,0.0799999999999983
1,p2,p2,0.15200000000000002,1101,110100,16.680293501048205,0101,16.600293501048206,0.0799999999999983
1,p2,p2,0.15350000000000003,1101,110100,16.636411367067005,0101,16.556411367067007,0.0799999999999983
1,p2,p2,0.15500000000000003,1101,110100,16.592373438527275,0101,16.512373438527277,0.0799999999999983
1,p2,p2,0.15650000000000003,1101,110100,16.548178884278464,0101,16.468178884278466,0.0799999999999983
1,p2,p2,0.15800000000000003,1101,110100,16.50382686724729,0101,16.423826867247293,0.0799999999999983
1,p2,p2,0.15950000000000003,1101,110100,16.459316544384954,0101,16.379316544384956,0.0799999999999983
1,p2,p2,0.16100000000000003,1101,110100,16.41464706661369,0101,16.33464706661369,0.0799999999999983
1,p2,p2,0.16250000000000003,1101,110100,16.369817578772796,0101,16.28981757877279,0.0800000000000054
1,p2,p2,0.16400000000000003,1101,110100,16.324827219564057,0101,16.24482721956405,0.0800000000000054
1,p2,p2,0.16550000000000004,1101,110100,16.27967512149656,0101,16.19967512149656,0.0799999999999983
1,p2,p2,0.16700000000000004,1101,110100,16.234360410830988,0101,16.15436041083099,0.0799999999999983
1,p2,p2,0.16850000000000004,1101,110100,16.188882207523214,0101,16.10888220752321,0.0800000000000054
1,p2,p2,0.17000000000000004,1101,110100,16.143239625167325,0101,16.063239625167327,0.0799999999999983
1,p2,p2,0.17150000000000004,1101,110100,16.0974317709381,0101,16.017431770938103,0.0799999999999983
1,p2,p2,0.17300000000000004,1101,110100,16.05145774553271,0101,15.97145774553271,0.0799999999999983
1,p2,p2,0.17450000000000004,1101,110100,16.00531664311191,0101,15.925316643111906,0.0800000000000054
1,p2,p2,0.17600000000000005,1101,110100,15.959007551240553,0101,15.879007551240548,0.0800000000000054
1,p2,p2,0.17750000000000005,1101,110100,15.912529550827422,0101,15.832529550827417,0.0800000000000054
1,p2,p2,0.17900000000000005,1101,110100,15.865881716064415,0101,15.78588171606441,0.0800000000000054
1,p2,p2,0.18050000000000005,1101,110100,15.819063114365122,0101,15.739063114365116,0.0800000000000054
1,p2,p2,0.18200000000000005,1101,110100,15.772072806302624,0101,15.692072806302626,0.0799999999999983
1,p2,p2,0.18350000000000005,1101,110100,15.724909845546705,0101,15.6449098455467,0.0800000000000054
1,p2,p2,0.185,1101,110100,15.677573278800267,0101,15.597573278800262,0.0800000000000054
1,p2,p2,0.1865,1101,110100,15.63006214573516,0101,15.550062145735154,0.0800000000000054
1,p2,p2,0.188,1101,110100,15.582375478927204,0101,15.502375478927199,0.0800000000000054
1,p2,p2,0.1895,1101,110100,15.534512303790528,0101,15.454512303790516,0.0800000000000125
1,p2,p2,0.191,1101,110100,15.48647163851119,0101,15.406471638511185,0.0800000000000054
1,p2,p2,0.1925,1101,110100,15.438252493980045,0101,15.35825249398004,0.0800000000000054
1,p2,p2,0.194,1101,110100,15.389853873724839,0101,15.30985387372484,0.0799999999999983
1,p2,p2,0.1955,1101,110100,15.341274773841583,0101,15.261274773841578,0.0800000000000054
1,p2,p2,0.197,1101,110100,15.292514182925139,0101,15.212514182925133,0.0800000000000054
1,p2,p2,0.1985,1101,110100,15.243571081999022,0101,15.163571081999024,0.0799999999999983
1,p2,p2,0.2,1101,110100,15.194444444444443,0101,15.114444444444437,0.0800000000000054
1,pf,pf,0.05,1001,100101,19.970263157894742,0001,19.72276315789474,0.24750000000000227
1,pf,pf,0.051500000000000004,1001,100101,19.93791362677912,0001,19.688388626779123,0.24952499999999844
1,pf,pf,0.053000000000000005,1001,100101,19.90547444561775,0001,19.653924445617733,0.2515500000000159
1,pf,pf,0.05450000000000001,1001,100101,19.87294518773136,0001,19.619370187731363,0.2535749999999979
1,pf,pf,0.056,1001,100101,19.840325423728814,0001,19.584725423728813,0.25560000000000116
1,pf,pf,0.0575,1001,100101,19.807614721485415,0001,19.549989721485403,0.25762500000001154
1,pf,pf,0.059000000000000004,1001,100101,19.774812646121156,0001,19.51516264612114,0.2596500000000148
1,pf,pf,0.060500000000000005,1001,100101,19.74191875997871,0001,19.480243759978705,0.2616750000000039
1,pf,pf,0.062000000000000006,1001,100101,19.70893262260128,0001,19.44523262260128,0.26370000000000005
1,pf,pf,0.0635,1001,100101,19.675853790710093,0001,19.410128790710097,0.2657249999999962
1,pf,pf,0.065,1001,100101,19.64268181818182,0001,19.37493181818182,0.2677499999999995
1,pf,pf,0.0665,1001,100101,19.60941625602571,0001,19.339641256025708,0.26977500000000276
1,pf,pf,0.068,1001,100101,19.57605665236052,0001,19.304256652360507,0.27180000000001314
1,pf,pf,0.0695,1001,100101,19.542602552391195,0001,19.268777552391185,0.2738250000000093
1,pf,pf,0.07100000000000001,1001,100101,19.509053498385363,0001,19.233203498385357,0.2758500000000055
1,pf,pf,0.07250000000000001,1001,100101,19.475409029649605,0001,19.197534029649596,0.27787500000000875
1,pf,pf,0.07400000000000001,1001,100101,19.4416686825054,0001,19.161768682505397,0.2799000000000049
1,pf,pf,0.07550000000000001,1001,100101,19.40783199026501,0001,19.12590699026501,0.2819250000000011
1,pf,pf,0.07700000000000001,1001,100101,19.373898483206936,0001,19.089948483206932,0.28395000000000437
1,pf,pf,0.07850000000000001,1001,100101,19.339867688551273,0001,19.05389268855128,0.28597499999999343
1,pf,pf,0.08000000000000002,1001,100101,19.30573913043478,0001,19.017739130434784,0.2879999999999967
1,pf,pf,0.08150000000000002,1001,100101,19.271512329885688,0001,18.98148732988568,0.2900250000000071
1,pf,pf,0.08300000000000002,1001,100101,19.237186804798256,0001,18.945136804798253,0.29205000000000325
1,pf,pf,0.0845,1001,100101,19.20276206990716,0001,18.908687069907153,0.2940750000000065
1,pf,pf,0.08600000000000001,1001,100101,19.16823763676149,0001,18.87213763676148,0.2961000000000098
1,pf,pf,0.08750000000000001,1001,100101,19.13361301369863,0001,18.83548801369863,0.29812499999999886
1,pf,pf,0.08900000000000001,1001,100101,19.098887705817788,0001,18.79873770581778,0.30015000000000924
1,pf,pf,0.09050000000000001,1001,100101,19.06406121495327,0001,18.76188621495327,0.3021749999999983
1,pf,pf,0.09200000000000001,1001,100101,19.029133039647583,0001,18.724933039647574,0.3042000000000087
1,pf,pf,0.0935,1001,100101,18.99410267512411,0001,18.687877675124106,0.30622500000000485
1,pf,pf,0.095,1001,100101,18.95896961325967,0001,18.650719613259668,0.308250000000001
1,pf,pf,0.0965,1001,100101,18.92373334255673,0001,18.613458342556733,0.3102749999999972
1,pf,pf,0.098,1001,100101,18.8883933481153,0001,18.576093348115293,0.31230000000000757
1,pf,pf,0.0995,1001,100101,18.85294911160466,0001,18.538624111604655,0.31432500000000374
1,pf,pf,0.101,1001,100101,18.817400111234704,0001,18.501050111234704,0.3163499999999999
1,pf,pf,0.10250000000000001,1001,100101,18.78174582172702,0001,18.46337082172702,0.3183750000000032
1,pf,pf,0.10400000000000001,1001,100101,18.745985714285716,0001,18.42558571428571,0.32040000000000646
1,pf,pf,0.10550000000000001,1001,100101,18.710119256567914,0001,18.38769425656791,0.3224250000000026
1,pf,pf,0.10700000000000001,1001,100101,18.674145912653977,0001,18.349695912653978,0.3244499999999988
1,pf,pf,0.10850000000000001,1001,100101,18.638065143017393,0001,18.311590143017384,0.3264750000000092
1,pf,pf,0.11000000000000001,1001,100101,18.601876404494384,0001,18.27337640449438,0.32850000000000534
1,pf,pf,0.11150000000000002,1001,100101,18.565579150253235,0001,18.235054150253234,0.3305250000000015
1,pf,pf,0.11300000000000002,1001,100101,18.529172829763255,0001,18.196622829763243,0.3325500000000119
1,pf,pf,0.11450000000000002,1001,100101,18.492656888763413,0001,18.158081888763405,0.33457500000000806
1,pf,pf,0.11600000000000002,1001,100101,18.456030769230765,0001,18.119430769230775,0.33659999999999
1,pf,pf,0.11750000000000001,1001,100101,18.419293909348447,0001,18.08066890934844,0.3386250000000075
1,pf,pf,0.11900000000000001,1001,100101,18.382445743473326,0001,18.041795743473322,0.34065000000000367
1,pf,pf,0.12050000000000001,1001,100101,18.34548570210346,0001,18.002810702103467,0.34267499999999274
1,pf,pf,0.12200000000000001,1001,100101,18.308413211845107,0001,17.963713211845104,0.3447000000000031
1,pf,pf,0.12350000000000001,1001,100101,18.271227695379352,0001,17.924502695379346,0.3467250000000064
1,pf,pf,0.125,1001,100101,18.233928571428578,0001,17.885178571428575,0.34875000000000256
1,pf,pf,0.1265,1001,100101,18.196515254722378,0001,17.84574025472238,0.3507749999999987
1,pf,pf,0.128,1001,100101,18.15898715596331,0001,17.8061871559633,0.3528000000000091
1,pf,pf,0.1295,1001,100101,18.121343681792077,0001,17.766518681792064,0.3548250000000124
1,pf,pf,0.131,1001,100101,18.083584234752593,0001,17.72673423475259,0.35685000000000144
1,pf,pf,0.1325,1001,100101,18.04570821325649,0001,17.686833213256484,0.3588750000000047
1,pf,pf,0.134,1001,100101,18.007715011547347,0001,17.64681501154734,0.360900000000008
1,pf,pf,0.1355,1001,100101,17.969604019664544,0001,17.606679019664547,0.36292499999999706
1,pf,pf,0.137,1001,100101,17.931374623406718,0001,17.56642462340671,0.36495000000000744
1,pf,pf,0.1385,1001,100101,17.893026204294834,0001,17.52605120429483,0.3669750000000036
1,pf,pf,0.14,1001,100101,17.85455813953488,0001,17.48555813953488,0.3689999999999998
1,pf,pf,0.14150000000000001,1001,100101,17.815969801980202,0001,17.4449448019802,0.37102500000000305
1,pf,pf,0.14300000000000002,1001,100101,17.777260560093346,0001,17.40421056009334,0.3730500000000063
1,pf,pf,0.14450000000000002,1001,100101,17.738429777907662,0001,17.36335477790766,0.3750750000000025
1,pf,pf,0.14600000000000002,1001,100101,17.6994768149883,0001,17.32237681498829,0.37710000000001287
1,pf,pf,0.14750000000000002,1001,100101,17.660401026392954,0001,17.281276026392966,0.3791249999999877
1,pf,pf,0.14900000000000002,1001,100101,17.621201762632204,0001,17.2400517626322,0.3811500000000052
1,pf,pf,0.15050000000000002,1001,100101,17.581878369629194,0001,17.198703369629193,0.3831750000000014
1,pf,pf,0.15200000000000002,1001,100101,17.542430188679248,0001,17.157230188679243,0.38520000000000465
1,pf,pf,0.15350000000000003,1001,100101,17.502856556408744,0001,17.115631556408744,0.3872250000000008
1,pf,pf,0.15500000000000003,1001,100101,17.463156804733735,0001,17.073906804733724,0.3892500000000112
1,pf,pf,0.15650000000000003,1001,100101,17.42333026081802,0001,17.032055260818012,0.39127500000000737
1,pf,pf,0.15800000000000003,1001,100101,17.38337624703088,0001,16.990076247030878,0.39330000000000354
1,pf,pf,0.15950000000000003,1001,100101,17.343294080904222,0001,16.947969080904222,0.3953249999999997
1,pf,pf,0.16100000000000003,1001,100101,17.303083075089397,0001,16.905733075089387,0.3973500000000101
1,pf,pf,0.16250000000000003,1001,100101,17.262742537313436,0001,16.86336753731343,0.39937500000000625
1,pf,pf,0.16400000000000003,1001,100101,17.222271770334935,0001,16.820871770334925,0.4014000000000095
1,pf,pf,0.16550000000000004,1001,100101,17.18167007189934,0001,16.778245071899335,0.4034250000000057
1,pf,pf,0.16700000000000004,1001,100101,17.140936734693874,0001,16.73548673469388,0.40544999999999476
1,pf,pf,0.16850000000000004,1001,100101,17.10007104630187,0001,16.692596046301865,0.40747500000000514
1,pf,pf,0.17000000000000004,1001,100101,17.05907228915663,0001,16.649572289156616,0.4095000000000155
1,pf,pf,0.17150000000000004,1001,100101,17.017939740494874,0001,16.60641474049487,0.4115250000000046
1,pf,pf,0.17300000000000004,1001,100101,16.976672672309554,0001,16.563122672309547,0.41355000000000786
1,pf,pf,0.17450000000000004,1001,100101,16.93527035130225,0001,16.519695351302232,0.41557500000001824
1,pf,pf,0.17600000000000005,1001,100101,16.893732038834948,0001,16.476132038834947,0.4176000000000002
1,pf,pf,0.17750000000000005,1001,100101,16.852056990881465,0001,16.43243199088146,0.41962500000000347
1,pf,pf,0.17900000000000005,1001,100101,16.810244457978072,0001,16.388594457978073,0.42164999999999964
1,pf,pf,0.18050000000000005,1001,100101,16.768293685173887,0001,16.344618685173884,0.4236750000000029
1,pf,pf,0.18200000000000005,1001,100101,16.72620391198044,0001,16.300503911980435,0.4257000000000062
1,pf,pf,0.18350000000000005,1001,100101,16.683974372320883,0001,16.256249372320887,0.42772499999999525
1,pf,pf,0.185,1001,100101,16.641604294478533,0001,16.211854294478528,0.4297500000000056
1,pf,pf,0.1865,1001,100101,16.59909290104487,0001,16.167317901044868,0.4317750000000018
1,pf,pf,0.188,1001,100101,16.556439408867,0001,16.122639408866988,0.4338000000000122
1,pf,pf,0.1895,1001,100101,16.51364302899445,0001,16.077818028994443,0.43582500000000834
1,pf,pf,0.191,1001,100101,16.470702966625467,0001,16.032852966625462,0.4378500000000045
1,pf,pf,0.1925,1001,100101,16.427618421052635,0001,15.987743421052635,0.4398750000000007
1,pf,pf,0.194,1001,100101,16.38438858560795,0001,15.942488585607933,0.44190000000001817
1,pf,pf,0.1955,1001,100101,16.341012647607208,0001,15.897087647607215,0.443924999999993
1,pf,pf,0.197,1001,100101,16.297489788293902,0001,15.851539788293891,0.4459500000000105
1,pf,pf,0.1985,1001,100101,16.25381918278228,0001,15.805844182782273,0.4479750000000067
1,pf,pf,0.2,1001,100101,16.210000000000008,0001,15.759999999999991,0.45000000000001705
1,b1,b1,1.0,1001,100101,19.952222222222225,1101,19.22222222222222,0.730000000000004
1,b1,b1,1.07,1001,100101,19.87444444444445,1101,19.14444444444444,0.7300000000000111
1,b1,b1,1.1400000000000001,1001,100101,19.796666666666674,1101,19.066666666666663,0.7300000000000111
1,b1,b1,1.21,1001,100101,19.71888888888889,1101,18.988888888888887,0.730000000000004
1,b1,b1,1.28,1001,100101,19.641111111111115,1101,18.911111111111104,0.7300000000000111
1,b1,b1,1.35,1001,100101,19.563333333333333,1101,18.83333333333333,0.730000000000004
1,b1,b1,1.42,1001,100101,19.485555555555557,1101,18.755555555555553,0.730000000000004
1,b1,b1,1.49,1001,100101,19.40777777777778,0001,18.720987777777772,0.6867900000000091
1,b1,b1,1.56,1001,100101,19.33,0001,18.69424,0.6357599999999977
1,b1,b1,1.6300000000000001,1001,100101,19.252222222222223,0001,18.667492222222222,0.5847300000000004
1,b1,b1,1.7000000000000002,1001,100101,19.174444444444447,0001,18.640744444444437,0.5337000000000103
1,b1,b1,1.77,1001,100101,19.096666666666664,0001,18.613996666666665,0.4826699999999988
1,b1,b1,1.84,1001,100101,19.01888888888889,0001,18.587248888888887,0.4316400000000016
1,b1,b1,1.9100000000000001,1001,100101,18.941111111111113,0001,18.56050111111111,0.38061000000000433
1,b1,b1,1.98,1001,100101,18.863333333333337,0001,18.53375333333333,0.3295800000000071
1,b1,b1,2.05,1001,100101,18.785555555555554,0001,18.50700555555555,0.27855000000000274
1,b1,b1,2.12,1001,100101,18.70777777777778,0001,18.48025777777778,0.2275199999999984
1,b1,b1,2.1900000000000004,1001,100101,18.630000000000003,0001,18.45351,0.17649000000000115
1,b1,b1,2.2600000000000002,1001,100101,18.55222222222222,0001,18.426762222222216,0.1254600000000039
1,b1,b1,2.33,1001,100101,18.474444444444444,0001,18.400014444444444,0.07442999999999955
1,b1,b1,2.4000000000000004,1001,100101,18.39666666666667,0001,18.373266666666666,0.023400000000002308
1,b1,b1,2.47,0001,000111,18.34651888888888,1001,18.318888888888893,0.02762999999998783
1,b1,b1,2.54,0001,000111,18.31977111111111,1001,18.24111111111111,0.07865999999999929
1,b1,b1,2.6100000000000003,0001,000111,18.29302333333333,1001,18.163333333333334,0.12968999999999653
1,b1,b1,2.68,0001,000111,18.266275555555552,1001,18.08555555555556,0.18071999999999377
1,b1,b1,2.75,0001,000111,18.239527777777774,1001,18.007777777777775,0.23174999999999812
1,b1,b1,2.8200000000000003,0001,000111,18.212779999999995,1001,17.93,0.28277999999999537
1,b1,b1,2.89,0001,000111,18.186032222222224,1001,17.852222222222224,0.3338099999999997
1,b1,b1,2.96,0001,000111,18.159284444444438,1001,17.77444444444445,0.38483999999998986
1,b1,b1,3.0300000000000002,0001,000111,18.132536666666667,0101,17.72096666666667,0.41156999999999755
1,b1,b1,3.1,0001,000111,18.10578888888889,0101,17.699888888888893,0.4058999999999955
1,b1,b1,3.1700000000000004,0001,000111,18.07904111111111,0101,17.67881111111111,0.40023000000000053
1,b1,b1,3.24,0001,000111,18.052293333333324,0101,17.657733333333333,0.39455999999999136
1,b1,b1,3.31,0001,000111,18.025545555555553,0101,17.636655555555556,0.3888899999999964
1,b1,b1,3.3800000000000003,0001,000111,17.998797777777774,0101,17.615577777777773,0.38322000000000145
1,b1,b1,3.45,0001,000111,17.972049999999996,0101,17.594500000000004,0.3775499999999923
1,b1,b1,3.5200000000000005,0001,000111,17.945302222222224,0101,17.57342222222222,0.37188000000000443
1,b1,b1,3.5900000000000003,0001,000111,17.91855444444444,0101,17.55234444444445,0.36620999999998816
1,b1,b1,3.66,0001,000111,17.891806666666668,0101,17.531266666666667,0.3605400000000003
1,b1,b1,3.7300000000000004,0001,000111,17.865058888888882,0101,17.510188888888884,0.35486999999999824
1,b1,b1,3.8000000000000003,0001,000111,17.838311111111118,0101,17.489111111111114,0.3492000000000033
1,b1,b1,3.87,0001,000111,17.811563333333332,0101,17.46803333333333,0.3435300000000012
1,b1,b1,3.9400000000000004,0001,000111,17.784815555555546,0101,17.44695555555556,0.33785999999998495
1,b1,b1,4.01,0001,000111,17.758067777777775,0101,17.425877777777778,0.3321899999999971
1,b1,b1,4.08,0001,000111,17.731319999999997,0101,17.4048,0.32651999999999504
1,b1,b1,4.15,0001,000111,17.704572222222218,0101,17.383722222222225,0.320849999999993
1,b1,b1,4.220000000000001,0001,000111,17.67782444444444,0101,17.36264444444444,0.315179999999998
1,b1,b1,4.290000000000001,0001,000111,17.65107666666667,0101,17.341566666666665,0.30951000000000306
1,b1,b1,4.36,0001,000111,17.62432888888889,0101,17.32048888888889,0.303840000000001
1,b1,b1,4.43,0001,000111,17.597581111111104,0101,17.299411111111112,0.29816999999999183
1,b1,b1,4.5,0001,000111,17.570833333333333,0101,17.278333333333336,0.2924999999999969
1,b1,b1,4.57,0001,000111,17.544085555555554,0101,17.25725555555556,0.2868299999999948
1,b1,b1,4.640000000000001,0001,000111,17.517337777777776,0101,17.236177777777776,0.28115999999999985
1,b1,b1,4.710000000000001,0001,000111,17.49058999999999,0101,17.215100000000007,0.2754899999999836
1,b1,b1,4.78,0001,000111,17.463842222222226,0101,17.194022222222223,0.26982000000000284
1,b1,b1,4.8500000000000005,0001,000111,17.43709444444444,0101,17.17294444444444,0.2641500000000008
1,b1,b1,4.92,0001,000111,17.410346666666662,0101,17.15186666666667,0.2584799999999916
1,b1,b1,4.99,0001,000111,17.38359888888889,0101,17.130788888888887,0.25281000000000375
1,b1,b1,5.0600000000000005,0001,000111,17.356851111111105,0101,17.109711111111118,0.24713999999998748
1,b1,b1,5.130000000000001,0001,000111,17.330103333333334,0101,17.088633333333334,0.24146999999999963
1,b1,b1,5.2,0001,000111,17.303355555555555,0101,17.067555555555558,0.23579999999999757
1,b1,b1,5.2700000000000005,0001,000111,17.27660777777777,0101,17.04647777777778,0.2301299999999884
1,b1,b1,5.340000000000001,0001,000111,17.249859999999998,0101,17.025399999999998,0.22446000000000055
1,b1,b1,5.41,0001,000111,17.223112222222213,0101,17.00432222222222,0.21878999999999138
1,b1,b1,5.48,0001,000111,17.19636444444444,0101,16.983244444444445,0.21311999999999642
1,b1,b1,5.550000000000001,0001,000111,17.169616666666663,0101,16.96216666666667,0.20744999999999436
1,b1,b1,5.62,0001,000111,17.142868888888884,0101,16.941088888888885,0.2017799999999994
1,b1,b1,5.69,0001,000111,17.116121111111113,0101,16.920011111111116,0.19610999999999734
1,b1,b1,5.760000000000001,0001,000111,17.089373333333334,0101,16.898933333333332,0.19044000000000239
1,b1,b1,5.83,0001,000111,17.06262555555555,0101,16.877855555555556,0.18476999999999322
1,b1,b1,5.9,0001,000111,17.035877777777777,0101,16.85677777777778,0.17909999999999826
1,b1,b1,5.970000000000001,0001,000111,17.00913,0101,16.835699999999996,0.1734300000000033
1,b1,b1,6.040000000000001,0001,000111,16.982382222222213,0101,16.814622222222226,0.16775999999998703
1,b1,b1,6.11,0001,000111,16.955634444444442,0101,16.793544444444443,0.16208999999999918
1,b1,b1,6.180000000000001,0001,000111,16.928886666666664,0101,16.772466666666674,0.15641999999999
1,b1,b1,6.250000000000001,0001,000111,16.902138888888892,0101,16.75138888888889,0.15075000000000216
1,b1,b1,6.32,0001,000111,16.875391111111107,0101,16.730311111111114,0.145079999999993
1,b1,b1,6.390000000000001,0001,000111,16.848643333333328,0101,16.709233333333337,0.13940999999999093
1,b1,b1,6.460000000000001,0001,000111,16.821895555555557,0101,16.688155555555554,0.13374000000000308
1,b1,b1,6.53,0001,000111,16.79514777777777,0101,16.667077777777777,0.1280699999999939
1,b1,b1,6.6000000000000005,0001,000111,16.768399999999993,0101,16.646,0.12239999999999185
1,b1,b1,6.670000000000001,0001,000111,16.74165222222222,0101,16.624922222222224,0.11672999999999689
1,b1,b1,6.74,0001,000111,16.714904444444443,0101,16.60384444444444,0.11106000000000193
1,b1,b1,6.8100000000000005,0001,000111,16.688156666666657,0101,16.58276666666667,0.10538999999998566
1,b1,b1,6.880000000000001,0001,000111,16.66140888888888,0101,16.561688888888888,0.0997199999999907
1,b1,b1,6.95,0001,000111,16.634661111111107,0101,16.54061111111111,0.09404999999999575
1,b1,b1,7.0200000000000005,0001,000111,16.60791333333333,0101,16.519533333333335,0.08837999999999369
1,b1,b1,7.090000000000001,0001,000111,16.58116555555555,0101,16.49845555555555,0.08270999999999873
1,b1,b1,7.16,0001,000111,16.55441777777778,0101,16.477377777777782,0.07703999999999667
1,b1,b1,7.23,0001,000111,16.52767,0101,16.4563,0.07137000000000171
1,b1,b1,7.300000000000001,0001,000111,16.500922222222215,0101,16.43522222222223,0.06569999999998544
1,b1,b1,7.370000000000001,0001,000111,16.474174444444444,0101,16.414144444444446,0.060029999999997585
1,b1,b1,7.44,0001,000111,16.447426666666665,0101,16.393066666666662,0.05436000000000263
1,b1,b1,7.510000000000001,0001,000111,16.42067888888888,0101,16.371988888888893,0.048689999999986355
1,b1,b1,7.580000000000001,0001,000111,16.393931111111108,0101,16.35091111111111,0.043019999999998504
1,b1,b1,7.65,0001,000111,16.36718333333333,0101,16.329833333333333,0.03734999999999644
1,b1,b1,7.720000000000001,0001,000111,16.34043555555555,0101,16.308755555555557,0.03167999999999438
1,b1,b1,7.790000000000001,0001,000111,16.313687777777773,0101,16.28767777777778,0.026009999999992317
1,b1,b1,7.86,0001,000111,16.28694,0101,16.266599999999997,0.020340000000004466
1,b1,b1,7.930000000000001,0001,000111,16.260192222222223,0101,16.24552222222222,0.014670000000002403
1,b1,b1,8.0,0001,000111,16.233444444444437,0101,16.224444444444444,0.008999999999993236
1,b2,b2,1.0,1101,110100,20.333333333333336,0101,20.25333333333333,0.0800000000000054
1,b2,b2,1.07,1101,110100,20.255555555555553,0101,20.175555555555547,0.0800000000000054
1,b2,b2,1.1400000000000001,1101,110100,20.177777777777777,0101,20.09777777777777,0.0800000000000054
1,b2,b2,1.21,1101,110100,20.1,0101,20.019999999999996,0.0800000000000054
1,b2,b2,1.28,1101,110100,20.02222222222222,0101,19.94222222222222,0.0799999999999983
1,b2,b2,1.35,1101,110100,19.944444444444443,0101,19.864444444444437,0.0800000000000054
1,b2,b2,1.42,1101,110100,19.866666666666667,0101,19.78666666666666,0.0800000000000054
1,b2,b2,1.49,1101,110100,19.788888888888884,0101,19.708888888888886,0.0799999999999983
1,b2,b2,1.56,1101,110100,19.71111111111111,0101,19.631111111111103,0.0800000000000054
1,b2,b2,1.6300000000000001,1101,110100,19.633333333333333,0101,19.553333333333327,0.0800000000000054
1,b2,b2,1.7000000000000002,1101,110100,19.55555555555555,0101,19.47555555555555,0.0799999999999983
1,b2,b2,1.77,1101,110100,19.477777777777774,0101,19.39777777777777,0.0800000000000054
1,b2,b2,1.84,1101,110100,19.4,0101,19.319999999999993,0.0800000000000054
1,b2,b2,1.9100000000000001,1101,110100,19.322222222222216,0101,19.242222222222217,0.0799999999999983
1,b2,b2,1.98,1101,110100,19.24444444444444,0101,19.164444444444435,0.0800000000000054
1,b2,b2,2.05,1101,110100,19.166666666666664,1001,19.127166666666668,0.03949999999999676
1,b2,b2,2.12,1001,100101,19.10608888888889,1101,19.08888888888889,0.017200000000002547
1,b2,b2,2.1900000000000004,1001,100101,19.085011111111108,1101,19.011111111111106,0.07390000000000185
1,b2,b2,2.2600000000000002,1001,100101,19.06393333333333,1101,18.93333333333333,0.13060000000000116
1,b2,b2,2.33,1001,100101,19.042855555555555,1101,18.855555555555554,0.18730000000000047
1,b2,b2,2.4000000000000004,1001,100101,19.02177777777777,1101,18.77777777777778,0.24399999999999267
1,b2,b2,2.47,1001,100101,19.000700000000002,0001,18.728629999999995,0.2720700000000065
1,b2,b2,2.54,1001,100101,18.97962222222222,0001,18.701882222222217,0.27774000000000143
1,b2,b2,2.6100000000000003,1001,100101,18.95854444444445,0001,18.67513444444444,0.2834100000000106
1,b2,b2,2.68,1001,100101,18.937466666666666,0001,18.648386666666667,0.28907999999999845
1,b2,b2,2.75,1001,100101,18.916388888888882,0001,18.62163888888889,0.2947499999999934
1,b2,b2,2.8200000000000003,1001,100101,18.895311111111113,0001,18.594891111111103,0.3004200000000097
1,b2,b2,2.89,1001,100101,18.87423333333333,0001,18.568143333333325,0.30609000000000464
1,b2,b2,2.96,1001,100101,18.85315555555556,0001,18.541395555555553,0.3117600000000067
1,b2,b2,3.0300000000000002,1001,100101,18.832077777777776,0001,18.514647777777775,0.31743000000000166
1,b2,b2,3.1,1001,100101,18.811,0001,18.48789999999999,0.3231000000000108
1,b2,b2,3.1700000000000004,1001,100101,18.789922222222216,0001,18.461152222222218,0.3287699999999987
1,b2,b2,3.24,1001,100101,18.76884444444444,0001,18.434404444444446,0.33443999999999363
1,b2,b2,3.31,1001,100101,18.747766666666664,0001,18.407656666666668,0.3401099999999957
1,b2,b2,3.3800000000000003,1001,100101,18.726688888888887,0001,18.38090888888889,0.34577999999999776
1,b2,b2,3.45,1001,100101,18.70561111111111,0001,18.35416111111111,0.3514499999999998
1,b2,b2,3.5200000000000005,1001,100101,18.684533333333327,0001,18.327413333333325,0.3571200000000019
1,b2,b2,3.5900000000000003,1001,100101,18.663455555555558,0001,18.300665555555547,0.36279000000001105
1,b2,b2,3.66,1001,100101,18.642377777777774,0001,18.273917777777783,0.3684599999999918
1,b2,b2,3.7300000000000004,1001,100101,18.621299999999998,0001,18.247170000000004,0.37412999999999386
1,b2,b2,3.8000000000000003,1001,100101,18.60022222222222,0001,18.22042222222222,0.379800000000003
1,b2,b2,3.87,1001,100101,18.579144444444438,0001,18.19367444444444,0.385469999999998
1,b2,b2,3.9400000000000004,1001,100101,18.55806666666667,0001,18.16692666666666,0.39114000000000715
1,b2,b2,4.01,1001,100101,18.536988888888885,0001,18.140178888888883,0.3968100000000021
1,b2,b2,4.08,1001,100101,18.515911111111116,0001,18.113431111111105,0.4024800000000113
1,b2,b2,4.15,1001,100101,18.494833333333332,0001,18.086683333333326,0.40815000000000623
1,b2,b2,4.220000000000001,1001,100101,18.473755555555556,0001,18.059935555555555,0.4138200000000012
1,b2,b2,4.290000000000001,1001,100101,18.452677777777772,0001,18.033187777777776,0.41948999999999614
1,b2,b2,4.36,1001,100101,18.431599999999996,0001,18.006440000000005,0.4251599999999911
1,b2,b2,4.43,1001,100101,18.41052222222222,0001,17.97969222222222,0.43083000000000027
1,b2,b2,4.5,1001,100101,18.389444444444443,0001,17.95294444444444,0.43650000000000233
1,b2,b2,4.57,1001,100101,18.368366666666667,0001,17.926196666666655,0.4421700000000115
1,b2,b2,4.640000000000001,1001,100101,18.347288888888883,0001,17.899448888888884,0.44783999999999935
1,b2,b2,4.710000000000001,1001,100101,18.326211111111114,0001,17.872701111111105,0.4535100000000085
1,b2,b2,4.78,1001,100101,18.30513333333333,0001,17.845953333333334,0.45917999999999637
1,b2,b2,4.8500000000000005,1001,100101,18.284055555555554,0001,17.819205555555556,0.46484999999999843
1,b2,b2,4.92,1001,100101,18.262977777777778,0001,17.792457777777777,0.4705200000000005
1,b2,b2,4.99,1001,100101,18.241899999999994,0001,17.76570999999999,0.47619000000000256
1,b2,b2,5.0600000000000005,1001,100101,18.220822222222225,0001,17.738962222222213,0.4818600000000117
1,b2,b2,5.130000000000001,1001,100101,18.19974444444444,0001,17.71221444444444,0.4875299999999996
1,b2,b2,5.2,1001,100101,18.178666666666672,0001,17.685466666666663,0.49320000000000874
1,b2,b2,5.2700000000000005,1001,100101,18.15758888888889,0001,17.658718888888885,0.4988700000000037
1,b2,b2,5.340000000000001,1001,100101,18.136511111111105,0001,17.631971111111113,0.5045399999999916
1,b2,b2,5.41,1001,100101,18.115433333333335,0001,17.605223333333335,0.5102100000000007
1,b2,b2,5.48,1001,100101,18.094355555555552,0001,17.57847555555555,0.5158800000000028
1,b2,b2,5.550000000000001,1001,100101,18.073277777777776,0001,17.551727777777778,0.5215499999999977
1,b2,b2,5.62,1001,100101,18.0522,0001,17.524979999999992,0.5272200000000069
1,b2,b2,5.69,1001,100101,18.031122222222223,0001,17.49823222222222,0.5328900000000019
1,b2,b2,5.760000000000001,1001,100101,18.01004444444444,0001,17.471484444444442,0.5385599999999968
1,b2,b2,5.83,1001,100101,17.98896666666667,0001,17.44473666666667,0.5442299999999989
1,b2,b2,5.9,1001,100101,17.967888888888886,0001,17.417988888888885,0.5499000000000009
1,b2,b2,5.970000000000001,1001,100101,17.94681111111111,0001,17.391241111111107,0.555570000000003
1,b2,b2,6.040000000000001,1001,100101,17.925733333333334,0001,17.36449333333333,0.5612400000000051
1,b2,b2,6.11,1001,100101,17.90465555555555,0001,17.33774555555555,0.56691
1,b2,b2,6.180000000000001,1001,100101,17.88357777777778,0001,17.31099777777777,0.5725800000000092
1,b2,b2,6.250000000000001,1001,100101,17.862499999999997,0001,17.28425,0.578249999999997
1,b2,b2,6.32,1001,100101,17.841422222222228,0001,17.25750222222222,0.5839200000000062
1,b2,b2,6.390000000000001,1001,100101,17.820344444444444,0001,17.230754444444443,0.5895900000000012
1,b2,b2,6.460000000000001,1001,100101,17.79926666666666,0001,17.204006666666665,0.5952599999999961
1,b2,b2,6.53,1001,100101,17.77818888888889,0001,17.177258888888886,0.6009300000000053
1,b2,b2,6.6000000000000005,1001,100101,17.757111111111108,0001,17.150511111111108,0.6066000000000003
1,b2,b2,6.670000000000001,1001,100101,17.73603333333333,0001,17.123763333333322,0.6122700000000094
1,b2,b2,6.74,1001,100101,17.714955555555555,0001,17.097015555555544,0.6179400000000115
1,b2,b2,6.8100000000000005,1001,100101,17.69387777777778,0001,17.07026777777778,0.6236099999999993
1,b2,b2,6.880000000000001,1001,100101,17.672799999999995,0001,17.04352,0.6292799999999943
1,b2,b2,6.95,1001,100101,17.65172222222222,0001,17.016772222222215,0.6349500000000035
1,b2,b2,7.0200000000000005,1001,100101,17.630644444444442,0001,16.990024444444444,0.6406199999999984
1,b2,b2,7.090000000000001,1001,100101,17.609566666666666,0001,16.96327666666666,0.6462900000000076
1,b2,b2,7.16,1001,100101,17.58848888888889,0001,16.93652888888888,0.6519600000000096
1,b2,b2,7.23,1001,100101,17.567411111111106,0001,16.909781111111116,0.6576299999999904
1,b2,b2,7.300000000000001,1001,100101,17.546333333333337,0001,16.883033333333337,0.6632999999999996
1,b2,b2,7.370000000000001,1001,100101,17.525255555555553,0001,16.85628555555555,0.6689700000000016
1,b2,b2,7.44,1001,100101,17.504177777777777,0001,16.829537777777773,0.6746400000000037
1,b2,b2,7.510000000000001,1001,100101,17.4831,0001,16.802789999999995,0.6803100000000057
1,b2,b2,7.580000000000001,1001,100101,17.462022222222217,0001,16.776042222222216,0.6859800000000007
1,b2,b2,7.65,1001,100101,17.44094444444444,0001,16.749294444444438,0.6916500000000028
1,b2,b2,7.720000000000001,1001,100101,17.419866666666664,1000,16.732510288065846,0.6873563786008177
1,b2,b2,7.790000000000001,1001,100101,17.398788888888888,1000,16.732510288065846,0.6662786008230412
1,b2,b2,7.86,1001,100101,17.37771111111111,1000,16.732510288065846,0.6452008230452648
1,b2,b2,7.930000000000001,1001,100101,17.356633333333335,1000,16.732510288065846,0.6241230452674884
1,b2,b2,8.0,1001,100101,17.33555555555555,1000,16.732510288065846,0.6030452674897049
1,bf,bf,2.0,1001,100101,18.84111111111111,0001,18.526111111111113,0.3149999999999977
1,bf,bf,2.01,1001,100101,18.84111111111111,0001,18.526111111111113,0.3149999999999977
1,bf,bf,2.02,1001,100101,18.84111111111111,0001,18.526111111111113,0.3149999999999977
1,bf,bf,2.03,1001,100101,18.84111111111111,0001,18.526111111111113,0.3149999999999977
1,bf,bf,2.04,1001,100101,18.84111111111111,0001,18.526111111111113,0.3149999999999977
1,bf,bf,2.05,1001,100101,18.84111111111111,0001,18.526111111111113,0.3149999999999977
1,bf,bf,2.06,1001,100101,18.84111111111111,0001,18.526111111111113,0.3149999999999977
1,bf,bf,2.07,1001,100101,18.84111111111111,0001,18.526111111111113,0.3149999999999977
1,bf,bf,2.08,1001,100101,18.84111111111111,0001,18.526111111111113,0.3149999999999977
1,bf,bf,2.09,1001,100101,18.84111111111111,0001,18.526111111111113,0.3149999999999977
1,bf,bf,2.1,1001,100101,18.84111111111111,0001,18.526111111111113,0.3149999999999977
1,bf,bf,2.11,1001,100101,18.84111111111111,0001,18.526111111111113,0.3149999999999977
1,bf,bf,2.12,1001,100101,18.84111111111111,0001,18.526111111111113,0.3149999999999977
1,bf,bf,2.13,1001,100101,18.84111111111111,0001,18.526111111111113,0.3149999999999977
1,bf,bf,2.14,1001,100101,18.84111111111111,0001,18.526111111111113,0.3149999999999977
1,bf,bf,2.15,1001,100101,18.84111111111111,0001,18.526111111111113,0.3149999999999977
1,bf,bf,2.16,1001,100101,18.84111111111111,0001,18.526111111111113,0.3149999999999977
1,bf,bf,2.17,1001,100101,18.84111111111111,0001,18.526111111111113,0.3149999999999977
1,bf,bf,2.18,1001,100101,18.84111111111111,0001,18.526111111111113,0.3149999999999977
1,bf,bf,2.19,1001,100101,18.84111111111111,0001,18.526111111111113,0.3149999999999977
1,bf,bf,2.2,1001,100101,18.84111111111111,0001,18.526111111111113,0.3149999999999977
1,bf,bf,2.21,1001,100101,18.84111111111111,0001,18.526111111111113,0.3149999999999977
1,bf,bf,2.22,1001,100101,18.84111111111111,0001,18.526111111111113,0.3149999999999977
1,bf,bf,2.23,1001,100101,18.84111111111111,0001,18.526111111111113,0.3149999999999977
1,bf,bf,2.24,1001,100101,18.84111111111111,0001,18.526111111111113,0.3149999999999977
1,bf,bf,2.25,1001,100101,18.84111111111111,0001,18.526111111111113,0.3149999999999977
1,bf,bf,2.26,1001,100101,18.84111111111111,0001,18.526111111111113,0.3149999999999977
1,bf,bf,2.27,1001,100101,18.84111111111111,0001,18.526111111111113,0.3149999999999977
1,bf,bf,2.2800000000000002,1001,100101,18.84111111111111,0001,18.526111111111113,0.3149999999999977
1,bf,bf,2.29,1001,100101,18.84111111111111,0001,18.526111111111113,0.3149999999999977
1,bf,bf,2.3,1001,100101,18.84111111111111,0001,18.526111111111113,0.3149999999999977
1,bf,bf,2.31,1001,100101,18.84111111111111,0001,18.526111111111113,0.3149999999999977
1,bf,bf,2.32,1001,100101,18.84111111111111,0001,18.526111111111113,0.3149999999999977
1,bf,bf,2.33,1001,100101,18.84111111111111,0001,18.526111111111113,0.3149999999999977
1,bf,bf,2.34,1001,100101,18.84111111111111,0001,18.526111111111113,0.3149999999999977
1,bf,bf,2.35,1001,100101,18.84111111111111,0001,18.526111111111113,0.3149999999999977
1,bf,bf,2.36,1001,100101,18.84111111111111,0001,18.526111111111113,0.3149999999999977
1,bf,bf,2.37,1001,100101,18.84111111111111,0001,18.526111111111113,0.3149999999999977
1,bf,bf,2.38,1001,100101,18.84111111111111,0001,18.526111111111113,0.3149999999999977
1,bf,bf,2.39,1001,100101,18.84111111111111,0001,18.526111111111113,0.3149999999999977
1,bf,bf,2.4,1001,100101,18.84111111111111,0001,18.526111111111113,0.3149999999999977
1,bf,bf,2.41,1001,100101,18.84111111111111,0001,18.526111111111113,0.3149999999999977
1,bf,bf,2.42,1001,100101,18.84111111111111,0001,18.526111111111113,0.3149999999999977
1,bf,bf,2.43,1001,100101,18.84111111111111,0001,18.526111111111113,0.3149999999999977
1,bf,bf,2.44,1001,100101,18.84111111111111,0001,18.526111111111113,0.3149999999999977
1,bf,bf,2.45,1001,100101,18.84111111111111,0001,18.526111111111113,0.3149999999999977
1,bf,bf,2.46,1001,100101,18.84111111111111,0001,18.526111111111113,0.3149999999999977
1,bf,bf,2.47,1001,100101,18.84111111111111,0001,18.526111111111113,0.3149999999999977
1,bf,bf,2.48,1001,100101,18.84111111111111,0001,18.526111111111113,0.3149999999999977
1,bf,bf,2.49,1001,100101,18.84111111111111,0001,18.526111111111113,0.3149999999999977
1,bf,bf,2.5,1001,100101,18.84111111111111,0001,18.526111111111113,0.3149999999999977
1,bf,bf,2.51,1001,100101,18.84111111111111,0001,18.526111111111113,0.3149999999999977
1,bf,bf,2.52,1001,100101,18.84111111111111,0001,18.526111111111113,0.3149999999999977
1,bf,bf,2.5300000000000002,1001,100101,18.84111111111111,0001,18.526111111111113,0.3149999999999977
1,bf,bf,2.54,1001,100101,18.84111111111111,0001,18.526111111111113,0.3149999999999977
1,bf,bf,2.55,1001,100101,18.84111111111111,0001,18.526111111111113,0.3149999999999977
1,bf,bf,2.56,1001,100101,18.84111111111111,0001,18.526111111111113,0.3149999999999977
1,bf,bf,2.5700000000000003,1001,100101,18.84111111111111,0001,18.526111111111113,0.3149999999999977
1,bf,bf,2.58,1001,100101,18.84111111111111,0001,18.526111111111113,0.3149999999999977
1,bf,bf,2.59,1001,100101,18.84111111111111,0001,18.526111111111113,0.3149999999999977
1,bf,bf,2.6,1001,100101,18.84111111111111,0001,18.526111111111113,0.3149999999999977
1,bf,bf,2.61,1001,100101,18.84111111111111,0001,18.526111111111113,0.3149999999999977
1,bf,bf,2.62,1001,100101,18.84111111111111,0001,18.526111111111113,0.3149999999999977
1,bf,bf,2.63,1001,100101,18.84111111111111,0001,18.526111111111113,0.3149999999999977
1,bf,bf,2.64,1001,100101,18.84111111111111,0001,18.526111111111113,0.3149999999999977
1,bf,bf,2.65,1001,100101,18.84111111111111,0001,18.526111111111113,0.3149999999999977
1,bf,bf,2.66,1001,100101,18.84111111111111,0001,18.526111111111113,0.3149999999999977
1,bf,bf,2.67,1001,100101,18.84111111111111,0001,18.526111111111113,0.3149999999999977
1,bf,bf,2.68,1001,100101,18.84111111111111,0001,18.526111111111113,0.3149999999999977
1,bf,bf,2.69,1001,100101,18.84111111111111,0001,18.526111111111113,0.3149999999999977
1,bf,bf,2.7,1001,100101,18.84111111111111,0001,18.526111111111113,0.3149999999999977
1,bf,bf,2.71,1001,100101,18.84111111111111,0001,18.526111111111113,0.3149999999999977
1,bf,bf,2.7199999999999998,1001,100101,18.84111111111111,0001,18.526111111111113,0.3149999999999977
1,bf,bf,2.73,1001,100101,18.84111111111111,0001,18.526111111111113,0.3149999999999977
1,bf,bf,2.74,1001,100101,18.84111111111111,0001,18.526111111111113,0.3149999999999977
1,bf,bf,2.75,1001,100101,18.84111111111111,0001,18.526111111111113,0.3149999999999977
1,bf,bf,2.76,1001,100101,18.84111111111111,0001,18.526111111111113,0.3149999999999977
1,bf,bf,2.77,1001,100101,18.84111111111111,0001,18.526111111111113,0.3149999999999977
1,bf,bf,2.7800000000000002,1001,100101,18.84111111111111,0001,18.526111111111113,0.3149999999999977
1,bf,bf,2.79,1001,100101,18.84111111111111,0001,18.526111111111113,0.3149999999999977
1,bf,bf,2.8,1001,100101,18.84111111111111,0001,18.526111111111113,0.3149999999999977
1,bf,bf,2.81,1001,100101,18.84111111111111,0001,18.526111111111113,0.3149999999999977
1,bf,bf,2.8200000000000003,1001,100101,18.84111111111111,0001,18.526111111111113,0.3149999999999977
1,bf,bf,2.83,1001,100101,18.84111111111111,0001,18.526111111111113,0.3149999999999977
1,bf,bf,2.84,1001,100101,18.84111111111111,0001,18.526111111111113,0.3149999999999977
1,bf,bf,2.85,1001,100101,18.84111111111111,0001,18.526111111111113,0.3149999999999977
1,bf,bf,2.86,1001,100101,18.84111111111111,0001,18.526111111111113,0.3149999999999977
1,bf,bf,2.87,1001,100101,18.84111111111111,0001,18.526111111111113,0.3149999999999977
1,bf,bf,2.88,1001,100101,18.84111111111111,0001,18.526111111111113,0.3149999999999977
1,bf,bf,2.89,1001,100101,18.84111111111111,0001,18.526111111111113,0.3149999999999977
1,bf,bf,2.9,1001,100101,18.84111111111111,0001,18.526111111111113,0.3149999999999977
1,bf,bf,2.91,1001,100101,18.84111111111111,0001,18.526111111111113,0.3149999999999977
1,bf,bf,2.92,1001,100101,18.84111111111111,0001,18.526111111111113,0.3149999999999977
1,bf,bf,2.93,1001,100101,18.84111111111111,0001,18.526111111111113,0.3149999999999977
1,bf,bf,2.94,1001,100101,18.84111111111111,0001,18.526111111111113,0.3149999999999977
1,bf,bf,2.95,1001,100101,18.84111111111111,0001,18.526111111111113,0.3149999999999977
1,bf,bf,2.96,1001,100101,18.84111111111111,0001,18.526111111111113,0.3149999999999977
1,bf,bf,2.9699999999999998,1001,100101,18.84111111111111,0001,18.526111111111113,0.3149999999999977
1,bf,bf,2.98,1001,100101,18.84111111111111,0001,18.526111111111113,0.3149999999999977
1,bf,bf,2.99,1001,100101,18.84111111111111,0001,18.526111111111113,0.3149999999999977
1,bf,bf,3.0,1001,100101,18.84111111111111,0001,18.526111111111113,0.3149999999999977
1,replacement_loss,L,6.0,1001,100101,18.84111111111111,0001,18.526111111111113,0.3149999999999977
1,replacement_loss,L,6.24,1001,100101,18.790444444444447,0001,18.453844444444442,0.33660000000000423
1,replacement_loss,L,6.48,1001,100101,18.739777777777775,0001,18.38157777777778,0.3581999999999965
1,replacement_loss,L,6.72,1001,100101,18.68911111111111,0001,18.309311111111107,0.379800000000003
1,replacement_loss,L,6.96,1001,100101,18.63844444444444,0001,18.23704444444445,0.4013999999999882
1,replacement_loss,L,7.2,1001,100101,18.58777777777778,0001,18.16477777777778,0.4230000000000018
1,replacement_loss,L,7.4399999999999995,1001,100101,18.53711111111111,0001,18.092511111111108,0.4446000000000012
1,replacement_loss,L,7.68,1001,100101,18.486444444444437,0001,18.020244444444444,0.4661999999999935
1,replacement_loss,L,7.92,1001,100101,18.435777777777773,0001,17.947977777777773,0.4878
1,replacement_loss,L,8.16,1001,100101,18.3851111111111,0001,17.875711111111116,0.5093999999999852
1,replacement_loss,L,8.4,1001,100101,18.33444444444445,1101,17.84444444444444,0.4900000000000091
1,replacement_loss,L,8.64,1001,100101,18.28377777777777,1101,17.817777777777778,0.465999999999994
1,replacement_loss,L,8.879999999999999,1001,100101,18.233111111111114,1101,17.791111111111114,0.44200000000000017
1,replacement_loss,L,9.120000000000001,1001,100101,18.182444444444442,1101,17.764444444444443,0.41799999999999926
1,replacement_loss,L,9.36,1001,100101,18.131777777777785,1101,17.73777777777778,0.39400000000000546
1,replacement_loss,L,9.6,1001,100101,18.081111111111113,1101,17.71111111111111,0.37000000000000455
1,replacement_loss,L,9.84,1001,100101,18.03044444444445,1101,17.684444444444445,0.34600000000000364
1,replacement_loss,L,10.08,1001,100101,17.979777777777777,1101,17.657777777777774,0.32200000000000273
1,replacement_loss,L,10.32,1001,100101,17.929111111111112,1101,17.631111111111117,0.2979999999999947
1,replacement_loss,L,10.559999999999999,1001,100101,17.878444444444447,1101,17.604444444444447,0.2740000000000009
1,replacement_loss,L,10.8,1001,100101,17.827777777777776,1101,17.577777777777783,0.2499999999999929
1,replacement_loss,L,11.04,1001,100101,17.77711111111111,1101,17.551111111111112,0.2259999999999991
1,replacement_loss,L,11.28,1001,100101,17.72644444444444,1101,17.52444444444444,0.20199999999999818
1,replacement_loss,L,11.52,1001,100101,17.675777777777775,1101,17.497777777777777,0.17799999999999727
1,replacement_loss,L,11.76,1001,100101,17.62511111111111,1101,17.471111111111107,0.15400000000000347
1,replacement_loss,L,12.0,1001,100101,17.574444444444445,1101,17.444444444444443,0.13000000000000256
1,replacement_loss,L,12.24,1001,100101,17.523777777777774,1101,17.417777777777772,0.10600000000000165
1,replacement_loss,L,12.48,1001,100101,17.47311111111111,1101,17.391111111111115,0.08199999999999363
1,replacement_loss,L,12.719999999999999,1001,100101,17.422444444444437,1101,17.364444444444445,0.057999999999992724
1,replacement_loss,L,12.96,1001,100101,17.37177777777778,1101,17.33777777777778,0.03399999999999892
1,replacement_loss,L,13.2,1001,100101,17.321111111111108,1101,17.31111111111111,0.00999999999999801
1,replacement_loss,L,13.44,1101,110100,17.284444444444446,1001,17.270444444444436,0.014000000000010004
1,replacement_loss,L,13.68,1101,110100,17.257777777777775,1001,17.21977777777777,0.03800000000000381
1,replacement_loss,L,13.92,1101,110100,17.231111111111105,1001,17.169111111111114,0.06199999999999051
1,replacement_loss,L,14.16,1101,110100,17.204444444444448,1001,17.118444444444442,0.08600000000000563
1,replacement_loss,L,14.4,1101,110100,17.177777777777777,1001,17.067777777777778,0.10999999999999943
1,replacement_loss,L,14.64,1101,110100,17.151111111111113,1001,17.017111111111113,0.13400000000000034
1,replacement_loss,L,14.879999999999999,1101,110100,17.124444444444443,1001,16.96644444444444,0.15800000000000125
1,replacement_loss,L,15.12,1101,110100,17.09777777777778,1001,16.915777777777784,0.18199999999999505
1,replacement_loss,L,15.36,1101,110100,17.071111111111108,1001,16.865111111111112,0.20599999999999596
1,replacement_loss,L,15.6,1101,110100,17.044444444444444,1001,16.814444444444447,0.22999999999999687
1,replacement_loss,L,15.84,1101,110100,17.017777777777773,1001,16.763777777777776,0.2539999999999978
1,replacement_loss,L,16.08,1101,110100,16.991111111111117,1001,16.71311111111111,0.2780000000000058
1,replacement_loss,L,16.32,1101,110100,16.964444444444446,1001,16.662444444444446,0.3019999999999996
1,replacement_loss,L,16.56,1101,110100,16.937777777777782,1001,16.611777777777775,0.3260000000000076
1,replacement_loss,L,16.799999999999997,1101,110100,16.91111111111111,1001,16.56111111111111,0.3500000000000014
1,replacement_loss,L,17.04,1101,110100,16.88444444444444,1001,16.51044444444444,0.37400000000000233
1,replacement_loss,L,17.28,1101,110100,16.857777777777777,1011,16.474444444444444,0.38333333333333286
1,replacement_loss,L,17.52,1101,110100,16.831111111111106,1011,16.474444444444444,0.356666666666662
1,replacement_loss,L,17.759999999999998,1101,110100,16.80444444444445,1011,16.474444444444444,0.3300000000000054
1,replacement_loss,L,18.0,1101,110100,16.77777777777778,1011,16.474444444444444,0.30333333333333456
1,replacement_loss,L,18.240000000000002,1101,110100,16.751111111111115,1011,16.474444444444444,0.27666666666667084
1,replacement_loss,L,18.48,1101,110100,16.724444444444444,1011,16.474444444444444,0.25
1,replacement_loss,L,18.72,1101,110100,16.69777777777778,1011,16.474444444444444,0.22333333333333627
1,replacement_loss,L,18.96,1101,110100,16.67111111111111,1011,16.474444444444444,0.19666666666666544
1,replacement_loss,L,19.2,1101,110100,16.644444444444446,1011,16.474444444444444,0.1700000000000017
1,replacement_loss,L,19.439999999999998,1101,110100,16.617777777777775,1011,16.474444444444444,0.14333333333333087
1,replacement_loss,L,19.68,1101,110100,16.591111111111104,1011,16.474444444444444,0.11666666666666003
1,replacement_loss,L,19.92,1101,110100,16.564444444444447,1011,16.474444444444444,0.09000000000000341
1,replacement_loss,L,20.16,1101,110100,16.537777777777777,1011,16.474444444444444,0.06333333333333258
1,replacement_loss,L,20.4,1101,110100,16.511111111111113,1011,16.474444444444444,0.036666666666668846
1,replacement_loss,L,20.64,1101,110100,16.484444444444442,1011,16.474444444444444,0.00999999999999801
1,replacement_loss,L,20.88,1011,101101,16.474444444444444,1101,16.45777777777778,0.01666666666666572
1,replacement_loss,L,21.119999999999997,1011,101101,16.474444444444444,1101,16.431111111111107,0.043333333333336554
1,replacement_loss,L,21.36,1011,101101,16.474444444444444,0011,16.42944444444445,0.0449999999999946
1,replacement_loss,L,21.6,1011,101101,16.474444444444444,0011,16.42944444444445,0.0449999999999946
1,replacement_loss,L,21.84,1011,101101,16.474444444444444,0011,16.42944444444445,0.0449999999999946
1,replacement_loss,L,22.08,1011,101101,16.474444444444444,0011,16.42944444444445,0.0449999999999946
1,replacement_loss,L,22.32,1011,101101,16.474444444444444,0011,16.42944444444445,0.0449999999999946
1,replacement_loss,L,22.56,1011,101101,16.474444444444444,0011,16.42944444444445,0.0449999999999946
1,replacement_loss,L,22.8,1011,101101,16.474444444444444,0011,16.42944444444445,0.0449999999999946
1,replacement_loss,L,23.04,1011,101101,16.474444444444444,0011,16.42944444444445,0.0449999999999946
1,replacement_loss,L,23.28,1011,101101,16.474444444444444,0011,16.42944444444445,0.0449999999999946
1,replacement_loss,L,23.52,1011,101101,16.474444444444444,0011,16.42944444444445,0.0449999999999946
1,replacement_loss,L,23.759999999999998,1011,101101,16.474444444444444,0011,16.42944444444445,0.0449999999999946
1,replacement_loss,L,24.0,1011,101101,16.474444444444444,0011,16.42944444444445,0.0449999999999946
1,replacement_loss,L,24.24,1011,101101,16.474444444444444,0011,16.42944444444445,0.0449999999999946
1,replacement_loss,L,24.48,1011,101101,16.474444444444444,0011,16.42944444444445,0.0449999999999946
1,replacement_loss,L,24.72,1011,101101,16.474444444444444,0011,16.42944444444445,0.0449999999999946
1,replacement_loss,L,24.96,1011,101101,16.474444444444444,0011,16.42944444444445,0.0449999999999946
1,replacement_loss,L,25.2,1011,101101,16.474444444444444,0011,16.42944444444445,0.0449999999999946
1,replacement_loss,L,25.439999999999998,1011,101101,16.474444444444444,0011,16.42944444444445,0.0449999999999946
1,replacement_loss,L,25.68,1011,101101,16.474444444444444,0011,16.42944444444445,0.0449999999999946
1,replacement_loss,L,25.919999999999998,1011,101101,16.474444444444444,0011,16.42944444444445,0.0449999999999946
1,replacement_loss,L,26.16,1011,101101,16.474444444444444,0011,16.42944444444445,0.0449999999999946
1,replacement_loss,L,26.4,1011,101101,16.474444444444444,0011,16.42944444444445,0.0449999999999946
1,replacement_loss,L,26.64,1011,101101,16.474444444444444,0011,16.42944444444445,0.0449999999999946
1,replacement_loss,L,26.88,1011,101101,16.474444444444444,0011,16.42944444444445,0.0449999999999946
1,replacement_loss,L,27.119999999999997,1011,101101,16.474444444444444,0011,16.42944444444445,0.0449999999999946
1,replacement_loss,L,27.36,1011,101101,16.474444444444444,0011,16.42944444444445,0.0449999999999946
1,replacement_loss,L,27.599999999999998,1011,101101,16.474444444444444,0011,16.42944444444445,0.0449999999999946
1,replacement_loss,L,27.84,1011,101101,16.474444444444444,0011,16.42944444444445,0.0449999999999946
1,replacement_loss,L,28.08,1011,101101,16.474444444444444,0011,16.42944444444445,0.0449999999999946
1,replacement_loss,L,28.32,1011,101101,16.474444444444444,0011,16.42944444444445,0.0449999999999946
1,replacement_loss,L,28.56,1011,101101,16.474444444444444,0011,16.42944444444445,0.0449999999999946
1,replacement_loss,L,28.8,1011,101101,16.474444444444444,0011,16.42944444444445,0.0449999999999946
1,replacement_loss,L,29.04,1011,101101,16.474444444444444,0011,16.42944444444445,0.0449999999999946
1,replacement_loss,L,29.279999999999998,1011,101101,16.474444444444444,0011,16.42944444444445,0.0449999999999946
1,replacement_loss,L,29.52,1011,101101,16.474444444444444,0011,16.42944444444445,0.0449999999999946
1,replacement_loss,L,29.759999999999998,1011,101101,16.474444444444444,0011,16.42944444444445,0.0449999999999946
1,replacement_loss,L,30.0,1011,101101,16.474444444444444,0011,16.42944444444445,0.0449999999999946
1,disassembly_cost,d,5.0,1001,100101,18.84111111111111,0001,18.526111111111113,0.3149999999999977
1,disassembly_cost,d,5.35,1001,100101,18.767222222222223,0001,18.420722222222217,0.346500000000006
1,disassembly_cost,d,5.7,1001,100101,18.693333333333335,0001,18.315333333333328,0.3780000000000072
1,disassembly_cost,d,6.05,1001,100101,18.619444444444447,0001,18.209944444444446,0.4095000000000013
1,disassembly_cost,d,6.4,1001,100101,18.54555555555556,0001,18.10455555555555,0.4410000000000096
1,disassembly_cost,d,6.75,1001,100101,18.471666666666664,0001,17.99916666666666,0.4725000000000037
1,disassembly_cost,d,7.1,1001,100101,18.397777777777783,0001,17.89377777777778,0.5040000000000049
1,disassembly_cost,d,7.449999999999999,1001,100101,18.323888888888888,1101,17.83888888888889,0.48499999999999943
1,disassembly_cost,d,7.8,1001,100101,18.25,1101,17.799999999999997,0.45000000000000284
1,disassembly_cost,d,8.15,1001,100101,18.17611111111112,1101,17.761111111111113,0.41500000000000625
1,disassembly_cost,d,8.5,1001,100101,18.102222222222224,1101,17.72222222222222,0.38000000000000256
1,disassembly_cost,d,8.85,1001,100101,18.028333333333336,1101,17.683333333333337,0.34499999999999886
1,disassembly_cost,d,9.2,1001,100101,17.954444444444448,1101,17.64444444444444,0.3100000000000094
1,disassembly_cost,d,9.55,1001,100101,17.880555555555553,1101,17.605555555555554,0.2749999999999986
1,disassembly_cost,d,9.899999999999999,1001,100101,17.806666666666665,1101,17.566666666666663,0.240000000000002
1,disassembly_cost,d,10.25,1001,100101,17.732777777777784,1101,17.52777777777778,0.2050000000000054
1,disassembly_cost,d,10.6,1001,100101,17.65888888888889,1101,17.488888888888887,0.1700000000000017
1,disassembly_cost,d,10.95,1001,100101,17.585,1101,17.450000000000003,0.134999999999998
1,disassembly_cost,d,11.3,1001,100101,17.511111111111113,1101,17.411111111111104,0.10000000000000853
1,disassembly_cost,d,11.649999999999999,1001,100101,17.437222222222218,1101,17.37222222222222,0.06499999999999773
1,disassembly_cost,d,12.0,1001,100101,17.363333333333337,1101,17.33333333333333,0.030000000000008242
1,disassembly_cost,d,12.35,1101,110100,17.294444444444444,1001,17.28944444444445,0.0049999999999954525
1,disassembly_cost,d,12.7,1101,110100,17.255555555555553,1001,17.215555555555554,0.03999999999999915
1,disassembly_cost,d,13.049999999999999,1101,110100,17.21666666666667,1001,17.141666666666673,0.07499999999999574
1,disassembly_cost,d,13.399999999999999,1101,110100,17.177777777777777,1001,17.067777777777778,0.10999999999999943
1,disassembly_cost,d,13.75,1101,110100,17.138888888888886,1001,16.99388888888889,0.14499999999999602
1,disassembly_cost,d,14.1,1101,110100,17.099999999999994,1001,16.92,0.1799999999999926
1,disassembly_cost,d,14.45,1101,110100,17.06111111111111,1001,16.846111111111114,0.2149999999999963
1,disassembly_cost,d,14.799999999999999,1101,110100,17.022222222222226,1001,16.772222222222226,0.25
1,disassembly_cost,d,15.149999999999999,1101,110100,16.983333333333334,1000,16.732510288065846,0.250823045267488
1,disassembly_cost,d,15.5,1101,110100,16.944444444444443,1000,16.732510288065846,0.21193415637859658
1,disassembly_cost,d,15.85,1101,110100,16.90555555555555,1000,16.732510288065846,0.17304526748970517
1,disassembly_cost,d,16.2,1101,110100,16.866666666666667,1000,16.732510288065846,0.13415637860082086
1,disassembly_cost,d,16.549999999999997,1101,110100,16.827777777777776,1000,16.732510288065846,0.09526748971192944
1,disassembly_cost,d,16.9,1101,110100,16.78888888888889,1000,16.732510288065846,0.05637860082304513
1,disassembly_cost,d,17.25,1101,110100,16.75,1000,16.732510288065846,0.017489711934153718
1,disassembly_cost,d,17.6,1000,100000,16.732510288065846,1101,16.71111111111111,0.021399176954737698
1,disassembly_cost,d,17.95,1000,100000,16.732510288065846,1101,16.672222222222217,0.06028806584362911
1,disassembly_cost,d,18.299999999999997,1000,100000,16.732510288065846,1101,16.633333333333333,0.09917695473251342
1,disassembly_cost,d,18.65,1000,100000,16.732510288065846,1101,16.59444444444444,0.13806584362140484
1,disassembly_cost,d,19.0,1000,100000,16.732510288065846,1101,16.555555555555557,0.17695473251028915
1,disassembly_cost,d,19.35,1000,100000,16.732510288065846,1101,16.516666666666666,0.21584362139918056
1,disassembly_cost,d,19.7,1000,100000,16.732510288065846,1101,16.477777777777774,0.254732510288072
1,disassembly_cost,d,20.049999999999997,1000,100000,16.732510288065846,1101,16.438888888888883,0.2936213991769634
1,disassembly_cost,d,20.4,1000,100000,16.732510288065846,1101,16.4,0.3325102880658477
1,disassembly_cost,d,20.75,1000,100000,16.732510288065846,1101,16.361111111111107,0.3713991769547391
1,disassembly_cost,d,21.099999999999998,1000,100000,16.732510288065846,1101,16.322222222222223,0.41028806584362343
1,disassembly_cost,d,21.45,1000,100000,16.732510288065846,1101,16.28333333333333,0.44917695473251484
1,disassembly_cost,d,21.799999999999997,1000,100000,16.732510288065846,1101,16.24444444444444,0.48806584362140626
1,disassembly_cost,d,22.15,1000,100000,16.732510288065846,1101,16.205555555555556,0.5269547325102906
1,disassembly_cost,d,22.5,1000,100000,16.732510288065846,1101,16.166666666666664,0.565843621399182
1,disassembly_cost,d,22.849999999999998,1000,100000,16.732510288065846,1101,16.12777777777778,0.6047325102880663
1,disassembly_cost,d,23.2,1000,100000,16.732510288065846,1101,16.08888888888889,0.6436213991769577
1,disassembly_cost,d,23.549999999999997,1000,100000,16.732510288065846,1101,16.050000000000004,0.682510288065842
1,disassembly_cost,d,23.9,1000,100000,16.732510288065846,1101,16.011111111111106,0.7213991769547405
1,disassembly_cost,d,24.25,1000,100000,16.732510288065846,1101,15.972222222222221,0.7602880658436248
1,disassembly_cost,d,24.599999999999998,1000,100000,16.732510288065846,1101,15.93333333333333,0.7991769547325163
1,disassembly_cost,d,24.95,1000,100000,16.732510288065846,1101,15.894444444444446,0.8380658436214006
1,disassembly_cost,d,25.299999999999997,1000,100000,16.732510288065846,1101,15.855555555555554,0.876954732510292
1,disassembly_cost,d,25.65,1000,100000,16.732510288065846,1101,15.81666666666667,0.9158436213991763
1,disassembly_cost,d,26.0,1000,100000,16.732510288065846,1101,15.777777777777771,0.9547325102880748
1,disassembly_cost,d,26.349999999999998,1000,100000,16.732510288065846,1101,15.738888888888887,0.9936213991769591
1,disassembly_cost,d,26.7,1000,100000,16.732510288065846,1101,15.699999999999996,1.0325102880658505
1,disassembly_cost,d,27.049999999999997,1000,100000,16.732510288065846,1101,15.661111111111111,1.0713991769547349
1,disassembly_cost,d,27.4,1000,100000,16.732510288065846,1101,15.62222222222222,1.1102880658436263
1,disassembly_cost,d,27.75,1000,100000,16.732510288065846,1101,15.583333333333336,1.1491769547325106
1,disassembly_cost,d,28.099999999999998,1000,100000,16.732510288065846,1101,15.544444444444437,1.188065843621409
1,disassembly_cost,d,28.45,1000,100000,16.732510288065846,1101,15.505555555555553,1.2269547325102934
1,disassembly_cost,d,28.799999999999997,1000,100000,16.732510288065846,1101,15.466666666666661,1.2658436213991848
1,disassembly_cost,d,29.15,1000,100000,16.732510288065846,1101,15.427777777777777,1.3047325102880691
1,disassembly_cost,d,29.5,1000,100000,16.732510288065846,1101,15.388888888888886,1.3436213991769606
1,disassembly_cost,d,29.849999999999998,1000,100000,16.732510288065846,0000,15.360768175582983,1.3717421124828633
1,disassembly_cost,d,30.2,1000,100000,16.732510288065846,0000,15.360768175582983,1.3717421124828633
1,disassembly_cost,d,30.549999999999997,1000,100000,16.732510288065846,0000,15.360768175582983,1.3717421124828633
1,disassembly_cost,d,30.9,1000,100000,16.732510288065846,0000,15.360768175582983,1.3717421124828633
1,disassembly_cost,d,31.25,1000,100000,16.732510288065846,0000,15.360768175582983,1.3717421124828633
1,disassembly_cost,d,31.599999999999998,1000,100000,16.732510288065846,0000,15.360768175582983,1.3717421124828633
1,disassembly_cost,d,31.95,1000,100000,16.732510288065846,0000,15.360768175582983,1.3717421124828633
1,disassembly_cost,d,32.3,1000,100000,16.732510288065846,0000,15.360768175582983,1.3717421124828633
1,disassembly_cost,d,32.65,1000,100000,16.732510288065846,0000,15.360768175582983,1.3717421124828633
1,disassembly_cost,d,33.0,1000,100000,16.732510288065846,0000,15.360768175582983,1.3717421124828633
1,disassembly_cost,d,33.349999999999994,1000,100000,16.732510288065846,0000,15.360768175582983,1.3717421124828633
1,disassembly_cost,d,33.7,1000,100000,16.732510288065846,0000,15.360768175582983,1.3717421124828633
1,disassembly_cost,d,34.05,1000,100000,16.732510288065846,0000,15.360768175582983,1.3717421124828633
1,disassembly_cost,d,34.4,1000,100000,16.732510288065846,0000,15.360768175582983,1.3717421124828633
1,disassembly_cost,d,34.75,1000,100000,16.732510288065846,0000,15.360768175582983,1.3717421124828633
1,disassembly_cost,d,35.099999999999994,1000,100000,16.732510288065846,0000,15.360768175582983,1.3717421124828633
1,disassembly_cost,d,35.45,1000,100000,16.732510288065846,0000,15.360768175582983,1.3717421124828633
1,disassembly_cost,d,35.8,1000,100000,16.732510288065846,0000,15.360768175582983,1.3717421124828633
1,disassembly_cost,d,36.15,1000,100000,16.732510288065846,0000,15.360768175582983,1.3717421124828633
1,disassembly_cost,d,36.5,1000,100000,16.732510288065846,0000,15.360768175582983,1.3717421124828633
1,disassembly_cost,d,36.849999999999994,1000,100000,16.732510288065846,0000,15.360768175582983,1.3717421124828633
1,disassembly_cost,d,37.199999999999996,1000,100000,16.732510288065846,0000,15.360768175582983,1.3717421124828633
1,disassembly_cost,d,37.55,1000,100000,16.732510288065846,0000,15.360768175582983,1.3717421124828633
1,disassembly_cost,d,37.9,1000,100000,16.732510288065846,0000,15.360768175582983,1.3717421124828633
1,disassembly_cost,d,38.25,1000,100000,16.732510288065846,0000,15.360768175582983,1.3717421124828633
1,disassembly_cost,d,38.599999999999994,1000,100000,16.732510288065846,0000,15.360768175582983,1.3717421124828633
1,disassembly_cost,d,38.949999999999996,1000,100000,16.732510288065846,0000,15.360768175582983,1.3717421124828633
1,disassembly_cost,d,39.3,1000,100000,16.732510288065846,0000,15.360768175582983,1.3717421124828633
1,disassembly_cost,d,39.65,1000,100000,16.732510288065846,0000,15.360768175582983,1.3717421124828633
1,disassembly_cost,d,40.0,1000,100000,16.732510288065846,0000,15.360768175582983,1.3717421124828633
