scenario_id,p2,replacement_loss,best_policy4,best_policy6,best_profit,profit_gap
1,0.05,6.0,1001,100101,21.054181286549706,0.3324999999999889
1,0.05,6.8,1001,100101,20.925292397660826,0.40850000000001074
1,0.05,7.6,1001,100101,20.796403508771938,0.48450000000000415
1,0.05,8.4,1001,100101,20.66751461988305,0.5605000000000047
1,0.05,9.2,1001,100101,20.53862573099415,0.636499999999991
1,0.05,10.0,1001,100101,20.40973684210526,0.7124999999999986
1,0.05,10.8,1001,100101,20.280847953216373,0.788499999999992
1,0.05,11.600000000000001,1001,100101,20.151959064327485,0.8645000000000067
1,0.05,12.4,1001,100101,20.023070175438598,0.9405000000000001
1,0.05,13.2,1001,100101,19.894181286549703,1.0164999999999935
1,0.05,14.0,1001,100101,19.765292397660815,1.092499999999994
1,0.05,14.8,1001,100101,19.636403508771927,1.0988888888888866
1,0.05,15.600000000000001,1001,100101,19.507514619883047,0.970000000000006
1,0.05,16.4,1001,100101,19.378625730994152,0.8411111111111111
1,0.05,17.200000000000003,1001,100101,19.249736842105264,0.7122222222222234
1,0.05,18.0,1001,100101,19.120847953216376,0.5833333333333357
1,0.05,18.8,1001,100101,18.99195906432749,0.454444444444448
1,0.05,19.6,1001,100101,18.8630701754386,0.32555555555556026
1,0.05,20.4,1001,100101,18.734181286549706,0.19666666666666544
1,0.05,21.200000000000003,1001,100101,18.60529239766082,0.06777777777777771
1,0.05,22.0,1011,101101,18.53751461988304,0.04750000000000654
1,0.05,22.8,1011,101101,18.53751461988304,0.04750000000000654
1,0.05,23.6,1011,101101,18.53751461988304,0.04750000000000654
1,0.05,24.400000000000002,1011,101101,18.53751461988304,0.04750000000000654
1,0.05,25.200000000000003,1011,101101,18.53751461988304,0.04750000000000654
1,0.05,26.0,1011,101101,18.53751461988304,0.04750000000000654
1,0.05,26.8,1011,101101,18.53751461988304,0.04750000000000654
1,0.05,27.6,1011,101101,18.53751461988304,0.04750000000000654
1,0.05,28.400000000000002,1011,101101,18.53751461988304,0.04750000000000654
1,0.05,29.200000000000003,1011,101101,18.53751461988304,0.04750000000000654
1,0.05,30.0,1011,101101,18.53751461988304,0.04750000000000654
1,0.05500000000000001,6.0,1001,100101,20.838722222222216,0.33074999999999477
1,0.05500000000000001,6.8,1001,100101,20.705833333333338,0.4063500000000104
1,0.05500000000000001,7.6,1001,100101,20.572944444444445,0.48195000000000476
1,0.05500000000000001,8.4,1001,100101,20.440055555555553,0.557549999999992
1,0.05500000000000001,9.2,1001,100101,20.30716666666666,0.6331500000000005
1,0.05500000000000001,10.0,1001,100101,20.17427777777778,0.708750000000002
1,0.05500000000000001,10.8,1001,100101,20.04138888888889,0.7843500000000034
1,0.05500000000000001,11.600000000000001,1001,100101,19.908499999999997,0.8599499999999907
1,0.05500000000000001,12.4,1001,100101,19.77561111111111,0.9355500000000063
1,0.05500000000000001,13.2,1001,100101,19.642722222222226,1.0111500000000078
1,0.05500000000000001,14.0,1001,100101,19.50983333333334,1.0867500000000092
1,0.05500000000000001,14.8,1001,100101,19.37694444444444,1.039888888888882
1,0.05500000000000001,15.600000000000001,1001,100101,19.244055555555555,0.9069999999999965
1,0.05500000000000001,16.4,1001,100101,19.11116666666667,0.774111111111111
1,0.05500000000000001,17.200000000000003,1001,100101,18.978277777777777,0.6412222222222184
1,0.05500000000000001,18.0,1001,100101,18.845388888888884,0.5083333333333258
1,0.05500000000000001,18.8,1001,100101,18.7125,0.37544444444444025
1,0.05500000000000001,19.6,1001,100101,18.579611111111113,0.24255555555555475
1,0.05500000000000001,20.4,1001,100101,18.446722222222228,0.10966666666666924
1,0.05500000000000001,21.200000000000003,1011,101101,18.33705555555556,0.02322222222223047
1,0.05500000000000001,22.0,1011,101101,18.33705555555556,0.04725000000000534
1,0.05500000000000001,22.8,1011,101101,18.33705555555556,0.04725000000000534
1,0.05500000000000001,23.6,1011,101101,18.33705555555556,0.04725000000000534
1,0.05500000000000001,24.400000000000002,1011,101101,18.33705555555556,0.04725000000000534
1,0.05500000000000001,25.200000000000003,1011,101101,18.33705555555556,0.04725000000000534
1,0.05500000000000001,26.0,1011,101101,18.33705555555556,0.04725000000000534
1,0.05500000000000001,26.8,1011,101101,18.33705555555556,0.04725000000000534
1,0.05500000000000001,27.6,1011,101101,18.33705555555556,0.04725000000000534
1,0.05500000000000001,28.400000000000002,1011,101101,18.33705555555556,0.04725000000000534
1,0.05500000000000001,29.200000000000003,1011,101101,18.33705555555556,0.04725000000000534
1,0.05500000000000001,30.0,1011,101101,18.33705555555556,0.04725000000000534
1,0.060000000000000005,6.0,1001,100101,20.622018912529555,0.32900000000000773
1,0.060000000000000005,6.8,1001,100101,20.485130023640664,0.404200000000003
1,0.060000000000000005,7.6,1001,100101,20.348241134751774,0.47939999999999827
1,0.060000000000000005,8.4,1001,100101,20.211352245862884,0.5546000000000006
1,0.060000000000000005,9.2,1001,100101,20.074463356973993,0.629800000000003
1,0.060000000000000005,10.0,1001,100101,19.937574468085103,0.7049999999999983
1,0.060000000000000005,10.8,1001,100101,19.800685579196212,0.7802000000000007
1,0.060000000000000005,11.600000000000001,1001,100101,19.66379669030733,0.8553999999999959
1,0.060000000000000005,12.4,1001,100101,19.52690780141844,0.9306000000000054
1,0.060000000000000005,13.2,1001,100101,19.39001891252955,1.0057999999999936
1,0.060000000000000005,14.0,1001,100101,19.253130023640665,1.0380000000000038
1,0.060000000000000005,14.8,1001,100101,19.116241134751768,0.9808888888888845
1,0.060000000000000005,15.600000000000001,1001,100101,18.979352245862884,0.8440000000000012
1,0.060000000000000005,16.4,1001,100101,18.842463356974,0.7071111111111179
1,0.060000000000000005,17.200000000000003,1001,100101,18.70557446808511,0.5702222222222275
1,0.060000000000000005,18.0,1001,100101,18.568685579196213,0.43333333333333
1,0.060000000000000005,18.8,1001,100101,18.431796690307323,0.2964444444444396
1,0.060000000000000005,19.6,1001,100101,18.29490780141844,0.15955555555555634
1,0.060000000000000005,20.4,1001,100101,18.15801891252955,0.022666666666665947
1,0.060000000000000005,21.200000000000003,1011,101101,18.135352245862883,0.04700000000000415
1,0.060000000000000005,22.0,1011,101101,18.135352245862883,0.04700000000000415
1,0.060000000000000005,22.8,1011,101101,18.135352245862883,0.04700000000000415
1,0.060000000000000005,23.6,1011,101101,18.135352245862883,0.04700000000000415
1,0.060000000000000005,24.400000000000002,1011,101101,18.135352245862883,0.04700000000000415
1,0.060000000000000005,25.200000000000003,1011,101101,18.135352245862883,0.04700000000000415
1,0.060000000000000005,26.0,1011,101101,18.135352245862883,0.04700000000000415
1,0.060000000000000005,26.8,1011,101101,18.135352245862883,0.04700000000000415
1,0.060000000000000005,27.6,1011,101101,18.135352245862883,0.04700000000000415
1,0.060000000000000005,28.400000000000002,1011,101101,18.135352245862883,0.04700000000000415
1,0.060000000000000005,29.200000000000003,1011,101101,18.135352245862883,0.04700000000000415
1,0.060000000000000005,30.0,1011,101101,18.135352245862883,0.04700000000000415
1,0.065,6.0,1001,100101,20.404051396316106,0.3272499999999994
1,0.065,6.8,1001,100101,20.263162507427218,0.4020500000000098
1,0.065,7.6,1001,100101,20.12227361853833,0.4768499999999989
1,0.065,8.4,1001,100101,19.981384729649434,0.5516500000000022
1,0.065,9.2,1001,100101,19.84049584076056,0.6264500000000126
1,0.065,10.0,1001,100101,19.699606951871665,0.7012500000000088
1,0.065,10.8,1001,100101,19.55871806298277,0.7760499999999979
1,0.065,11.600000000000001,1001,100101,19.41782917409389,0.8508500000000083
1,0.065,12.4,1001,100101,19.276940285204994,0.9256500000000045
1,0.065,13.2,1001,100101,19.136051396316105,0.9515000000000029
1,0.065,14.0,1001,100101,18.995162507427217,0.8995000000000033
1,0.065,14.8,1001,100101,18.85427361853833,0.8474999999999966
1,0.065,15.600000000000001,1001,100101,18.71338472964944,0.7809999999999988
1,0.065,16.4,1001,100101,18.572495840760553,0.6401111111111106
1,0.065,17.200000000000003,1001,100101,18.431606951871665,0.49922222222222246
1,0.065,18.0,1001,100101,18.29071806298277,0.3583333333333272
1,0.065,18.8,1001,100101,18.149829174093888,0.2174444444444461
1,0.065,19.6,1001,100101,18.008940285205,0.07655555555555793
1,0.065,20.4,1011,101101,17.932384729649442,0.04675000000001006
1,0.065,21.200000000000003,1011,101101,17.932384729649442,0.04675000000001006
1,0.065,22.0,1011,101101,17.932384729649442,0.04675000000001006
1,0.065,22.8,1011,101101,17.932384729649442,0.04675000000001006
1,0.065,23.6,1011,101101,17.932384729649442,0.04675000000001006
1,0.065,24.400000000000002,1011,101101,17.932384729649442,0.04675000000001006
1,0.065,25.200000000000003,1011,101101,17.932384729649442,0.04675000000001006
1,0.065,26.0,1011,101101,17.932384729649442,0.04675000000001006
1,0.065,26.8,1011,101101,17.932384729649442,0.04675000000001006
1,0.065,27.6,1011,101101,17.932384729649442,0.04675000000001006
1,0.065,28.400000000000002,1011,101101,17.932384729649442,0.04675000000001006
1,0.065,29.200000000000003,1011,101101,17.932384729649442,0.04675000000001006
1,0.065,30.0,1011,101101,17.932384729649442,0.04675000000001006
1,0.07,6.0,1001,100101,20.18479928315412,0.32550000000000523
1,0.07,6.8,1001,100101,20.039910394265235,0.39989999999999526
1,0.07,7.6,1001,100101,19.89502150537634,0.4742999999999995
1,0.07,8.4,1001,100101,19.750132616487463,0.5487000000000108
1,0.07,9.2,1001,100101,19.60524372759857,0.6231000000000009
1,0.07,10.0,1001,100101,19.460354838709677,0.697499999999998
1,0.07,10.8,1001,100101,19.315465949820798,0.7719000000000236
1,0.07,11.600000000000001,1001,100101,19.170577060931905,0.8463000000000065
1,0.07,12.4,1001,100101,19.02568817204301,0.8730000000000047
1,0.07,13.2,1001,100101,18.880799283154126,0.8170000000000073
1,0.07,14.0,1001,100101,18.735910394265233,0.7610000000000028
1,0.07,14.8,1001,100101,18.591021505376347,0.7049999999999983
1,0.07,15.600000000000001,1001,100101,18.44613261648746,0.649000000000008
1,0.07,16.4,1001,100101,18.301243727598568,0.5731111111111105
1,0.07,17.200000000000003,1001,100101,18.15635483870968,0.4282222222222245
1,0.07,18.0,1001,100101,18.01146594982079,0.28333333333333144
1,0.07,18.8,1001,100101,17.866577060931903,0.13844444444444548
1,0.07,19.6,1011,101101,17.728132616487457,0.006444444444440478
1,0.07,20.4,1011,101101,17.728132616487457,0.04650000000000887
1,0.07,21.200000000000003,1011,101101,17.728132616487457,0.04650000000000887
1,0.07,22.0,1011,101101,17.728132616487457,0.04650000000000887
1,0.07,22.8,1011,101101,17.728132616487457,0.04650000000000887
1,0.07,23.6,1011,101101,17.728132616487457,0.04650000000000887
1,0.07,24.400000000000002,1011,101101,17.728132616487457,0.04650000000000887
1,0.07,25.200000000000003,1011,101101,17.728132616487457,0.04650000000000887
1,0.07,26.0,1011,101101,17.728132616487457,0.04650000000000887
1,0.07,26.8,1011,101101,17.728132616487457,0.04650000000000887
1,0.07,27.6,1011,101101,17.728132616487457,0.04650000000000887
1,0.07,28.400000000000002,1011,101101,17.728132616487457,0.04650000000000887
1,0.07,29.200000000000003,1011,101101,17.728132616487457,0.04650000000000887
1,0.07,30.0,1011,101101,17.728132616487457,0.04650000000000887
1,0.07500000000000001,6.0,1001,100101,19.964241741741738,0.3237499999999969
1,0.07500000000000001,6.8,1001,100101,19.815352852852847,0.39774999999999494
1,0.07500000000000001,7.6,1001,100101,19.66646396396397,0.4717500000000143
1,0.07500000000000001,8.4,1001,100101,19.51757507507508,0.5457500000000053
1,0.07500000000000001,9.2,1001,100101,19.368686186186196,0.6197500000000105
1,0.07500000000000001,10.0,1001,100101,19.219797297297305,0.6937500000000085
1,0.07500000000000001,10.8,1001,100101,19.070908408408414,0.7677500000000137
1,0.07500000000000001,11.600000000000001,1001,100101,18.922019519519523,0.8024999999999949
1,0.07500000000000001,12.4,1001,100101,18.77313063063064,0.7425000000000068
1,0.07500000000000001,13.2,1001,100101,18.62424174174175,0.6825000000000045
1,0.07500000000000001,14.0,1001,100101,18.475352852852858,0.6225000000000023
1,0.07500000000000001,14.8,1001,100101,18.326463963963967,0.5624999999999929
1,0.07500000000000001,15.600000000000001,1001,100101,18.177575075075076,0.5024999999999977
1,0.07500000000000001,16.4,1001,100101,18.028686186186185,0.44249999999999545
1,0.07500000000000001,17.200000000000003,1001,100101,17.8797972972973,0.35722222222221944
1,0.07500000000000001,18.0,1001,100101,17.730908408408418,0.2083333333333357
1,0.07500000000000001,18.8,1001,100101,17.582019519519527,0.059444444444444855
1,0.07500000000000001,19.6,1011,101101,17.522575075075082,0.04625000000001478
1,0.07500000000000001,20.4,1011,101101,17.522575075075082,0.04625000000001478
1,0.07500000000000001,21.200000000000003,1011,101101,17.522575075075082,0.04625000000001478
1,0.07500000000000001,22.0,1011,101101,17.522575075075082,0.04625000000001478
1,0.07500000000000001,22.8,1011,101101,17.522575075075082,0.04625000000001478
1,0.07500000000000001,23.6,1011,101101,17.522575075075082,0.04625000000001478
1,0.07500000000000001,24.400000000000002,1011,101101,17.522575075075082,0.04625000000001478
1,0.07500000000000001,25.200000000000003,1011,101101,17.522575075075082,0.04625000000001478
1,0.07500000000000001,26.0,1011,101101,17.522575075075082,0.04625000000001478
1,0.07500000000000001,26.8,1011,101101,17.522575075075082,0.04625000000001478
1,0.07500000000000001,27.6,1011,101101,17.522575075075082,0.04625000000001478
1,0.07500000000000001,28.400000000000002,1011,101101,17.522575075075082,0.04625000000001478
1,0.07500000000000001,29.200000000000003,1011,101101,17.522575075075082,0.04625000000001478
1,0.07500000000000001,30.0,1011,101101,17.522575075075082,0.04625000000001478
1,0.08000000000000002,6.0,1001,100101,19.742357487922703,0.32200000000000273
1,0.08000000000000002,6.8,1001,100101,19.589468599033815,0.39560000000000173
1,0.08000000000000002,7.6,1001,100101,19.436579710144933,0.46920000000000783
1,0.08000000000000002,8.4,1001,100101,19.283690821256037,0.5428000000000068
1,0.08000000000000002,9.2,1001,100101,19.130801932367156,0.6164000000000058
1,0.08000000000000002,10.0,1001,100101,18.97791304347826,0.6900000000000048
1,0.08000000000000002,10.8,1001,100101,18.82502415458938,0.740000000000002
1,0.08000000000000002,11.600000000000001,1001,100101,18.672135265700476,0.6759999999999877
1,0.08000000000000002,12.4,1001,100101,18.519246376811594,0.6120000000000019
1,0.08000000000000002,13.2,1001,100101,18.3663574879227,0.5479999999999947
1,0.08000000000000002,14.0,1001,100101,18.213468599033817,0.48400000000000176
1,0.08000000000000002,14.8,1001,100101,18.060579710144935,0.4200000000000017
1,0.08000000000000002,15.600000000000001,1001,100101,17.90769082125604,0.35600000000000165
1,0.08000000000000002,16.4,1001,100101,17.754801932367158,0.2920000000000087
1,0.08000000000000002,17.200000000000003,1001,100101,17.601913043478255,0.22799999999999443
1,0.08000000000000002,18.0,1001,100101,17.44902415458938,0.13333333333333997
1,0.08000000000000002,18.8,1011,101101,17.31569082125604,0.019555555555562876
1,0.08000000000000002,19.6,1011,101101,17.31569082125604,0.04600000000000648
1,0.08000000000000002,20.4,1011,101101,17.31569082125604,0.04600000000000648
1,0.08000000000000002,21.200000000000003,1011,101101,17.31569082125604,0.04600000000000648
1,0.08000000000000002,22.0,1011,101101,17.31569082125604,0.04600000000000648
1,0.08000000000000002,22.8,1011,101101,17.31569082125604,0.04600000000000648
1,0.08000000000000002,23.6,1011,101101,17.31569082125604,0.04600000000000648
1,0.08000000000000002,24.400000000000002,1011,101101,17.31569082125604,0.04600000000000648
1,0.08000000000000002,25.200000000000003,1011,101101,17.31569082125604,0.04600000000000648
1,0.08000000000000002,26.0,1011,101101,17.31569082125604,0.04600000000000648
1,0.08000000000000002,26.8,1011,101101,17.31569082125604,0.04600000000000648
1,0.08000000000000002,27.6,1011,101101,17.31569082125604,0.04600000000000648
1,0.08000000000000002,28.400000000000002,1011,101101,17.31569082125604,0.04600000000000648
1,0.08000000000000002,29.200000000000003,1011,101101,17.31569082125604,0.04600000000000648
1,0.08000000000000002,30.0,1011,101101,17.31569082125604,0.04600000000000648
1,0.085,6.0,1001,100101,19.519124772313305,0.3202500000000086
1,0.085,6.8,1001,100101,19.362235883424418,0.3934500000000156
1,0.085,7.6,1001,100101,19.205346994535525,0.46665000000000845
1,0.085,8.4,1001,100101,19.048458105646638,0.5398500000000084
1,0.085,9.2,1001,100101,18.891569216757738,0.6130499999999941
1,0.085,10.0,1001,100101,18.73468032786885,0.6854999999999976
1,0.085,10.8,1001,100101,18.577791438979972,0.6174999999999997
1,0.085,11.600000000000001,1001,100101,18.42090255009108,0.5495000000000019
1,0.085,12.4,1001,100101,18.264013661202185,0.48149999999999693
1,0.085,13.2,1001,100101,18.1071247723133,0.4134999999999991
1,0.085,14.0,1001,100101,17.950235883424412,0.34550000000000125
1,0.085,14.8,1001,100101,17.79334699453552,0.2774999999999963
1,0.085,15.600000000000001,1001,100101,17.636458105646632,0.20949999999999847
1,0.085,16.4,1001,100101,17.479569216757746,0.14150000000000063
1,0.085,17.200000000000003,1001,100101,17.322680327868852,0.07349999999999568
1,0.085,18.0,1001,100101,17.165791438979966,0.00549999999999784
1,0.085,18.8,1011,101101,17.107458105646636,0.036055555555556396
1,0.085,19.6,1011,101101,17.107458105646636,0.04574999999999818
1,0.085,20.4,1011,101101,17.107458105646636,0.04574999999999818
1,0.085,21.200000000000003,1011,101101,17.107458105646636,0.04574999999999818
1,0.085,22.0,1011,101101,17.107458105646636,0.04574999999999818
1,0.085,22.8,1011,101101,17.107458105646636,0.04574999999999818
1,0.085,23.6,1011,101101,17.107458105646636,0.04574999999999818
1,0.085,24.400000000000002,1011,101101,17.107458105646636,0.04574999999999818
1,0.085,25.200000000000003,1011,101101,17.107458105646636,0.04574999999999818
1,0.085,26.0,1011,101101,17.107458105646636,0.04574999999999818
1,0.085,26.8,1011,101101,17.107458105646636,0.04574999999999818
1,0.085,27.6,1011,101101,17.107458105646636,0.04574999999999818
1,0.085,28.400000000000002,1011,101101,17.107458105646636,0.04574999999999818
1,0.085,29.200000000000003,1011,101101,17.107458105646636,0.04574999999999818
1,0.085,30.0,1011,101101,17.107458105646636,0.04574999999999818
1,0.09000000000000001,6.0,1001,100101,19.29452136752137,0.3185000000000002
1,0.09000000000000001,6.8,1001,100101,19.133632478632485,0.3913000000000082
1,0.09000000000000001,7.6,1001,100101,18.972743589743594,0.46410000000000196
1,0.09000000000000001,8.4,1001,100101,18.811854700854695,0.5368999999999957
1,0.09000000000000001,9.2,1001,100101,18.65096581196582,0.6097000000000037
1,0.09000000000000001,10.0,1001,100101,18.49007692307692,0.5670000000000002
1,0.09000000000000001,10.8,1001,100101,18.329188034188036,0.49499999999999744
1,0.09000000000000001,11.600000000000001,1001,100101,18.168299145299144,0.4230000000000018
1,0.09000000000000001,12.4,1001,100101,18.00741025641026,0.3510000000000062
1,0.09000000000000001,13.2,1001,100101,17.846521367521362,0.27899999999999636
1,0.09000000000000001,14.0,1001,100101,17.685632478632485,0.20700000000000784
1,0.09000000000000001,14.8,1001,100101,17.524743589743586,0.134999999999998
1,0.09000000000000001,15.600000000000001,1001,100101,17.363854700854702,0.06300000000000239
1,0.09000000000000001,16.4,1101,110100,17.21196581196581,0.009000000000000341
1,0.09000000000000001,17.200000000000003,1101,110100,17.123076923076923,0.08100000000000307
1,0.09000000000000001,18.0,1101,110100,17.034188034188034,0.13633333333333297
1,0.09000000000000001,18.8,1101,110100,16.945299145299145,0.0474444444444444
1,0.09000000000000001,19.6,1011,101101,16.8978547008547,0.04144444444444417
1,0.09000000000000001,20.4,1011,101101,16.8978547008547,0.0455000000000112
1,0.09000000000000001,21.200000000000003,1011,101101,16.8978547008547,0.0455000000000112
1,0.09000000000000001,22.0,1011,101101,16.8978547008547,0.0455000000000112
1,0.09000000000000001,22.8,1011,101101,16.8978547008547,0.0455000000000112
1,0.09000000000000001,23.6,1011,101101,16.8978547008547,0.0455000000000112
1,0.09000000000000001,24.400000000000002,1011,101101,16.8978547008547,0.0455000000000112
1,0.09000000000000001,25.200000000000003,1011,101101,16.8978547008547,0.0455000000000112
1,0.09000000000000001,26.0,1011,101101,16.8978547008547,0.0455000000000112
1,0.09000000000000001,26.8,1011,101101,16.8978547008547,0.0455000000000112
1,0.09000000000000001,27.6,1011,101101,16.8978547008547,0.0455000000000112
1,0.09000000000000001,28.400000000000002,1011,101101,16.8978547008547,0.0455000000000112
1,0.09000000000000001,29.200000000000003,1011,101101,16.8978547008547,0.0455000000000112
1,0.09000000000000001,30.0,1011,101101,16.8978547008547,0.0455000000000112
1,0.09500000000000001,6.0,1001,100101,19.068524554941682,0.316749999999999
1,0.09500000000000001,6.8,1001,100101,18.903635666052793,0.3891500000000079
1,0.09500000000000001,7.6,1001,100101,18.738746777163904,0.46154999999999546
1,0.09500000000000001,8.4,1001,100101,18.573857888275015,0.5339500000000044
1,0.09500000000000001,9.2,1001,100101,18.408968999386126,0.5245000000000033
1,0.09500000000000001,10.0,1001,100101,18.244080110497244,0.4485000000000099
1,0.09500000000000001,10.8,1001,100101,18.079191221608355,0.3725000000000023
1,0.09500000000000001,11.600000000000001,1001,100101,17.91430233271946,0.29649999999999466
1,0.09500000000000001,12.4,1001,100101,17.749413443830576,0.22050000000000836
1,0.09500000000000001,13.2,1001,100101,17.584524554941687,0.14450000000000784
1,0.09500000000000001,14.0,1001,100101,17.41963566605279,0.06850000000000023
1,0.09500000000000001,14.8,1101,110100,17.26224677716391,0.007500000000014495
1,0.09500000000000001,15.600000000000001,1101,110100,17.173357888275014,0.0835000000000008
1,0.09500000000000001,16.4,1101,110100,17.084468999386125,0.1595000000000013
1,0.09500000000000001,17.200000000000003,1101,110100,16.995580110497237,0.23550000000000182
1,0.09500000000000001,18.0,1101,110100,16.906691221608348,0.21983333333333377
1,0.09500000000000001,18.8,1101,110100,16.817802332719452,0.1309444444444381
1,0.09500000000000001,19.6,1101,110100,16.72891344383057,0.04205555555555662
1,0.09500000000000001,20.4,1011,101101,16.686857888275014,0.0452500000000029
1,0.09500000000000001,21.200000000000003,1011,101101,16.686857888275014,0.0452500000000029
1,0.09500000000000001,22.0,1011,101101,16.686857888275014,0.0452500000000029
1,0.09500000000000001,22.8,1011,101101,16.686857888275014,0.0452500000000029
1,0.09500000000000001,23.6,1011,101101,16.686857888275014,0.0452500000000029
1,0.09500000000000001,24.400000000000002,1011,101101,16.686857888275014,0.0452500000000029
1,0.09500000000000001,25.200000000000003,1011,101101,16.686857888275014,0.0452500000000029
1,0.09500000000000001,26.0,1011,101101,16.686857888275014,0.0452500000000029
1,0.09500000000000001,26.8,1011,101101,16.686857888275014,0.0452500000000029
1,0.09500000000000001,27.6,1011,101101,16.686857888275014,0.0452500000000029
1,0.09500000000000001,28.400000000000002,1011,101101,16.686857888275014,0.0452500000000029
1,0.09500000000000001,29.200000000000003,1011,101101,16.686857888275014,0.0452500000000029
1,0.09500000000000001,30.0,1011,101101,16.686857888275014,0.0452500000000029
1,0.1,6.0,1001,100101,18.84111111111111,0.3149999999999977
1,0.1,6.8,1001,100101,18.672222222222217,0.38700000000000045
1,0.1,7.6,1001,100101,18.50333333333333,0.4590000000000032
1,0.1,8.4,1001,100101,18.33444444444445,0.4900000000000091
1,0.1,9.2,1001,100101,18.165555555555557,0.4100000000000037
1,0.1,10.0,1001,100101,17.996666666666663,0.3299999999999983
1,0.1,10.8,1001,100101,17.827777777777776,0.2499999999999929
1,0.1,11.600000000000001,1001,100101,17.65888888888889,0.1699999999999946
1,0.1,12.4,1001,100101,17.490000000000002,0.09000000000000341
1,0.1,13.2,1001,100101,17.321111111111108,0.00999999999999801
1,0.1,14.0,1101,110100,17.22222222222222,0.07000000000000739
1,0.1,14.8,1101,110100,17.13333333333334,0.15000000000000568
1,0.1,15.600000000000001,1101,110100,17.044444444444444,0.22999999999999687
1,0.1,16.4,1101,110100,16.955555555555556,0.3100000000000023
1,0.1,17.200000000000003,1101,110100,16.866666666666667,0.39000000000000057
1,0.1,18.0,1101,110100,16.77777777777778,0.30333333333333456
1,0.1,18.8,1101,110100,16.688888888888883,0.2144444444444389
1,0.1,19.6,1101,110100,16.6,0.12555555555555742
1,0.1,20.4,1101,110100,16.511111111111113,0.036666666666668846
1,0.1,21.200000000000003,1011,101101,16.474444444444444,0.0449999999999946
1,0.1,22.0,1011,101101,16.474444444444444,0.0449999999999946
1,0.1,22.8,1011,101101,16.474444444444444,0.0449999999999946
1,0.1,23.6,1011,101101,16.474444444444444,0.0449999999999946
1,0.1,24.400000000000002,1011,101101,16.474444444444444,0.0449999999999946
1,0.1,25.200000000000003,1011,101101,16.474444444444444,0.0449999999999946
1,0.1,26.0,1011,101101,16.474444444444444,0.0449999999999946
1,0.1,26.8,1011,101101,16.474444444444444,0.0449999999999946
1,0.1,27.6,1011,101101,16.474444444444444,0.0449999999999946
1,0.1,28.400000000000002,1011,101101,16.474444444444444,0.0449999999999946
1,0.1,29.200000000000003,1011,101101,16.474444444444444,0.0449999999999946
1,0.1,30.0,1011,101101,16.474444444444444,0.0449999999999946
1,0.10500000000000001,6.0,1001,100101,18.612257293606454,0.3132500000000036
1,0.10500000000000001,6.8,1001,100101,18.439368404717577,0.38485000000001435
1,0.10500000000000001,7.6,1001,100101,18.26647951582867,0.4564499999999896
1,0.10500000000000001,8.4,1001,100101,18.093590626939793,0.3795000000000073
1,0.10500000000000001,9.2,1001,100101,17.920701738050894,0.295499999999997
1,0.10500000000000001,10.0,1001,100101,17.747812849162017,0.21150000000000801
1,0.10500000000000001,10.8,1001,100101,17.574923960273125,0.12749999999999773
1,0.10500000000000001,11.600000000000001,1001,100101,17.40203507138424,0.04350000000000165
1,0.10500000000000001,12.4,1101,110100,17.269646182495343,0.040500000000001535
1,0.10500000000000001,13.2,1101,110100,17.180757293606455,0.12449999999999761
1,0.10500000000000001,14.0,1101,110100,17.091868404717566,0.2085000000000008
1,0.10500000000000001,14.8,1101,110100,17.002979515828684,0.2924999999999969
1,0.10500000000000001,15.600000000000001,1101,110100,16.91409062693979,0.37650000000000006
1,0.10500000000000001,16.4,1101,110100,16.8252017380509,0.46049999999998903
1,0.10500000000000001,17.200000000000003,1101,110100,16.73631284916201,0.47572222222222393
1,0.10500000000000001,18.0,1101,110100,16.647423960273123,0.38683333333333536
1,0.10500000000000001,18.8,1101,110100,16.558535071384227,0.2979444444444397
1,0.10500000000000001,19.6,1101,110100,16.469646182495346,0.20905555555555821
1,0.10500000000000001,20.4,1101,110100,16.380757293606457,0.12016666666666964
1,0.10500000000000001,21.200000000000003,1101,110100,16.29186840471757,0.03127777777778107
1,0.10500000000000001,22.0,1011,101101,16.260590626939788,0.04475000000000051
1,0.10500000000000001,22.8,1011,101101,16.260590626939788,0.04475000000000051
1,0.10500000000000001,23.6,1011,101101,16.260590626939788,0.04475000000000051
1,0.10500000000000001,24.400000000000002,1011,101101,16.260590626939788,0.04475000000000051
1,0.10500000000000001,25.200000000000003,1011,101101,16.260590626939788,0.04475000000000051
1,0.10500000000000001,26.0,1011,101101,16.260590626939788,0.04475000000000051
1,0.10500000000000001,26.8,1011,101101,16.260590626939788,0.04475000000000051
1,0.10500000000000001,27.6,1011,101101,16.260590626939788,0.04475000000000051
1,0.10500000000000001,28.400000000000002,1011,101101,16.260590626939788,0.04475000000000051
1,0.10500000000000001,29.200000000000003,1011,101101,16.260590626939788,0.04475000000000051
1,0.10500000000000001,30.0,1011,101101,16.260590626939788,0.04475000000000051
1,0.11000000000000001,6.0,1001,100101,18.381938826466914,0.31150000000000233
1,0.11000000000000001,6.8,1001,100101,18.205049937578032,0.3827000000000069
1,0.11000000000000001,7.6,1001,100101,18.02816104868915,0.3570000000000064
1,0.11000000000000001,8.4,1001,100101,17.85127215980026,0.26900000000001256
1,0.11000000000000001,9.2,1001,100101,17.674383270911363,0.1810000000000045
1,0.11000000000000001,10.0,1001,100101,17.497494382022467,0.09299999999999642
1,0.11000000000000001,10.8,1001,100101,17.32060549313359,0.005000000000002558
1,0.11000000000000001,11.600000000000001,1101,110100,17.2267166042447,0.08299999999999841
1,0.11000000000000001,12.4,1101,110100,17.137827715355805,0.17099999999999227
1,0.11000000000000001,13.2,1101,110100,17.048938826466916,0.25899999999999324
1,0.11000000000000001,14.0,1101,110100,16.960049937578027,0.3469999999999942
1,0.11000000000000001,14.8,1101,110100,16.871161048689146,0.4350000000000023
1,0.11000000000000001,15.600000000000001,1101,110100,16.78227215980025,0.522999999999989
1,0.11000000000000001,16.4,1101,110100,16.69338327091136,0.6109999999999971
1,0.11000000000000001,17.200000000000003,1101,110100,16.604494382022473,0.5592222222222176
1,0.11000000000000001,18.0,1101,110100,16.515605493133585,0.47033333333332905
1,0.11000000000000001,18.8,1101,110100,16.42671660424469,0.3814444444444334
1,0.11000000000000001,19.6,1101,110100,16.337827715355807,0.2925555555555519
1,0.11000000000000001,20.4,1101,110100,16.24893882646692,0.20366666666666333
1,0.11000000000000001,21.200000000000003,1101,110100,16.16004993757803,0.11477777777777476
1,0.11000000000000001,22.0,1101,110100,16.071161048689135,0.02588888888887908
1,0.11000000000000001,22.8,1011,101101,16.045272159800255,0.04450000000001353
1,0.11000000000000001,23.6,1011,101101,16.045272159800255,0.04450000000001353
1,0.11000000000000001,24.400000000000002,1011,101101,16.045272159800255,0.04450000000001353
1,0.11000000000000001,25.200000000000003,1011,101101,16.045272159800255,0.04450000000001353
1,0.11000000000000001,26.0,1011,101101,16.045272159800255,0.04450000000001353
1,0.11000000000000001,26.8,1011,101101,16.045272159800255,0.04450000000001353
1,0.11000000000000001,27.6,1011,101101,16.045272159800255,0.04450000000001353
1,0.11000000000000001,28.400000000000002,1011,101101,16.045272159800255,0.04450000000001353
1,0.11000000000000001,29.200000000000003,1011,101101,16.045272159800255,0.04450000000001353
1,0.11000000000000001,30.0,1011,101101,16.045272159800255,0.04450000000001353
1,0.11500000000000002,6.0,1001,100101,18.150130885122408,0.3097500000000011
1,0.11500000000000002,6.8,1001,100101,17.969241996233528,0.34250000000000824
1,0.11500000000000002,7.6,1001,100101,17.78835310734464,0.2505000000000095
1,0.11500000000000002,8.4,1001,100101,17.607464218455746,0.15850000000001074
1,0.11500000000000002,9.2,1001,100101,17.42657532956686,0.066500000000012
1,0.11500000000000002,10.0,1101,110100,17.27118644067796,0.02549999999999386
1,0.11500000000000002,10.8,1101,110100,17.182297551789077,0.11749999999999261
1,0.11500000000000002,11.600000000000001,1101,110100,17.09340866290019,0.20949999999999136
1,0.11500000000000002,12.4,1101,110100,17.004519774011293,0.3014999999999972
1,0.11500000000000002,13.2,1101,110100,16.915630885122404,0.39349999999998886
1,0.11500000000000002,14.0,1101,110100,16.826741996233515,0.4854999999999876
1,0.11500000000000002,14.8,1101,110100,16.737853107344634,0.5775000000000006
1,0.11500000000000002,15.600000000000001,1101,110100,16.64896421845574,0.6694999999999922
1,0.11500000000000002,16.4,1101,110100,16.56007532956685,0.7316111111110999
1,0.11500000000000002,17.200000000000003,1101,110100,16.47118644067796,0.6427222222222113
1,0.11500000000000002,18.0,1101,110100,16.382297551789073,0.5538333333333227
1,0.11500000000000002,18.8,1101,110100,16.293408662900177,0.46494444444442706
1,0.11500000000000002,19.6,1101,110100,16.204519774011295,0.3760555555555456
1,0.11500000000000002,20.4,1101,110100,16.115630885122407,0.287166666666657
1,0.11500000000000002,21.200000000000003,1101,110100,16.02674199623352,0.19827777777776845
1,0.11500000000000002,22.0,1101,110100,15.937853107344623,0.10938888888887277
1,0.11500000000000002,22.8,1101,110100,15.848964218455734,0.020499999999984198
1,0.11500000000000002,23.6,1011,101101,15.82846421845575,0.044250000000012335
1,0.11500000000000002,24.400000000000002,1011,101101,15.82846421845575,0.044250000000012335
1,0.11500000000000002,25.200000000000003,1011,101101,15.82846421845575,0.044250000000012335
1,0.11500000000000002,26.0,1011,101101,15.82846421845575,0.044250000000012335
1,0.11500000000000002,26.8,1011,101101,15.82846421845575,0.044250000000012335
1,0.11500000000000002,27.6,1011,101101,15.82846421845575,0.044250000000012335
1,0.11500000000000002,28.400000000000002,1011,101101,15.82846421845575,0.044250000000012335
1,0.11500000000000002,29.200000000000003,1011,101101,15.82846421845575,0.044250000000012335
1,0.11500000000000002,30.0,1011,101101,15.82846421845575,0.044250000000012335
1,0.12000000000000001,6.0,1001,100101,17.916808080808075,0.30799999999999983
1,0.12000000000000001,6.8,1001,100101,17.731919191919197,0.240000000000002
1,0.12000000000000001,7.6,1001,100101,17.547030303030304,0.14399999999999835
1,0.12000000000000001,8.4,1001,100101,17.362141414141412,0.04800000000000182
1,0.12000000000000001,9.2,1101,110100,17.22525252525252,0.04800000000000182
1,0.12000000000000001,10.0,1101,110100,17.136363636363633,0.14399999999999125
1,0.12000000000000001,10.8,1101,110100,17.04747474747475,0.240000000000002
1,0.12000000000000001,11.600000000000001,1101,110100,16.958585858585863,0.3359999999999985
1,0.12000000000000001,12.4,1101,110100,16.869696969696967,0.43199999999999505
1,0.12000000000000001,13.2,1101,110100,16.78080808080808,0.5279999999999987
1,0.12000000000000001,14.0,1101,110100,16.69191919191919,0.6239999999999952
1,0.12000000000000001,14.8,1101,110100,16.60303030303031,0.720000000000006
1,0.12000000000000001,15.600000000000001,1101,110100,16.514141414141413,0.8159999999999954
1,0.12000000000000001,16.4,1101,110100,16.425252525252525,0.8151111111111078
1,0.12000000000000001,17.200000000000003,1101,110100,16.336363636363636,0.7262222222222192
1,0.12000000000000001,18.0,1101,110100,16.247474747474747,0.6373333333333306
1,0.12000000000000001,18.8,1101,110100,16.15858585858585,0.548444444444435
1,0.12000000000000001,19.6,1101,110100,16.06969696969697,0.4595555555555535
1,0.12000000000000001,20.4,1101,110100,15.980808080808082,0.3706666666666649
1,0.12000000000000001,21.200000000000003,1101,110100,15.891919191919193,0.28177777777777635
1,0.12000000000000001,22.0,1101,110100,15.803030303030297,0.19288888888888067
1,0.12000000000000001,22.8,1101,110100,15.714141414141409,0.1039999999999921
1,0.12000000000000001,23.6,1101,110100,15.625252525252527,0.015111111111110631
1,0.12000000000000001,24.400000000000002,1011,101101,15.610141414141417,0.044000000000004036
1,0.12000000000000001,25.200000000000003,1011,101101,15.610141414141417,0.044000000000004036
1,0.12000000000000001,26.0,1011,101101,15.610141414141417,0.044000000000004036
1,0.12000000000000001,26.8,1011,101101,15.610141414141417,0.044000000000004036
1,0.12000000000000001,27.6,1011,101101,15.610141414141417,0.044000000000004036
1,0.12000000000000001,28.400000000000002,1011,101101,15.610141414141417,0.044000000000004036
1,0.12000000000000001,29.200000000000003,1011,101101,15.610141414141417,0.044000000000004036
1,0.12000000000000001,30.0,1011,101101,15.610141414141417,0.044000000000004036
1,0.125,6.0,1001,100101,17.681944444444447,0.23750000000000426
1,0.125,6.8,1001,100101,17.493055555555557,0.13749999999999574
1,0.125,7.6,1001,100101,17.304166666666667,0.037499999999994316
1,0.125,8.4,1101,110100,17.177777777777777,0.0625
1,0.125,9.2,1101,110100,17.08888888888889,0.16250000000000142
1,0.125,10.0,1101,110100,17.0,0.26249999999999574
1,0.125,10.8,1101,110100,16.91111111111112,0.36250000000000426
1,0.125,11.600000000000001,1101,110100,16.822222222222223,0.4625000000000057
1,0.125,12.4,1101,110100,16.733333333333334,0.5625
1,0.125,13.2,1101,110100,16.644444444444446,0.6624999999999943
1,0.125,14.0,1101,110100,16.555555555555557,0.7625000000000028
1,0.125,14.8,1101,110100,16.46666666666667,0.8625000000000043
1,0.125,15.600000000000001,1101,110100,16.37777777777778,0.9624999999999986
1,0.125,16.4,1101,110100,16.28888888888889,0.8986111111111086
1,0.125,17.200000000000003,1101,110100,16.200000000000003,0.80972222222222
1,0.125,18.0,1101,110100,16.111111111111114,0.7208333333333314
1,0.125,18.8,1101,110100,16.022222222222226,0.6319444444444429
1,0.125,19.6,1101,110100,15.933333333333337,0.5430555555555543
1,0.125,20.4,1101,110100,15.844444444444449,0.4541666666666657
1,0.125,21.200000000000003,1101,110100,15.75555555555556,0.36527777777777715
1,0.125,22.0,1101,110100,15.666666666666664,0.27638888888888147
1,0.125,22.8,1101,110100,15.577777777777776,0.1874999999999929
1,0.125,23.6,1101,110100,15.488888888888894,0.09861111111111143
1,0.125,24.400000000000002,1101,110100,15.400000000000006,0.009722222222222854
1,0.125,25.200000000000003,1011,101101,15.390277777777783,0.04375000000000284
1,0.125,26.0,1011,101101,15.390277777777783,0.04375000000000284
1,0.125,26.8,1011,101101,15.390277777777783,0.04375000000000284
1,0.125,27.6,1011,101101,15.390277777777783,0.04375000000000284
1,0.125,28.400000000000002,1011,101101,15.390277777777783,0.04375000000000284
1,0.125,29.200000000000003,1011,101101,15.390277777777783,0.04375000000000284
1,0.125,30.0,1011,101101,15.390277777777783,0.04375000000000284
1,0.13,6.0,1001,100101,17.445513409961684,0.1390000000000029
1,0.13,6.8,1001,100101,17.252624521072796,0.03499999999999659
1,0.13,7.6,1101,110100,17.12873563218391,0.06900000000000261
1,0.13,8.4,1101,110100,17.039846743295016,0.17300000000000182
1,0.13,9.2,1101,110100,16.950957854406127,0.277000000000001
1,0.13,10.0,1101,110100,16.86206896551724,0.3809999999999931
1,0.13,10.8,1101,110100,16.773180076628357,0.48499999999999943
1,0.13,11.600000000000001,1101,110100,16.68429118773946,0.5889999999999986
1,0.13,12.4,1101,110100,16.595402298850573,0.6929999999999978
1,0.13,13.2,1101,110100,16.506513409961684,0.796999999999997
1,0.13,14.0,1101,110100,16.417624521072796,0.8800000000000026
1,0.13,14.8,1101,110100,16.328735632183907,0.9600000000000009
1,0.13,15.600000000000001,1101,110100,16.23984674329502,1.0399999999999991
1,0.13,16.4,1101,110100,16.15095785440613,0.9821111111111094
1,0.13,17.200000000000003,1101,110100,16.06206896551724,0.8932222222222208
1,0.13,18.0,1101,110100,15.973180076628353,0.8043333333333322
1,0.13,18.8,1101,110100,15.884291187739464,0.7154444444444437
1,0.13,19.6,1101,110100,15.795402298850576,0.6265555555555551
1,0.13,20.4,1101,110100,15.706513409961687,0.5376666666666665
1,0.13,21.200000000000003,1101,110100,15.617624521072798,0.44877777777777794
1,0.13,22.0,1101,110100,15.528735632183903,0.35988888888888226
1,0.13,22.8,1101,110100,15.439846743295014,0.2709999999999937
1,0.13,23.6,1101,110100,15.350957854406133,0.18211111111111222
1,0.13,24.400000000000002,1101,110100,15.262068965517244,0.09322222222222365
1,0.13,25.200000000000003,1101,110100,15.173180076628348,0.004333333333327971
1,0.13,26.0,1011,101101,15.16884674329502,0.04350000000001586
1,0.13,26.8,1011,101101,15.16884674329502,0.04350000000001586
1,0.13,27.6,1011,101101,15.16884674329502,0.04350000000001586
1,0.13,28.400000000000002,1011,101101,15.16884674329502,0.04350000000001586
1,0.13,29.200000000000003,1011,101101,15.16884674329502,0.04350000000001586
1,0.13,30.0,1011,101101,15.16884674329502,0.04350000000001586
1,0.135,6.0,1001,100101,17.2074877970456,0.040500000000001535
1,0.135,6.8,1101,110100,17.07809890815672,0.06750000000000256
1,0.135,7.6,1101,110100,16.98921001926783,0.17550000000000665
1,0.135,8.4,1101,110100,16.900321130378934,0.28349999999999653
1,0.135,9.2,1101,110100,16.811432241490046,0.3914999999999935
1,0.135,10.0,1101,110100,16.722543352601157,0.4800000000000111
1,0.135,10.8,1101,110100,16.633654463712276,0.5600000000000165
1,0.135,11.600000000000001,1101,110100,16.544765574823387,0.6400000000000148
1,0.135,12.4,1101,110100,16.45587668593449,0.7200000000000131
1,0.135,13.2,1101,110100,16.366987797045603,0.8000000000000185
1,0.135,14.0,1101,110100,16.278098908156714,0.8800000000000097
1,0.135,14.8,1101,110100,16.189210019267833,0.9600000000000151
1,0.135,15.600000000000001,1101,110100,16.100321130378937,1.0400000000000063
1,0.135,16.4,1101,110100,16.01143224149005,1.0656111111111102
1,0.135,17.200000000000003,1101,110100,15.92254335260116,0.9767222222222216
1,0.135,18.0,1101,110100,15.833654463712271,0.887833333333333
1,0.135,18.8,1101,110100,15.744765574823376,0.7989444444444374
1,0.135,19.6,1101,110100,15.655876685934494,0.7100555555555559
1,0.135,20.4,1101,110100,15.566987797045606,0.6211666666666673
1,0.135,21.200000000000003,1101,110100,15.478098908156717,0.5322777777777787
1,0.135,22.0,1101,110100,15.389210019267821,0.44338888888888306
1,0.135,22.8,1101,110100,15.300321130378933,0.3544999999999945
1,0.135,23.6,1101,110100,15.211432241490051,0.265611111111113
1,0.135,24.400000000000002,1101,110100,15.122543352601163,0.17672222222222445
1,0.135,25.200000000000003,1101,110100,15.033654463712267,0.08783333333332877
1,0.135,26.0,1011,101101,14.945821130378938,0.0010555555555598062
1,0.135,26.8,1011,101101,14.945821130378938,0.043250000000000455
1,0.135,27.6,1011,101101,14.945821130378938,0.043250000000000455
1,0.135,28.400000000000002,1011,101101,14.945821130378938,0.043250000000000455
1,0.135,29.200000000000003,1011,101101,14.945821130378938,0.043250000000000455
1,0.135,30.0,1011,101101,14.945821130378938,0.043250000000000455
1,0.14,6.0,1101,110100,17.025839793281648,0.05799999999999983
1,0.14,6.8,1101,110100,16.936950904392766,0.1600000000000108
1,0.14,7.6,1101,110100,16.848062015503878,0.2400000000000091
1,0.14,8.4,1101,110100,16.759173126614982,0.3200000000000074
1,0.14,9.2,1101,110100,16.670284237726094,0.3999999999999986
1,0.14,10.0,1101,110100,16.581395348837205,0.480000000000004
1,0.14,10.8,1101,110100,16.492506459948324,0.5600000000000094
1,0.14,11.600000000000001,1101,110100,16.403617571059428,0.6400000000000006
1,0.14,12.4,1101,110100,16.31472868217054,0.720000000000006
1,0.14,13.2,1101,110100,16.22583979328165,0.8000000000000114
1,0.14,14.0,1101,110100,16.136950904392762,0.8800000000000026
1,0.14,14.8,1101,110100,16.048062015503874,0.9600000000000009
1,0.14,15.600000000000001,1101,110100,15.959173126614985,1.0399999999999991
1,0.14,16.4,1101,110100,15.870284237726096,1.1200000000000045
1,0.14,17.200000000000003,1101,110100,15.781395348837208,1.0602222222222224
1,0.14,18.0,1101,110100,15.69250645994832,0.9713333333333338
1,0.14,18.8,1101,110100,15.60361757105943,0.8824444444444453
1,0.14,19.6,1101,110100,15.514728682170542,0.7935555555555567
1,0.14,20.4,1101,110100,15.425839793281654,0.7046666666666681
1,0.14,21.200000000000003,1101,110100,15.336950904392765,0.6157777777777795
1,0.14,22.0,1101,110100,15.24806201550387,0.5268888888888839
1,0.14,22.8,1101,110100,15.15917312661498,0.4379999999999953
1,0.14,23.6,1101,110100,15.0702842377261,0.3491111111111138
1,0.14,24.400000000000002,1101,110100,14.98139534883721,0.26022222222222524
1,0.14,25.200000000000003,1101,110100,14.892506459948315,0.17133333333332956
1,0.14,26.0,1101,110100,14.803617571059426,0.08244444444444099
1,0.14,26.8,1011,101101,14.721173126614985,0.0064444444444475835
1,0.14,27.6,1011,101101,14.721173126614985,0.043000000000006366
1,0.14,28.400000000000002,1011,101101,14.721173126614985,0.043000000000006366
1,0.14,29.200000000000003,1011,101101,14.721173126614985,0.043000000000006366
1,0.14,30.0,1011,101101,14.721173126614985,0.043000000000006366
1,0.14500000000000002,6.0,1101,110100,16.88304093567251,0.0800000000000054
1,0.14500000000000002,6.8,1101,110100,16.79415204678363,0.1600000000000108
1,0.14500000000000002,7.6,1101,110100,16.70526315789474,0.2400000000000091
1,0.14500000000000002,8.4,1101,110100,16.616374269005846,0.3200000000000074
1,0.14500000000000002,9.2,1101,110100,16.527485380116957,0.3999999999999986
1,0.14500000000000002,10.0,1101,110100,16.43859649122807,0.480000000000004
1,0.14500000000000002,10.8,1101,110100,16.349707602339187,0.5600000000000094
1,0.14500000000000002,11.600000000000001,1101,110100,16.26081871345029,0.6400000000000006
1,0.14500000000000002,12.4,1101,110100,16.171929824561403,0.720000000000006
1,0.14500000000000002,13.2,1101,110100,16.083040935672514,0.8000000000000114
1,0.14500000000000002,14.0,1101,110100,15.994152046783626,0.8800000000000026
1,0.14500000000000002,14.8,1101,110100,15.905263157894737,0.9600000000000009
1,0.14500000000000002,15.600000000000001,1101,110100,15.816374269005848,1.0399999999999991
1,0.14500000000000002,16.4,1101,110100,15.72748538011696,1.1200000000000045
1,0.14500000000000002,17.200000000000003,1101,110100,15.638596491228071,1.1437222222222232
1,0.14500000000000002,18.0,1101,110100,15.549707602339183,1.0548333333333346
1,0.14500000000000002,18.8,1101,110100,15.460818713450294,0.965944444444446
1,0.14500000000000002,19.6,1101,110100,15.371929824561406,0.8770555555555575
1,0.14500000000000002,20.4,1101,110100,15.283040935672517,0.7881666666666689
1,0.14500000000000002,21.200000000000003,1101,110100,15.194152046783628,0.6992777777777803
1,0.14500000000000002,22.0,1101,110100,15.105263157894733,0.6103888888888847
1,0.14500000000000002,22.8,1101,110100,15.016374269005844,0.5214999999999961
1,0.14500000000000002,23.6,1101,110100,14.927485380116963,0.4326111111111146
1,0.14500000000000002,24.400000000000002,1101,110100,14.838596491228074,0.34372222222222604
1,0.14500000000000002,25.200000000000003,1101,110100,14.749707602339178,0.25483333333333036
1,0.14500000000000002,26.0,1101,110100,14.66081871345029,0.16594444444444179
1,0.14500000000000002,26.8,1101,110100,14.571929824561401,0.07705555555555321
1,0.14500000000000002,27.6,1011,101101,14.494874269005848,0.011833333333328255
1,0.14500000000000002,28.400000000000002,1011,101101,14.494874269005848,0.04274999999999807
1,0.14500000000000002,29.200000000000003,1011,101101,14.494874269005848,0.04274999999999807
1,0.14500000000000002,30.0,1011,101101,14.494874269005848,0.04274999999999807
1,0.15000000000000002,6.0,1101,110100,16.738562091503262,0.0799999999999983
1,0.15000000000000002,6.8,1101,110100,16.64967320261438,0.1600000000000037
1,0.15000000000000002,7.6,1101,110100,16.56078431372549,0.240000000000002
1,0.15000000000000002,8.4,1101,110100,16.471895424836596,0.3200000000000003
1,0.15000000000000002,9.2,1101,110100,16.383006535947708,0.3999999999999915
1,0.15000000000000002,10.0,1101,110100,16.29411764705882,0.4799999999999969
1,0.15000000000000002,10.8,1101,110100,16.205228758169937,0.5600000000000023
1,0.15000000000000002,11.600000000000001,1101,110100,16.11633986928105,0.6400000000000006
1,0.15000000000000002,12.4,1101,110100,16.027450980392153,0.7199999999999989
1,0.15000000000000002,13.2,1101,110100,15.938562091503265,0.8000000000000043
1,0.15000000000000002,14.0,1101,110100,15.849673202614376,0.8799999999999955
1,0.15000000000000002,14.8,1101,110100,15.760784313725495,0.9600000000000009
1,0.15000000000000002,15.600000000000001,1101,110100,15.671895424836599,1.039999999999992
1,0.15000000000000002,16.4,1101,110100,15.58300653594771,1.1199999999999974
1,0.15000000000000002,17.200000000000003,1101,110100,15.494117647058822,1.2000000000000028
1,0.15000000000000002,18.0,1101,110100,15.405228758169933,1.1133333333333368
1,0.15000000000000002,18.8,1101,110100,15.316339869281038,1.0244444444444412
1,0.15000000000000002,19.6,1101,110100,15.227450980392156,0.9355555555555597
1,0.15000000000000002,20.4,1101,110100,15.138562091503267,0.8466666666666711
1,0.15000000000000002,21.200000000000003,1101,110100,15.049673202614379,0.7577777777777825
1,0.15000000000000002,22.0,1101,110100,14.960784313725483,0.6688888888888869
1,0.15000000000000002,22.8,1101,110100,14.871895424836595,0.5799999999999983
1,0.15000000000000002,23.6,1101,110100,14.783006535947713,0.4911111111111168
1,0.15000000000000002,24.400000000000002,1101,110100,14.694117647058825,0.40222222222222825
1,0.15000000000000002,25.200000000000003,1101,110100,14.605228758169929,0.3133333333333326
1,0.15000000000000002,26.0,1101,110100,14.51633986928104,0.224444444444444
1,0.15000000000000002,26.8,1101,110100,14.427450980392152,0.13555555555555543
1,0.15000000000000002,27.6,1101,110100,14.33856209150327,0.04666666666667396
1,0.15000000000000002,28.400000000000002,0111,011110,14.291895424836596,0.024999999999991473
1,0.15000000000000002,29.200000000000003,0111,011110,14.291895424836596,0.024999999999991473
1,0.15000000000000002,30.0,0111,011110,14.291895424836596,0.024999999999991473
1,0.15500000000000003,6.0,1101,110100,16.592373438527275,0.0799999999999983
1,0.15500000000000003,6.8,1101,110100,16.503484549638394,0.1600000000000037
1,0.15500000000000003,7.6,1101,110100,16.414595660749505,0.240000000000002
1,0.15500000000000003,8.4,1101,110100,16.32570677186061,0.3199999999999932
1,0.15500000000000003,9.2,1101,110100,16.23681788297172,0.3999999999999915
1,0.15500000000000003,10.0,1101,110100,16.147928994082832,0.4799999999999969
1,0.15500000000000003,10.8,1101,110100,16.05904010519395,0.5600000000000023
1,0.15500000000000003,11.600000000000001,1101,110100,15.970151216305055,0.6399999999999935
1,0.15500000000000003,12.4,1101,110100,15.881262327416167,0.7199999999999989
1,0.15500000000000003,13.2,1101,110100,15.792373438527278,0.8000000000000043
1,0.15500000000000003,14.0,1101,110100,15.70348454963839,0.8800000000000026
1,0.15500000000000003,14.8,1101,110100,15.614595660749501,0.9599999999999937
1,0.15500000000000003,15.600000000000001,1101,110100,15.525706771860612,1.039999999999992
1,0.15500000000000003,16.4,1101,110100,15.436817882971724,1.1199999999999974
1,0.15500000000000003,17.200000000000003,1101,110100,15.347928994082835,1.2000000000000028
1,0.15500000000000003,18.0,1101,110100,15.259040105193947,1.1133333333333368
1,0.15500000000000003,18.8,1101,110100,15.170151216305058,1.0244444444444483
1,0.15500000000000003,19.6,1101,110100,15.08126232741617,0.9355555555555597
1,0.15500000000000003,20.4,1101,110100,14.99237343852728,0.8466666666666711
1,0.15500000000000003,21.200000000000003,1101,110100,14.903484549638392,0.7577777777777825
1,0.15500000000000003,22.0,1101,110100,14.814595660749497,0.6688888888888869
1,0.15500000000000003,22.8,1101,110100,14.725706771860608,0.5799999999999983
1,0.15500000000000003,23.6,1101,110100,14.636817882971727,0.4911111111111168
1,0.15500000000000003,24.400000000000002,1101,110100,14.547928994082838,0.40222222222222825
1,0.15500000000000003,25.200000000000003,1101,110100,14.459040105193942,0.3133333333333326
1,0.15500000000000003,26.0,1101,110100,14.370151216305054,0.224444444444444
1,0.15500000000000003,26.8,1101,110100,14.281262327416165,0.13555555555555543
1,0.15500000000000003,27.6,1101,110100,14.192373438527284,0.04666666666667396
1,0.15500000000000003,28.400000000000002,0111,011110,14.14570677186061,0.04222222222222172
1,0.15500000000000003,29.200000000000003,0111,011110,14.14570677186061,0.10849999999998516
1,0.15500000000000003,30.0,0111,011110,14.14570677186061,0.10849999999998516
1,0.16000000000000003,6.0,1101,110100,16.444444444444436,0.0799999999999983
1,0.16000000000000003,6.8,1101,110100,16.355555555555554,0.1600000000000037
1,0.16000000000000003,7.6,1101,110100,16.266666666666666,0.240000000000002
1,0.16000000000000003,8.4,1101,110100,16.17777777777777,0.3200000000000003
1,0.16000000000000003,9.2,1101,110100,16.08888888888888,0.3999999999999915
1,0.16000000000000003,10.0,1101,110100,15.999999999999993,0.4799999999999969
1,0.16000000000000003,10.8,1101,110100,15.911111111111111,0.5600000000000023
1,0.16000000000000003,11.600000000000001,1101,110100,15.822222222222223,0.6400000000000006
1,0.16000000000000003,12.4,1101,110100,15.733333333333327,0.7199999999999989
1,0.16000000000000003,13.2,1101,110100,15.644444444444439,0.8000000000000043
1,0.16000000000000003,14.0,1101,110100,15.55555555555555,0.8799999999999955
1,0.16000000000000003,14.8,1101,110100,15.466666666666669,0.9600000000000009
1,0.16000000000000003,15.600000000000001,1101,110100,15.377777777777773,1.039999999999992
1,0.16000000000000003,16.4,1101,110100,15.288888888888884,1.1199999999999974
1,0.16000000000000003,17.200000000000003,1101,110100,15.199999999999996,1.2000000000000028
1,0.16000000000000003,18.0,1101,110100,15.111111111111107,1.1133333333333368
1,0.16000000000000003,18.8,1101,110100,15.022222222222211,1.0244444444444412
1,0.16000000000000003,19.6,1101,110100,14.93333333333333,0.9355555555555597
1,0.16000000000000003,20.4,1101,110100,14.844444444444441,0.8466666666666711
1,0.16000000000000003,21.200000000000003,1101,110100,14.755555555555553,0.7577777777777825
1,0.16000000000000003,22.0,1101,110100,14.666666666666657,0.6688888888888869
1,0.16000000000000003,22.8,1101,110100,14.577777777777769,0.5799999999999983
1,0.16000000000000003,23.6,1101,110100,14.488888888888887,0.4911111111111168
1,0.16000000000000003,24.400000000000002,1101,110100,14.399999999999999,0.40222222222222825
1,0.16000000000000003,25.200000000000003,1101,110100,14.311111111111103,0.3133333333333326
1,0.16000000000000003,26.0,1101,110100,14.222222222222214,0.224444444444444
1,0.16000000000000003,26.8,1101,110100,14.133333333333326,0.13555555555555543
1,0.16000000000000003,27.6,1101,110100,14.044444444444444,0.04666666666667396
1,0.16000000000000003,28.400000000000002,0111,011110,13.99777777777777,0.04222222222222172
1,0.16000000000000003,29.200000000000003,0111,011110,13.99777777777777,0.1311111111111103
1,0.16000000000000003,30.0,0111,011110,13.99777777777777,0.19199999999999307
1,0.16500000000000004,6.0,1101,110100,16.29474384564204,0.0799999999999983
1,0.16500000000000004,6.8,1101,110100,16.205854956753157,0.1600000000000037
1,0.16500000000000004,7.6,1101,110100,16.11696606786427,0.240000000000002
1,0.16500000000000004,8.4,1101,110100,16.028077178975373,0.3200000000000003
1,0.16500000000000004,9.2,1101,110100,15.939188290086484,0.3999999999999915
1,0.16500000000000004,10.0,1101,110100,15.850299401197596,0.4799999999999969
1,0.16500000000000004,10.8,1101,110100,15.761410512308714,0.5600000000000023
1,0.16500000000000004,11.600000000000001,1101,110100,15.672521623419826,0.6400000000000006
1,0.16500000000000004,12.4,1101,110100,15.58363273453093,0.7199999999999989
1,0.16500000000000004,13.2,1101,110100,15.494743845642041,0.8000000000000043
1,0.16500000000000004,14.0,1101,110100,15.405854956753153,0.8799999999999955
1,0.16500000000000004,14.8,1101,110100,15.316966067864271,0.9600000000000009
1,0.16500000000000004,15.600000000000001,1101,110100,15.228077178975376,1.039999999999992
1,0.16500000000000004,16.4,1101,110100,15.139188290086487,1.1199999999999974
1,0.16500000000000004,17.200000000000003,1101,110100,15.050299401197599,1.2000000000000028
1,0.16500000000000004,18.0,1101,110100,14.96141051230871,1.1133333333333368
1,0.16500000000000004,18.8,1101,110100,14.872521623419814,1.0244444444444412
1,0.16500000000000004,19.6,1101,110100,14.783632734530933,0.9355555555555597
1,0.16500000000000004,20.4,1101,110100,14.694743845642044,0.8466666666666711
1,0.16500000000000004,21.200000000000003,1101,110100,14.605854956753156,0.7577777777777825
1,0.16500000000000004,22.0,1101,110100,14.51696606786426,0.6688888888888869
1,0.16500000000000004,22.8,1101,110100,14.428077178975371,0.5799999999999983
1,0.16500000000000004,23.6,1101,110100,14.33918829008649,0.4911111111111168
1,0.16500000000000004,24.400000000000002,1101,110100,14.250299401197601,0.40222222222222825
1,0.16500000000000004,25.200000000000003,1101,110100,14.161410512308706,0.3133333333333326
1,0.16500000000000004,26.0,1101,110100,14.072521623419817,0.224444444444444
1,0.16500000000000004,26.8,1101,110100,13.983632734530929,0.13555555555555543
1,0.16500000000000004,27.6,1101,110100,13.894743845642047,0.04666666666667396
1,0.16500000000000004,28.400000000000002,0111,011110,13.848077178975373,0.04222222222222172
1,0.16500000000000004,29.200000000000003,0111,011110,13.848077178975373,0.1311111111111103
1,0.16500000000000004,30.0,0111,011110,13.848077178975373,0.21999999999999886
1,0.17000000000000004,6.0,1101,110100,16.143239625167325,0.0799999999999983
1,0.17000000000000004,6.8,1101,110100,16.054350736278444,0.1600000000000037
1,0.17000000000000004,7.6,1101,110100,15.965461847389555,0.240000000000002
1,0.17000000000000004,8.4,1101,110100,15.87657295850066,0.3199999999999932
1,0.17000000000000004,9.2,1101,110100,15.787684069611771,0.3999999999999915
1,0.17000000000000004,10.0,1101,110100,15.698795180722882,0.4799999999999969
1,0.17000000000000004,10.8,1101,110100,15.609906291834001,0.5600000000000023
1,0.17000000000000004,11.600000000000001,1101,110100,15.521017402945105,0.6399999999999935
1,0.17000000000000004,12.4,1101,110100,15.432128514056217,0.7199999999999989
1,0.17000000000000004,13.2,1101,110100,15.343239625167328,0.8000000000000043
1,0.17000000000000004,14.0,1101,110100,15.25435073627844,0.8800000000000026
1,0.17000000000000004,14.8,1101,110100,15.165461847389551,0.9599999999999937
1,0.17000000000000004,15.600000000000001,1101,110100,15.076572958500662,1.039999999999992
1,0.17000000000000004,16.4,1101,110100,14.987684069611774,1.1199999999999974
1,0.17000000000000004,17.200000000000003,1101,110100,14.898795180722885,1.2000000000000028
1,0.17000000000000004,18.0,1101,110100,14.809906291833997,1.1133333333333368
1,0.17000000000000004,18.8,1101,110100,14.721017402945108,1.0244444444444483
1,0.17000000000000004,19.6,1101,110100,14.63212851405622,0.9355555555555597
1,0.17000000000000004,20.4,1101,110100,14.543239625167331,0.8466666666666711
1,0.17000000000000004,21.200000000000003,1101,110100,14.454350736278442,0.7577777777777825
1,0.17000000000000004,22.0,1101,110100,14.365461847389547,0.6688888888888869
1,0.17000000000000004,22.8,1101,110100,14.276572958500658,0.5799999999999983
1,0.17000000000000004,23.6,1101,110100,14.187684069611777,0.4911111111111168
1,0.17000000000000004,24.400000000000002,1101,110100,14.098795180722888,0.40222222222222825
1,0.17000000000000004,25.200000000000003,1101,110100,14.009906291833992,0.3133333333333326
1,0.17000000000000004,26.0,1101,110100,13.921017402945104,0.224444444444444
1,0.17000000000000004,26.8,1101,110100,13.832128514056215,0.13555555555555543
1,0.17000000000000004,27.6,1101,110100,13.743239625167334,0.04666666666667396
1,0.17000000000000004,28.400000000000002,0111,011110,13.69657295850066,0.04222222222222172
1,0.17000000000000004,29.200000000000003,0111,011110,13.69657295850066,0.1311111111111103
1,0.17000000000000004,30.0,0111,011110,13.69657295850066,0.21999999999999886
1,0.17500000000000004,6.0,1101,110100,15.989898989898983,0.0799999999999983
1,0.17500000000000004,6.8,1101,110100,15.901010101010101,0.1600000000000037
1,0.17500000000000004,7.6,1101,110100,15.812121212121212,0.240000000000002
1,0.17500000000000004,8.4,1101,110100,15.723232323232317,0.3200000000000003
1,0.17500000000000004,9.2,1101,110100,15.634343434343428,0.3999999999999915
1,0.17500000000000004,10.0,1101,110100,15.54545454545454,0.4799999999999969
1,0.17500000000000004,10.8,1101,110100,15.456565656565658,0.5600000000000023
1,0.17500000000000004,11.600000000000001,1101,110100,15.36767676767677,0.6400000000000006
1,0.17500000000000004,12.4,1101,110100,15.278787878787874,0.7199999999999989
1,0.17500000000000004,13.2,1101,110100,15.189898989898985,0.8000000000000043
1,0.17500000000000004,14.0,1101,110100,15.101010101010097,0.8799999999999955
1,0.17500000000000004,14.8,1101,110100,15.012121212121215,0.9600000000000009
1,0.17500000000000004,15.600000000000001,1101,110100,14.92323232323232,1.039999999999992
1,0.17500000000000004,16.4,1101,110100,14.834343434343431,1.1199999999999974
1,0.17500000000000004,17.200000000000003,1101,110100,14.745454545454542,1.2000000000000028
1,0.17500000000000004,18.0,1101,110100,14.656565656565654,1.1133333333333368
1,0.17500000000000004,18.8,1101,110100,14.567676767676758,1.0244444444444412
1,0.17500000000000004,19.6,1101,110100,14.478787878787877,0.9355555555555597
1,0.17500000000000004,20.4,1101,110100,14.389898989898988,0.8466666666666711
1,0.17500000000000004,21.200000000000003,1101,110100,14.3010101010101,0.7577777777777825
1,0.17500000000000004,22.0,1101,110100,14.212121212121204,0.6688888888888869
1,0.17500000000000004,22.8,1101,110100,14.123232323232315,0.5799999999999983
1,0.17500000000000004,23.6,1101,110100,14.034343434343434,0.4911111111111168
1,0.17500000000000004,24.400000000000002,1101,110100,13.945454545454545,0.40222222222222825
1,0.17500000000000004,25.200000000000003,1101,110100,13.85656565656565,0.3133333333333326
1,0.17500000000000004,26.0,1101,110100,13.767676767676761,0.224444444444444
1,0.17500000000000004,26.8,1101,110100,13.678787878787873,0.13555555555555543
1,0.17500000000000004,27.6,1101,110100,13.589898989898991,0.04666666666667396
1,0.17500000000000004,28.400000000000002,0111,011110,13.543232323232317,0.04222222222222172
1,0.17500000000000004,29.200000000000003,0111,011110,13.543232323232317,0.1311111111111103
1,0.17500000000000004,30.0,0111,011110,13.543232323232317,0.21999999999999886
1,0.18000000000000005,6.0,1101,110100,15.834688346883468,0.0800000000000054
1,0.18000000000000005,6.8,1101,110100,15.745799457994586,0.1600000000000108
1,0.18000000000000005,7.6,1101,110100,15.656910569105698,0.2400000000000091
1,0.18000000000000005,8.4,1101,110100,15.568021680216802,0.3200000000000074
1,0.18000000000000005,9.2,1101,110100,15.479132791327913,0.3999999999999986
1,0.18000000000000005,10.0,1101,110100,15.390243902439025,0.480000000000004
1,0.18000000000000005,10.8,1101,110100,15.301355013550143,0.5600000000000094
1,0.18000000000000005,11.600000000000001,1101,110100,15.212466124661248,0.6400000000000006
1,0.18000000000000005,12.4,1101,110100,15.123577235772359,0.720000000000006
1,0.18000000000000005,13.2,1101,110100,15.03468834688347,0.8000000000000114
1,0.18000000000000005,14.0,1101,110100,14.945799457994582,0.8800000000000026
1,0.18000000000000005,14.8,1101,110100,14.856910569105693,0.9600000000000009
1,0.18000000000000005,15.600000000000001,1101,110100,14.768021680216805,1.0399999999999991
1,0.18000000000000005,16.4,1101,110100,14.679132791327916,1.1200000000000045
1,0.18000000000000005,17.200000000000003,1101,110100,14.590243902439028,1.20000000000001
1,0.18000000000000005,18.0,1101,110100,14.501355013550139,1.113333333333344
1,0.18000000000000005,18.8,1101,110100,14.41246612466125,1.0244444444444554
1,0.18000000000000005,19.6,1101,110100,14.323577235772362,0.9355555555555668
1,0.18000000000000005,20.4,1101,110100,14.234688346883473,0.8466666666666782
1,0.18000000000000005,21.200000000000003,1101,110100,14.145799457994585,0.7577777777777897
1,0.18000000000000005,22.0,1101,110100,14.056910569105689,0.668888888888894
1,0.18000000000000005,22.8,1101,110100,13.9680216802168,0.5800000000000054
1,0.18000000000000005,23.6,1101,110100,13.879132791327919,0.49111111111112393
1,0.18000000000000005,24.400000000000002,1101,110100,13.79024390243903,0.40222222222223536
1,0.18000000000000005,25.200000000000003,1101,110100,13.701355013550135,0.3133333333333397
1,0.18000000000000005,26.0,1101,110100,13.612466124661246,0.2244444444444511
1,0.18000000000000005,26.8,1101,110100,13.523577235772358,0.13555555555556253
1,0.18000000000000005,27.6,1101,110100,13.434688346883476,0.04666666666668107
1,0.18000000000000005,28.400000000000002,0111,011110,13.388021680216795,0.04222222222221461
1,0.18000000000000005,29.200000000000003,0111,011110,13.388021680216795,0.13111111111110318
1,0.18000000000000005,30.0,0111,011110,13.388021680216795,0.21999999999999176
1,0.18500000000000005,6.0,1101,110100,15.677573278800267,0.0800000000000054
1,0.18500000000000005,6.8,1101,110100,15.588684389911386,0.1600000000000108
1,0.18500000000000005,7.6,1101,110100,15.499795501022497,0.2400000000000091
1,0.18500000000000005,8.4,1101,110100,15.410906612133601,0.3200000000000074
1,0.18500000000000005,9.2,1101,110100,15.322017723244713,0.3999999999999986
1,0.18500000000000005,10.0,1101,110100,15.233128834355824,0.480000000000004
1,0.18500000000000005,10.8,1101,110100,15.144239945466943,0.5600000000000094
1,0.18500000000000005,11.600000000000001,1101,110100,15.055351056578047,0.6400000000000006
1,0.18500000000000005,12.4,1101,110100,14.966462167689158,0.720000000000006
1,0.18500000000000005,13.2,1101,110100,14.87757327880027,0.8000000000000114
1,0.18500000000000005,14.0,1101,110100,14.788684389911381,0.8800000000000026
1,0.18500000000000005,14.8,1101,110100,14.699795501022493,0.9600000000000009
1,0.18500000000000005,15.600000000000001,1101,110100,14.610906612133604,1.0399999999999991
1,0.18500000000000005,16.4,1101,110100,14.522017723244716,1.1200000000000045
1,0.18500000000000005,17.200000000000003,1101,110100,14.433128834355827,1.20000000000001
1,0.18500000000000005,18.0,1101,110100,14.344239945466938,1.113333333333344
1,0.18500000000000005,18.8,1101,110100,14.25535105657805,1.0244444444444554
1,0.18500000000000005,19.6,1101,110100,14.166462167689161,0.9355555555555668
1,0.18500000000000005,20.4,1101,110100,14.077573278800273,0.8466666666666782
1,0.18500000000000005,21.200000000000003,1101,110100,13.988684389911384,0.7577777777777897
1,0.18500000000000005,22.0,1101,110100,13.899795501022489,0.668888888888894
1,0.18500000000000005,22.8,1101,110100,13.8109066121336,0.5800000000000054
1,0.18500000000000005,23.6,1101,110100,13.722017723244718,0.49111111111112393
1,0.18500000000000005,24.400000000000002,1101,110100,13.63312883435583,0.40222222222223536
1,0.18500000000000005,25.200000000000003,1101,110100,13.544239945466934,0.3133333333333397
1,0.18500000000000005,26.0,1101,110100,13.455351056578046,0.2244444444444511
1,0.18500000000000005,26.8,1101,110100,13.366462167689157,0.13555555555556253
1,0.18500000000000005,27.6,1101,110100,13.277573278800276,0.04666666666668107
1,0.18500000000000005,28.400000000000002,0111,011110,13.230906612133595,0.04222222222221461
1,0.18500000000000005,29.200000000000003,0111,011110,13.230906612133595,0.13111111111110318
1,0.18500000000000005,30.0,0111,011110,13.230906612133595,0.21999999999999176
1,0.19,6.0,1101,110100,15.518518518518519,0.0800000000000054
1,0.19,6.8,1101,110100,15.429629629629638,0.1600000000000108
1,0.19,7.6,1101,110100,15.340740740740749,0.2400000000000091
1,0.19,8.4,1101,110100,15.251851851851853,0.3200000000000074
1,0.19,9.2,1101,110100,15.162962962962965,0.3999999999999986
1,0.19,10.0,1101,110100,15.074074074074076,0.480000000000004
1,0.19,10.8,1101,110100,14.985185185185195,0.5600000000000094
1,0.19,11.600000000000001,1101,110100,14.896296296296299,0.6400000000000006
1,0.19,12.4,1101,110100,14.80740740740741,0.720000000000006
1,0.19,13.2,1101,110100,14.718518518518522,0.8000000000000114
1,0.19,14.0,1101,110100,14.629629629629633,0.8800000000000026
1,0.19,14.8,1101,110100,14.540740740740745,0.9600000000000009
1,0.19,15.600000000000001,1101,110100,14.451851851851856,1.0399999999999991
1,0.19,16.4,1101,110100,14.362962962962968,1.1200000000000045
1,0.19,17.200000000000003,1101,110100,14.274074074074079,1.20000000000001
1,0.19,18.0,1101,110100,14.18518518518519,1.113333333333344
1,0.19,18.8,1101,110100,14.096296296296302,1.0244444444444554
1,0.19,19.6,1101,110100,14.007407407407413,0.9355555555555668
1,0.19,20.4,1101,110100,13.918518518518525,0.8466666666666782
1,0.19,21.200000000000003,1101,110100,13.829629629629636,0.7577777777777897
1,0.19,22.0,1101,110100,13.74074074074074,0.668888888888894
1,0.19,22.8,1101,110100,13.651851851851852,0.5800000000000054
1,0.19,23.6,1101,110100,13.56296296296297,0.49111111111112393
1,0.19,24.400000000000002,1101,110100,13.474074074074082,0.40222222222223536
1,0.19,25.200000000000003,1101,110100,13.385185185185186,0.3133333333333397
1,0.19,26.0,1101,110100,13.296296296296298,0.2244444444444511
1,0.19,26.8,1101,110100,13.207407407407409,0.13555555555556253
1,0.19,27.6,1101,110100,13.118518518518528,0.04666666666668107
1,0.19,28.400000000000002,0111,011110,13.071851851851847,0.04222222222221461
1,0.19,29.200000000000003,0111,011110,13.071851851851847,0.13111111111110318
1,0.19,30.0,0111,011110,13.071851851851847,0.21999999999999176
1,0.195,6.0,1101,110100,15.35748792270531,0.0800000000000054
1,0.195,6.8,1101,110100,15.268599033816429,0.1600000000000108
1,0.195,7.6,1101,110100,15.17971014492754,0.2400000000000091
1,0.195,8.4,1101,110100,15.090821256038645,0.3200000000000003
1,0.195,9.2,1101,110100,15.001932367149756,0.3999999999999986
1,0.195,10.0,1101,110100,14.913043478260867,0.480000000000004
1,0.195,10.8,1101,110100,14.824154589371986,0.5600000000000094
1,0.195,11.600000000000001,1101,110100,14.735265700483097,0.6400000000000077
1,0.195,12.4,1101,110100,14.646376811594202,0.720000000000006
1,0.195,13.2,1101,110100,14.557487922705313,0.8000000000000114
1,0.195,14.0,1101,110100,14.468599033816425,0.8800000000000097
1,0.195,14.8,1101,110100,14.379710144927543,0.960000000000008
1,0.195,15.600000000000001,1101,110100,14.290821256038647,1.0399999999999991
1,0.195,16.4,1101,110100,14.201932367149759,1.1200000000000045
1,0.195,17.200000000000003,1101,110100,14.11304347826087,1.20000000000001
1,0.195,18.0,1101,110100,14.024154589371982,1.113333333333344
1,0.195,18.8,1101,110100,13.935265700483086,1.0244444444444483
1,0.195,19.6,1101,110100,13.846376811594205,0.9355555555555668
1,0.195,20.4,1101,110100,13.757487922705316,0.8466666666666782
1,0.195,21.200000000000003,1101,110100,13.668599033816427,0.7577777777777897
1,0.195,22.0,1101,110100,13.579710144927532,0.668888888888894
1,0.195,22.8,1101,110100,13.490821256038643,0.5800000000000054
1,0.195,23.6,1101,110100,13.401932367149762,0.49111111111112393
1,0.195,24.400000000000002,1101,110100,13.313043478260873,0.40222222222223536
1,0.195,25.200000000000003,1101,110100,13.224154589371977,0.3133333333333397
1,0.195,26.0,1101,110100,13.135265700483089,0.2244444444444511
1,0.195,26.8,1101,110100,13.0463768115942,0.13555555555556253
1,0.195,27.6,1101,110100,12.957487922705319,0.04666666666668107
1,0.195,28.400000000000002,0111,011110,12.910821256038638,0.04222222222221461
1,0.195,29.200000000000003,0111,011110,12.910821256038638,0.13111111111110318
1,0.195,30.0,0111,011110,12.910821256038638,0.21999999999999176
1,0.2,6.0,1101,110100,15.194444444444443,0.0800000000000054
1,0.2,6.8,1101,110100,15.105555555555561,0.1600000000000108
1,0.2,7.6,1101,110100,15.016666666666673,0.2400000000000091
1,0.2,8.4,1101,110100,14.927777777777777,0.3200000000000074
1,0.2,9.2,1101,110100,14.838888888888889,0.3999999999999986
1,0.2,10.0,1101,110100,14.75,0.480000000000004
1,0.2,10.8,1101,110100,14.661111111111119,0.5600000000000094
1,0.2,11.600000000000001,1101,110100,14.572222222222223,0.6400000000000006
1,0.2,12.4,1101,110100,14.483333333333334,0.720000000000006
1,0.2,13.2,1101,110100,14.394444444444446,0.8000000000000114
1,0.2,14.0,1101,110100,14.305555555555557,0.8800000000000026
1,0.2,14.8,1101,110100,14.216666666666669,0.9600000000000009
1,0.2,15.600000000000001,1101,110100,14.12777777777778,1.0399999999999991
1,0.2,16.4,1101,110100,14.038888888888891,1.1200000000000045
1,0.2,17.200000000000003,1101,110100,13.950000000000003,1.20000000000001
1,0.2,18.0,1101,110100,13.861111111111114,1.113333333333344
1,0.2,18.8,1101,110100,13.772222222222226,1.0244444444444554
1,0.2,19.6,1101,110100,13.683333333333337,0.9355555555555668
1,0.2,20.4,1101,110100,13.594444444444449,0.8466666666666782
1,0.2,21.200000000000003,1101,110100,13.50555555555556,0.7577777777777897
1,0.2,22.0,1101,110100,13.416666666666664,0.668888888888894
1,0.2,22.8,1101,110100,13.327777777777776,0.5800000000000054
1,0.2,23.6,1101,110100,13.238888888888894,0.49111111111112393
1,0.2,24.400000000000002,1101,110100,13.150000000000006,0.40222222222223536
1,0.2,25.200000000000003,1101,110100,13.06111111111111,0.3133333333333397
1,0.2,26.0,1101,110100,12.972222222222221,0.2244444444444511
1,0.2,26.8,1101,110100,12.883333333333333,0.13555555555556253
1,0.2,27.6,1101,110100,12.794444444444451,0.04666666666668107
1,0.2,28.400000000000002,0111,011110,12.74777777777777,0.04222222222221461
1,0.2,29.200000000000003,0111,011110,12.74777777777777,0.13111111111110318
1,0.2,30.0,0111,011110,12.74777777777777,0.21999999999999176
