n,accept_boundary,reject_boundary,accept_tail_prob_at_p0,reject_tail_prob_at_p0
10,,4.0,,0.01279519840000001
20,,5.0,,0.04317449528446346
22,0.0,6.0,0.09847709021836108,0.018215981058799076
40,1.0,8.0,0.08047369601447737,0.041901942673363834
60,2.0,11.0,0.05304508181599281,0.03420912307873303
80,4.0,14.0,0.08797123341570506,0.026748808821420902
100,5.0,16.0,0.057576886487034094,0.03989052711108349
160,10.0,23.0,0.06703445140461282,0.048718509673628514
200,14.0,28.0,0.09294617949910455,0.04342849961061074
